title,authors,year,venue,doi,url,citation_count,semantic_scholar_id,abstract,year_mean,year_std,year_zscore,global_z,percentile_bucket
Mitigating Unwanted Biases with Adversarial Learning,"B. Zhang, Blake Lemoine, Margaret Mitchell",2018,"AAAI/ACM Conference on AI, Ethics, and Society",10.1145/3278721.3278779,https://www.semanticscholar.org/paper/c7330852a07170cd0e6990f5fbde5fca12b6ccd6,1587,c7330852a07170cd0e6990f5fbde5fca12b6ccd6,"Machine learning is a tool for building models that accurately represent input training data. When undesired biases concerning demographic groups are in the training data, well-trained models will reflect those biases. We present a framework for mitigating such biases by including a variable for the group of interest and simultaneously learning a predictor and an adversary. The input to the network X, here text or census data, produces a prediction Y, such as an analogy completion or income bracket, while the adversary tries to model a protected variable Z, here gender or zip code. The objective is to maximize the predictor's ability to predict Y while minimizing the adversary's ability to predict Z. Applied to analogy completion, this method results in accurate predictions that exhibit less evidence of stereotyping Z. When applied to a classification task using the UCI Adult (Census) Dataset, it results in a predictive model that does not lose much accuracy while achieving very close to equality of odds (Hardt, et al., 2016). The method is flexible and applicable to multiple definitions of fairness as well as a wide range of gradient-based learning models, including both regression and classification tasks.",90.46774193548389,228.93937330061112,6.5368059521132675,14.69611305471406,Top 5%
Fooling LIME and SHAP: Adversarial Attacks on Post hoc Explanation Methods,"Dylan Slack, Sophie Hilgard, Emily Jia, Sameer Singh, Himabindu Lakkaraju",2019,"AAAI/ACM Conference on AI, Ethics, and Society",10.1145/3375627.3375830,https://www.semanticscholar.org/paper/653864b10564ab4712c07a3d4043a1d794b13c46,991,653864b10564ab4712c07a3d4043a1d794b13c46,"As machine learning black boxes are increasingly being deployed in domains such as healthcare and criminal justice, there is growing emphasis on building tools and techniques for explaining these black boxes in an interpretable manner. Such explanations are being leveraged by domain experts to diagnose systematic errors and underlying biases of black boxes. In this paper, we demonstrate that post hoc explanations techniques that rely on input perturbations, such as LIME and SHAP, are not reliable. Specifically, we propose a novel scaffolding technique that effectively hides the biases of any given classifier by allowing an adversarial entity to craft an arbitrary desired explanation. Our approach can be used to scaffold any biased classifier in such a way that its predictions on the input data distribution still remain biased, but the post hoc explanations of the scaffolded classifier look innocuous. Using extensive evaluation with multiple real world datasets (including COMPAS), we demonstrate how extremely biased (racist) classifiers crafted by our framework can easily fool popular explanation techniques such as LIME and SHAP into generating innocuous explanations which do not reflect the underlying biases.",87.5909090909091,155.04430902886364,5.826780077048225,9.05262612493588,Top 5%
Measuring and Mitigating Unintended Bias in Text Classification,"Lucas Dixon, John Li, Jeffrey Scott Sorensen, Nithum Thain, Lucy Vasserman",2018,"AAAI/ACM Conference on AI, Ethics, and Society",10.1145/3278721.3278729,https://www.semanticscholar.org/paper/44fc8d79fb8e0f8c6c6f680179b5803a789c6227,865,44fc8d79fb8e0f8c6c6f680179b5803a789c6227,"We introduce and illustrate a new approach to measuring and mitigating unintended bias in machine learning models. Our definition of unintended bias is parameterized by a test set and a subset of input features. We illustrate how this can be used to evaluate text classifiers using a synthetic test set and a public corpus of comments annotated for toxicity from Wikipedia Talk pages. We also demonstrate how imbalances in training data can lead to unintended bias in the resulting models, and therefore potentially unfair applications. We use a set of common demographic identity terms as the subset of input features on which we measure bias. This technique permits analysis in the common scenario where demographic information on authors and readers is unavailable, so that bias mitigation must focus on the content of the text itself. The mitigation method we introduce is an unsupervised approach based on balancing the training dataset. We demonstrate that this approach reduces the unintended bias without compromising overall model quality.",90.46774193548389,228.93937330061112,3.383132603615145,7.859539961929081,Top 5%
Actionable Auditing: Investigating the Impact of Publicly Naming Biased Performance Results of Commercial AI Products,"Inioluwa Deborah Raji, Joy Buolamwini",2019,"AAAI/ACM Conference on AI, Ethics, and Society",10.1145/3306618.3314244,https://www.semanticscholar.org/paper/5c5105eb4923932f6489b69a7651bff5cbcb77fe,648,5c5105eb4923932f6489b69a7651bff5cbcb77fe,"Although algorithmic auditing has emerged as a key strategy to expose systematic biases embedded in software platforms, we struggle to understand the real-world impact of these audits, as scholarship on the impact of algorithmic audits on increasing algorithmic fairness and transparency in commercial systems is nascent. To analyze the impact of publicly naming and disclosing performance results of biased AI systems, we investigate the commercial impact of Gender Shades, the first algorithmic audit of gender and skin type performance disparities in commercial facial analysis models. This paper 1) outlines the audit design and structured disclosure procedure used in the Gender Shades study, 2) presents new performance metrics from targeted companies IBM, Microsoft and Megvii (Face++) on the Pilot Parliaments Benchmark (PPB) as of August 2018, 3) provides performance results on PPB by non-target companies Amazon and Kairos and, 4) explores differences in company responses as shared through corporate communications that contextualize differences in performance on PPB. Within 7 months of the original audit, we find that all three targets released new API versions. All targets reduced accuracy disparities between males and females and darker and lighter-skinned subgroups, with the most significant update occurring for the darker-skinned female subgroup, that underwent a 17.7% - 30.4% reduction in error between audit periods. Minimizing these disparities led to a 5.72% to 8.3% reduction in overall error on the Pilot Parliaments Benchmark (PPB) for target corporation APIs. The overall performance of non-targets Amazon and Kairos lags significantly behind that of the targets, with error rates of 8.66% and 6.60% overall, and error rates of 31.37% and 22.50% for the darker female subgroup, respectively.",87.5909090909091,155.04430902886364,3.6145092613800034,5.804780458972931,Top 5%
Multiaccuracy: Black-Box Post-Processing for Fairness in Classification,"Michael P. Kim, Amirata Ghorbani, James Y. Zou",2018,"AAAI/ACM Conference on AI, Ethics, and Society",10.1145/3306618.3314287,https://www.semanticscholar.org/paper/641076d8786511559cd31b96fc2c93426120ad47,377,641076d8786511559cd31b96fc2c93426120ad47,"Prediction systems are successfully deployed in applications ranging from disease diagnosis, to predicting credit worthiness, to image recognition. Even when the overall accuracy is high, these systems may exhibit systematic biases that harm specific subpopulations; such biases may arise inadvertently due to underrepresentation in the data used to train a machine-learning model, or as the result of intentional malicious discrimination. We develop a rigorous framework of *multiaccuracy* auditing and post-processing to ensure accurate predictions across *identifiable subgroups*. Our algorithm, MULTIACCURACY-BOOST, works in any setting where we have black-box access to a predictor and a relatively small set of labeled data for auditing; importantly, this black-box framework allows for improved fairness and accountability of predictions, even when the predictor is minimally transparent. We prove that MULTIACCURACY-BOOST converges efficiently and show that if the initial model is accurate on an identifiable subgroup, then the post-processed model will be also. We experimentally demonstrate the effectiveness of the approach to improve the accuracy among minority subgroups in diverse applications (image classification, finance, population health). Interestingly, MULTIACCURACY-BOOST can improve subpopulation accuracy (e.g. for ""black women"") even when the sensitive features (e.g. ""race"", ""gender"") are not given to the algorithm explicitly.",90.46774193548389,228.93937330061112,1.2515639137715384,3.238698314728154,Top 5%
Saving Face: Investigating the Ethical Concerns of Facial Recognition Auditing,"Inioluwa Deborah Raji, Timnit Gebru, Margaret Mitchell, Joy Buolamwini, Joonseok Lee, Emily L. Denton",2020,"AAAI/ACM Conference on AI, Ethics, and Society",10.1145/3375627.3375820,https://www.semanticscholar.org/paper/22a0e7c06f1e64729211177f80d1b9dcaab3c706,311,22a0e7c06f1e64729211177f80d1b9dcaab3c706,"Although essential to revealing biased performance, well intentioned attempts at algorithmic auditing can have effects that may harm the very populations these measures are meant to protect. This concern is even more salient while auditing biometric systems such as facial recognition, where the data is sensitive and the technology is often used in ethically questionable manners. We demonstrate a set of fiveethical concerns in the particular case of auditing commercial facial processing technology, highlighting additional design considerations and ethical tensions the auditor needs to be aware of so as not exacerbate or complement the harms propagated by the audited system. We go further to provide tangible illustrations of these concerns, and conclude by reflecting on what these concerns mean for the role of the algorithmic audit and the fundamental product limitations they reveal.",50.56,77.12710288867332,3.3767636828771317,2.613748419819832,Top 5%
The Role and Limits of Principles in AI Ethics: Towards a Focus on Tensions,"Jess Whittlestone, Rune Nyrup, A. Alexandrova, S. Cave",2019,"AAAI/ACM Conference on AI, Ethics, and Society",10.1145/3306618.3314289,https://www.semanticscholar.org/paper/304f2d1cf97ac8fb071b5357e97691d64f4e8f6a,309,304f2d1cf97ac8fb071b5357e97691d64f4e8f6a,"The last few years have seen a proliferation of principles for AI ethics. There is substantial overlap between different sets of principles, with widespread agreement that AI should be used for the common good, should not be used to harm people or undermine their rights, and should respect widely held values such as fairness, privacy, and autonomy. While articulating and agreeing on principles is important, it is only a starting point. Drawing on comparisons with the field of bioethics, we highlight some of the limitations of principles: in particular, they are often too broad and high-level to guide ethics in practice. We suggest that an important next step for the field of AI ethics is to focus on exploring the tensions that inevitably arise as we try to implement principles in practice. By explicitly recognising these tensions we can begin to make decisions about how they should be resolved in specific cases, and develop frameworks and guidelines for AI ethics that are rigorous and practically relevant. We discuss some different specific ways that tensions arise in AI ethics, and what processes might be needed to resolve them.",87.5909090909091,155.04430902886364,1.428037522279341,2.5948105442165494,Top 5%
Faithful and Customizable Explanations of Black Box Models,"Himabindu Lakkaraju, Ece Kamar, R. Caruana, J. Leskovec",2019,"AAAI/ACM Conference on AI, Ethics, and Society",10.1145/3306618.3314229,https://www.semanticscholar.org/paper/dc016a1c0317b8e4b01716b570e700549eafc43a,292,dc016a1c0317b8e4b01716b570e700549eafc43a,"As predictive models increasingly assist human experts (e.g., doctors) in day-to-day decision making, it is crucial for experts to be able to explore and understand how such models behave in different feature subspaces in order to know if and when to trust them. To this end, we propose Model Understanding through Subspace Explanations (MUSE), a novel model agnostic framework which facilitates understanding of a given black box model by explaining how it behaves in subspaces characterized by certain features of interest. Our framework provides end users (e.g., doctors) with the flexibility of customizing the model explanations by allowing them to input the features of interest. The construction of explanations is guided by a novel objective function that we propose to simultaneously optimize for fidelity to the original model, unambiguity and interpretability of the explanation. More specifically, our objective allows us to learn, with optimality guarantees, a small number of compact decision sets each of which captures the behavior of a given black box model in unambiguous, well-defined regions of the feature space. Experimental evaluation with real-world datasets and user studies demonstrate that our approach can generate customizable, highly compact, easy-to-understand, yet accurate explanations of various kinds of predictive models compared to state-of-the-art baselines.",87.5909090909091,155.04430902886364,1.3183914468672135,2.4338386015886484,Top 5%
Sociotechnical Harms of Algorithmic Systems: Scoping a Taxonomy for Harm Reduction,"R. Shelby, Shalaleh Rismani, Kathryn Henne, AJung Moon, Negar Rostamzadeh, P. Nicholas, N'Mah Yilla-Akbari, Jess Gallegos, A. Smart, Emilio Garcia, Gurleen Virk",2022,"AAAI/ACM Conference on AI, Ethics, and Society",10.1145/3600211.3604673,https://www.semanticscholar.org/paper/bd6c0af91401c208ef478376c493408b69f51b8d,292,bd6c0af91401c208ef478376c493408b69f51b8d,"Understanding the landscape of potential harms from algorithmic systems enables practitioners to better anticipate consequences of the systems they build. It also supports the prospect of incorporating controls to help minimize harms that emerge from the interplay of technologies and social and cultural dynamics. A growing body of scholarship has identified a wide range of harms across different algorithmic technologies. However, computing research and practitioners lack a high level and synthesized overview of harms from algorithmic systems. Based on a scoping review of computing research (n=172), we present an applied taxonomy of sociotechnical harms to support a more systematic surfacing of potential harms in algorithmic systems. The final taxonomy builds on and refers to existing taxonomies, classifications, and terminologies. Five major themes related to sociotechnical harms — representational, allocative, quality-of-service, interpersonal harms, and social system/societal harms — and sub-themes are presented along with a description of these categories. We conclude with a discussion of challenges and opportunities for future research.",26.925925925925927,39.8625067506353,6.649709104655079,2.4338386015886484,Top 5%
Counterfactual Fairness in Text Classification through Robustness,"Sahaj Garg, Vincent Perot, Nicole Limtiaco, Ankur Taly, Ed H. Chi, Alex Beutel",2018,"AAAI/ACM Conference on AI, Ethics, and Society",10.1145/3306618.3317950,https://www.semanticscholar.org/paper/70e28eb8ee40cf5caa704ac7f87940c0818ba28e,282,70e28eb8ee40cf5caa704ac7f87940c0818ba28e,"In this paper, we study counterfactual fairness in text classification, which asks the question: How would the prediction change if the sensitive attribute referenced in the example were different? Toxicity classifiers demonstrate a counterfactual fairness issue by predicting that ""Some people are gay"" is toxic while ""Some people are straight"" is nontoxic. We offer a metric, counterfactual token fairness (CTF), for measuring this particular form of fairness in text classifiers, and describe its relationship with group fairness. Further, we offer three approaches, blindness, counterfactual augmentation, and counterfactual logit pairing (CLP), for optimizing counterfactual token fairness during training, bridging the robustness and fairness literature. Empirically, we find that blindness and CLP address counterfactual token fairness. The methods do not harm classifier performance, and have varying tradeoffs with group fairness. These approaches, both for measurement and optimization, provide a new path forward for addressing fairness concerns in text classification.",90.46774193548389,228.93937330061112,0.8366068942323118,2.339149223572236,Top 5%
"""How do I fool you?"": Manipulating User Trust via Misleading Black Box Explanations","Himabindu Lakkaraju, Osbert Bastani",2019,"AAAI/ACM Conference on AI, Ethics, and Society",10.1145/3375627.3375833,https://www.semanticscholar.org/paper/e656b0376ca11f533ea01097c70f98c0ff655c00,280,e656b0376ca11f533ea01097c70f98c0ff655c00,"As machine learning black boxes are increasingly being deployed in critical domains such as healthcare and criminal justice, there has been a growing emphasis on developing techniques for explaining these black boxes in a human interpretable manner. There has been recent concern that a high-fidelity explanation of a black box ML model may not accurately reflect the biases in the black box. As a consequence, explanations have the potential to mislead human users into trusting a problematic black box. In this work, we rigorously explore the notion of misleading explanations and how they influence user trust in black box models. Specifically, we propose a novel theoretical framework for understanding and generating misleading explanations, and carry out a user study with domain experts to demonstrate how these explanations can be used to mislead users. Our work is the first to empirically establish how user trust in black box models can be manipulated via misleading explanations.",87.5909090909091,155.04430902886364,1.2409942171645352,2.3202113479689532,Top 5%
Detecting Emergent Intersectional Biases: Contextualized Word Embeddings Contain a Distribution of Human-like Biases,"W. Guo, Aylin Caliskan",2020,"AAAI/ACM Conference on AI, Ethics, and Society",10.1145/3461702.3462536,https://www.semanticscholar.org/paper/7ea0e91c5d5dc73f2133bc46d7ebb6cb83034dae,273,7ea0e91c5d5dc73f2133bc46d7ebb6cb83034dae,"With the starting point that implicit human biases are reflected in the statistical regularities of language, it is possible to measure biases in English static word embeddings. State-of-the-art neural language models generate dynamic word embeddings dependent on the context in which the word appears. Current methods measure pre-defined social and intersectional biases that occur in contexts defined by sentence templates. Dispensing with templates, we introduce the Contextualized Embedding Association Test (CEAT), that can summarize the magnitude of overall bias in neural language models by incorporating a random-effects model. Experiments on social and intersectional biases show that CEAT finds evidence of all tested biases and provides comprehensive information on the variance of effect magnitudes of the same bias in different contexts. All the models trained on English corpora that we study contain biased representations. GPT-2 contains the smallest magnitude of overall bias followed by GPT, BERT, and then ELMo, negatively correlating with the contextualization levels of the models. Furthermore, we develop two methods, Intersectional Bias Detection (IBD) and Emergent Intersectional Bias Detection (EIBD), to automatically identify the intersectional biases and emergent intersectional biases from static word embeddings in addition to measuring them in contextualized word embeddings. We present the first algorithmic bias detection findings on how intersectional group members are strongly associated with unique emergent biases that do not overlap with the biases of their constituent minority identities. IBD achieves an accuracy of 81.6% and 82.7%, respectively, when detecting the intersectional biases of African American females and Mexican American females, where the random correct identification rates are 14.3% and 13.3%. EIBD reaches an accuracy of 84.7% and 65.3%, respectively, when detecting the emergent intersectional biases unique to African American females and Mexican American females, where the random correct identification rates are 9.2% and 6.1%. Our results indicate that intersectional biases associated with members of multiple minority groups, such as African American females and Mexican American females, have the highest magnitude across all neural language models.",50.56,77.12710288867332,2.8840704715834327,2.2539287833574644,Top 5%
AI Art and its Impact on Artists,"Harry H. Jiang, Lauren Brown, Jessica Cheng, Mehtab Khan, Abhishek Gupta, Deja Workman, A. Hanna, J. Flowers, Timnit Gebru",2023,"AAAI/ACM Conference on AI, Ethics, and Society",10.1145/3600211.3604681,https://www.semanticscholar.org/paper/7dbd3d51c453caf77cc1f9681f9b888095b97443,264,7dbd3d51c453caf77cc1f9681f9b888095b97443,"The last 3 years have resulted in machine learning (ML)-based image generators with the ability to output consistently higher quality images based on natural language prompts as inputs. As a result, many popular commercial “generative AI Art” products have entered the market, making generative AI an estimated $48B industry [125]. However, many professional artists have spoken up about the harms they have experienced due to the proliferation of large scale image generators trained on image/text pairs from the Internet. In this paper, we review some of these harms which include reputational damage, economic loss, plagiarism and copyright infringement. To guard against these issues while reaping the potential benefits of image generators, we provide recommendations such as regulation that forces organizations to disclose their training data, and tools that help artists prevent using their content as training data without their consent.",26.6,45.93699388736063,5.167948093906937,2.1687083431426935,Top 5%
Explanatory Interactive Machine Learning,"Stefano Teso, K. Kersting",2019,"AAAI/ACM Conference on AI, Ethics, and Society",10.1145/3306618.3314293,https://www.semanticscholar.org/paper/f57254ac87c6a46c0cb0e582b173fe183b84a389,249,f57254ac87c6a46c0cb0e582b173fe183b84a389,"Although interactive learning puts the user into the loop, the learner remains mostly a black box for the user. Understanding the reasons behind predictions and queries is important when assessing how the learner works and, in turn, trust. Consequently, we propose the novel framework of explanatory interactive learning where, in each step, the learner explains its query to the user, and the user interacts by both answering the query and correcting the explanation. We demonstrate that this can boost the predictive and explanatory powers of, and the trust into, the learned model, using text (e.g. SVMs) and image classification (e.g. neural networks) experiments as well as a user study.",87.5909090909091,155.04430902886364,1.0410513737659497,2.0266742761180745,Top 5%
Degenerate Feedback Loops in Recommender Systems,"Ray Jiang, S. Chiappa, Tor Lattimore, A. György, Pushmeet Kohli",2019,"AAAI/ACM Conference on AI, Ethics, and Society",10.1145/3306618.3314288,https://www.semanticscholar.org/paper/92b55d1b93b80eaac3612ef8fca2677bd7d8740b,223,92b55d1b93b80eaac3612ef8fca2677bd7d8740b,"Machine learning is used extensively in recommender systems deployed in products. The decisions made by these systems can influence user beliefs and preferences which in turn affect the feedback the learning system receives - thus creating a feedback loop. This phenomenon can give rise to the so-called ""echo chambers"" or ""filter bubbles"" that have user and societal implications. In this paper, we provide a novel theoretical analysis that examines both the role of user dynamics and the behavior of recommender systems, disentangling the echo chamber from the filter bubble effect. In addition, we offer practical solutions to slow down system degeneracy. Our study contributes toward understanding and developing solutions to commonly cited issues in the complex temporal scenario, an area that is still largely unexplored.",87.5909090909091,155.04430902886364,0.8733573760768132,1.7804818932754023,Top 5%
Rationalization: A Neural Machine Translation Approach to Generating Natural Language Explanations,"Brent Harrison, Upol Ehsan, Mark O. Riedl",2017,"AAAI/ACM Conference on AI, Ethics, and Society",10.1145/3278721.3278736,https://www.semanticscholar.org/paper/acbea6c0a445fc61963c8587c6021dd5d80c95e3,221,acbea6c0a445fc61963c8587c6021dd5d80c95e3,"We introduce \em AI rationalization, an approach for generating explanations of autonomous system behavior as if a human had performed the behavior. We describe a rationalization technique that uses neural machine translation to translate internal state-action representations of an autonomous agent into natural language. We evaluate our technique in the Frogger game environment, training an autonomous game playing agent to rationalize its action choices using natural language. A natural language training corpus is collected from human players thinking out loud as they play the game. We motivate the use of rationalization as an approach to explanation generation and show the results of two experiments evaluating the effectiveness of rationalization. Results of these evaluations show that neural machine translation is able to accurately generate rationalizations that describe agent behavior, and that rationalizations are more satisfying to humans than other alternative methods of explanation.",84.08333333333333,80.16512315026385,1.7079330921755846,1.7615440176721198,Top 5%
Uncovering and Mitigating Algorithmic Bias through Learned Latent Structure,"Alexander Amini, Ava P. Soleimany, Wilko Schwarting, S. Bhatia, D. Rus",2019,"AAAI/ACM Conference on AI, Ethics, and Society",10.1145/3306618.3314243,https://www.semanticscholar.org/paper/f471c7693e6f25f11bb5550a25ea1ca1e5367b5d,216,f471c7693e6f25f11bb5550a25ea1ca1e5367b5d,"Recent research has highlighted the vulnerabilities of modern machine learning based systems to bias, especially towards segments of society that are under-represented in training data. In this work, we develop a novel, tunable algorithm for mitigating the hidden, and potentially unknown, biases within training data. Our algorithm fuses the original learning task with a variational autoencoder to learn the latent structure within the dataset and then adaptively uses the learned latent distributions to re-weight the importance of certain data points while training. While our method is generalizable across various data modalities and learning tasks, in this work we use our algorithm to address the issue of racial and gender bias in facial detection systems. We evaluate our algorithm on the Pilot Parliaments Benchmark (PPB), a dataset specifically designed to evaluate biases in computer vision systems, and demonstrate increased overall performance as well as decreased categorical bias with our debiasing approach.",87.5909090909091,155.04430902886364,0.8282089920835842,1.7141993286639134,Top 5%
Distill-and-Compare: Auditing Black-Box Models Using Transparent Model Distillation,"S. Tan, R. Caruana, G. Hooker, Yin Lou",2017,"AAAI/ACM Conference on AI, Ethics, and Society",10.1145/3278721.3278725,https://www.semanticscholar.org/paper/752fd6f73c0840e5919180441c3c575da4a41124,203,752fd6f73c0840e5919180441c3c575da4a41124,"Black-box risk scoring models permeate our lives, yet are typically proprietary or opaque. We propose Distill-and-Compare, an approach to audit such models without probing the black-box model API or pre-defining features to audit. To gain insight into black-box models, we treat them as teachers, training transparent student models to mimic the risk scores assigned by the black-box models. We compare the mimic model trained with distillation to a second, un-distilled transparent model trained on ground truth outcomes, and use differences between the two models to gain insight into the black-box model. We demonstrate the approach on four data sets: COMPAS, Stop-and-Frisk, Chicago Police, and Lending Club. We also propose a statistical test to determine if a data set is missing key features used to train the black-box model. Our test finds that the ProPublica data is likely missing key feature(s) used in COMPAS.",84.08333333333333,80.16512315026385,1.4833965444519532,1.5911031372425777,Top 5%
How Do Fairness Definitions Fare?: Examining Public Attitudes Towards Algorithmic Definitions of Fairness,"N. Saxena, Karen Huang, Evan DeFilippis, Goran Radanovic, D. Parkes, Y. Liu",2018,"AAAI/ACM Conference on AI, Ethics, and Society",10.1145/3306618.3314248,https://www.semanticscholar.org/paper/225b3ca4d863e371b626fea932722c1fbf9ffe2d,192,225b3ca4d863e371b626fea932722c1fbf9ffe2d,"What is the best way to define algorithmic fairness? While many definitions of fairness have been proposed in the computer science literature, there is no clear agreement over a particular definition. In this work, we investigate ordinary people's perceptions of three of these fairness definitions. Across two online experiments, we test which definitions people perceive to be the fairest in the context of loan decisions, and whether fairness perceptions change with the addition of sensitive information (i.e., race of the loan applicants). Overall, one definition (calibrated fairness) tends to be more pre- ferred than the others, and the results also provide support for the principle of affirmative action.",90.46774193548389,228.93937330061112,0.4434897178267287,1.4869448214245238,Top 5%
Social Biases through the Text-to-Image Generation Lens,"Ranjita Naik, Besmira Nushi",2023,"AAAI/ACM Conference on AI, Ethics, and Society",10.1145/3600211.3604711,https://www.semanticscholar.org/paper/7b18bdf21b74b7d97bace715f78d05bd447ee30f,192,7b18bdf21b74b7d97bace715f78d05bd447ee30f,"Text-to-Image (T2I) generation is enabling new applications that support creators, designers, and general end users of productivity software by generating illustrative content with high photorealism starting from a given descriptive text as a prompt. Such models are however trained on massive amounts of web data, which surfaces the peril of potential harmful biases that may leak in the generation process itself. In this paper, we take a multi-dimensional approach to studying and quantifying common social biases as reflected in the generated images, by focusing on how occupations, personality traits, and everyday situations are depicted across representations of (perceived) gender, age, race, and geographical location. Through an extensive set of both automated and human evaluation experiments we present findings for two popular T2I models: DALLE-v2 and Stable Diffusion. Our results reveal that there exist severe occupational biases of neutral prompts majorly excluding groups of people from results for both models. Such biases can get mitigated by increasing the amount of specification in the prompt itself, although the prompting mitigation will not address discrepancies in image quality or other usages of the model or its representations in other scenarios. Further, we observe personality traits being associated with only a limited set of people at the intersection of race, gender, and age. Finally, an analysis of geographical location representations on everyday situations (e.g., park, food, weddings) shows that for most situations, images generated through default location-neutral prompts are closer and more similar to images generated for locations of United States and Germany.",26.6,45.93699388736063,3.6005838868247997,1.4869448214245238,Top 5%
Ethical Challenges in Data-Driven Dialogue Systems,"Peter Henderson, Koustuv Sinha, Nicolas Angelard-Gontier, Nan Rosemary Ke, G. Fried, Ryan Lowe, Joelle Pineau",2017,"AAAI/ACM Conference on AI, Ethics, and Society",10.1145/3278721.3278777,https://www.semanticscholar.org/paper/a24d72bd0d08d515cb3e26f94131d33ad6c861db,186,a24d72bd0d08d515cb3e26f94131d33ad6c861db,"The use of dialogue systems as a medium for human-machine interaction is an increasingly prevalent paradigm. A growing number of dialogue systems use conversation strategies that are learned from large datasets. There are well documented instances where interactions with these system have resulted in biased or even offensive conversations due to the data-driven training process. Here, we highlight potential ethical issues that arise in dialogue systems research, including: implicit biases in data-driven systems, the rise of adversarial examples, potential sources of privacy violations, safety concerns, special considerations for reinforcement learning systems, and reproducibility concerns. We also suggest areas stemming from these issues that deserve further investigation. Through this initial survey, we hope to spur research leading to robust, safe, and ethically sound dialogue systems.",84.08333333333333,80.16512315026385,1.271334249379635,1.4301311946146762,Top 5%
Transparency and Explanation in Deep Reinforcement Learning Neural Networks,"R. Iyer, Yuezhang Li, Huao Li, M. Lewis, R. Sundar, K. Sycara",2018,"AAAI/ACM Conference on AI, Ethics, and Society",10.1145/3278721.3278776,https://www.semanticscholar.org/paper/4e3af05208f54f22f5697e8e13bba9379e3c96f0,186,4e3af05208f54f22f5697e8e13bba9379e3c96f0,"Autonomous AI systems will be entering human society in the near future to provide services and work alongside humans. For those systems to be accepted and trusted, the users should be able to understand the reasoning process of the system, i.e. the system should be transparent. System transparency enables humans to form coherent explanations of the system's decisions and actions. Transparency is important not only for user trust, but also for software debugging and certification. In recent years, Deep Neural Networks have made great advances in multiple application areas. However, deep neural networks are opaque. In this paper, we report on work in transparency in Deep Reinforcement Learning Networks (DRLN). Such networks have been extremely successful in accurately learning action control in image input domains, such as Atari games. In this paper, we propose a novel and general method that (a) incorporates explicit object recognition processing into deep reinforcement learning models, (b) forms the basis for the development of ""object saliency maps"", to provide visualization of internal states of DRLNs, thus enabling the formation of explanations and (c) can be incorporated in any existing deep reinforcement learning framework. We present computational results and human experiments to evaluate our approach.",90.46774193548389,228.93937330061112,0.4172819060663564,1.4301311946146762,Top 5%
"""Scary Robots"": Examining Public Responses to AI","S. Cave, Katelyn Coughlan, Kanta Dihal",2019,"AAAI/ACM Conference on AI, Ethics, and Society",10.1145/3306618.3314232,https://www.semanticscholar.org/paper/7f329aa5e347a5275ecc8ccadf9e43ca91fd526b,181,7f329aa5e347a5275ecc8ccadf9e43ca91fd526b,"How AI is perceived by the public can have significant impact on how it is developed, deployed and regulated. Some commentators argue that perceptions are currently distorted or extreme. This paper discusses the results of a nationally representative survey of the UK population on their perceptions of AI. The survey solicited responses to eight common narratives about AI (four optimistic, four pessimistic), plus views on what AI is, how likely it is to impact in respondents' lifetimes, and whether they can influence it. 42% of respondents offered a plausible definition of AI, while 25% thought it meant robots. Of the narratives presented, those associated with automation were best known, followed by the idea that AI would become more powerful than humans. Overall results showed that the most common visions of the impact of AI elicit significant anxiety. Only two of the eight narratives elicited more excitement than concern (AI making life easier, and extending life). Respondents felt they had no control over AI's development, citing the power of corporations or government, or versions of technological determinism. Negotiating the deployment of AI will require contending with these anxieties.",87.5909090909091,155.04430902886364,0.6024670721174391,1.38278650560647,Top 5%
CERTIFAI: A Common Framework to Provide Explanations and Analyse the Fairness and Robustness of Black-box Models,"Shubham Sharma, Jette Henderson, Joydeep Ghosh",2019,"AAAI/ACM Conference on AI, Ethics, and Society",10.1145/3375627.3375812,https://www.semanticscholar.org/paper/6eaf8bfd156c1e482fe2b6d6a2b5c1d50c2c102f,179,6eaf8bfd156c1e482fe2b6d6a2b5c1d50c2c102f,"Concerns within the machine learning community and external pressures from regulators over the vulnerabilities of machine learning algorithms have spurred on the fields of explainability, robustness, and fairness. Often, issues in explainability, robustness, and fairness are confined to their specific sub-fields and few tools exist for model developers to use to simultaneously build their modeling pipelines in a transparent, accountable, and fair way. This can lead to a bottleneck on the model developer's side as they must juggle multiple methods to evaluate their algorithms. In this paper, we present a single framework for analyzing the robustness, fairness, and explainability of a classifier. The framework, which is based on the generation of counterfactual explanations through a custom genetic algorithm, is flexible, model-agnostic, and does not require access to model internals. The framework allows the user to calculate robustness and fairness scores for individual models and generate explanations for individual predictions which provide a means for actionable recourse (changes to an input to help get a desired outcome). This is the first time that a unified tool has been developed to address three key issues pertaining towards building a responsible artificial intelligence system.",87.5909090909091,155.04430902886364,0.5895675338336595,1.3638486300031876,Top 5%
"Putting Fairness Principles into Practice: Challenges, Metrics, and Improvements","Alex Beutel, Jilin Chen, Tulsee Doshi, Hai Qian, Allison Woodruff, Christine Luu, Pierre Kreitmann, Jonathan Bischof, Ed H. Chi",2019,"AAAI/ACM Conference on AI, Ethics, and Society",10.1145/3306618.3314234,https://www.semanticscholar.org/paper/edb6e403ac6d25d23d10d563ab893556231b7b9c,166,edb6e403ac6d25d23d10d563ab893556231b7b9c,"As more researchers have become aware of and passionate about algorithmic fairness, there has been an explosion in papers laying out new metrics, suggesting algorithms to address issues, and calling attention to issues in existing applications of machine learning. This research has greatly expanded our understanding of the concerns and challenges in deploying machine learning, but there has been much less work in seeing how the rubber meets the road. In this paper we provide a case-study on the application of fairness in machine learning research to a production classification system, and offer new insights in how to measure and address algorithmic fairness issues. We discuss open questions in implementing equality of opportunity and describe our fairness metric, conditional equality, that takes into account distributional differences. Further, we provide a new approach to improve on the fairness metric during model training and demonstrate its efficacy in improving performance for a real-world product.",87.5909090909091,155.04430902886364,0.5057205349890912,1.2407524385818514,Top 5%
Regulating Artificial Intelligence: Proposal for a Global Solution,"O. J. Erdélyi, J. Goldsmith",2018,"AAAI/ACM Conference on AI, Ethics, and Society",10.1145/3278721.3278731,https://www.semanticscholar.org/paper/cc88a1b55e50182cb7d4891f777befda0d9dc110,154,cc88a1b55e50182cb7d4891f777befda0d9dc110,"Given the ubiquity of artificial intelligence (AI) in modern societies, it is clear that individuals, corporations, and countries will be grappling with the legal and ethical issues of its use. As global problems require global solutions, we propose the establishment of an international AI regulatory agency that --- drawing on interdisciplinary expertise --- could create a unified framework for the regulation of AI technologies and inform the development of AI policies around the world. We urge that such an organization be developed with all deliberate haste, as issues such as cryptocurrencies, personalized political ad hacking, autonomous vehicles and autonomous weaponized agents are already a reality, affecting international trade, politics, and war.",90.46774193548389,228.93937330061112,0.277506910011038,1.1271251849621564,Top 5%
"What's Next for AI Ethics, Policy, and Governance? A Global Overview","Daniel S. Schiff, J. Biddle, J. Borenstein, Kelly Laas",2019,"AAAI/ACM Conference on AI, Ethics, and Society",10.1145/3375627.3375804,https://www.semanticscholar.org/paper/c129d712fa315894545ca1d2ad32bdaf3bade97d,148,c129d712fa315894545ca1d2ad32bdaf3bade97d,"Since 2016, more than 80 AI ethics documents - including codes, principles, frameworks, and policy strategies - have been produced by corporations, governments, and NGOs. In this paper, we examine three topics of importance related to our ongoing empirical study of ethics and policy issues in these emerging documents. First, we review possible challenges associated with the relative homogeneity of the documents' creators. Second, we provide a novel typology of motivations to characterize both obvious and less obvious goals of the documents. Third, we discuss the varied impacts these documents may have on the AI governance landscape, including what factors are relevant to assessing whether a given document is likely to be successful in achieving its goals.",87.5909090909091,155.04430902886364,0.3896246904350737,1.0703115581523088,Top 5%
Framing Artificial Intelligence in American Newspapers,"C. Chuan, W. Tsai, Sumi Cho",2019,"AAAI/ACM Conference on AI, Ethics, and Society",10.1145/3306618.3314285,https://www.semanticscholar.org/paper/c483351957d782ea50c89d61e126de03eacf984b,144,c483351957d782ea50c89d61e126de03eacf984b,"Publics' perceptions of new scientific advances such as AI are often informed and influenced by news coverage. To understand how artificial intelligence (AI) was framed in U.S. newspapers, a content analysis based on framing theory in journalism and science communication was conducted. This study identified the dominant topics and frames, as well as the risks and benefits of AI covered in five major American newspapers from 2009 to 2018. Results indicated that business and technology were the primary topics in news coverage of AI. The benefits of AI were discussed more frequently than its risks, but risks of AI were generally discussed with greater specificity. Additionally, episodic issue framing and societal impact framing were more frequently used.",87.5909090909091,155.04430902886364,0.3638256138675143,1.032435806945744,Top 15%
Outsider Oversight: Designing a Third Party Audit Ecosystem for AI Governance,"Inioluwa Deborah Raji, Peggy Xu, Colleen Honigsberg, Daniel E. Ho",2022,"AAAI/ACM Conference on AI, Ethics, and Society",10.1145/3514094.3534181,https://www.semanticscholar.org/paper/c253ab3e988d996b9253f8437cbdc37c415a2f0b,143,c253ab3e988d996b9253f8437cbdc37c415a2f0b,"Much attention has focused on algorithmic audits and impact assessments to hold developers and users of algorithmic systems accountable. But existing algorithmic accountability policy approaches have neglected the lessons from non-algorithmic domains: notably, the importance of third parties. Our paper synthesizes lessons from other fields on how to craft effective systems of external oversight for algorithmic deployments. First, we discuss the challenges of third party oversight in the current AI landscape. Second, we survey audit systems across domains - e.g., financial, environmental, and health regulation - and show that the institutional design of such audits are far from monolithic. Finally, we survey the evidence base around these design components and spell out the implications for algorithmic auditing. We conclude that the turn toward audits alone is unlikely to achieve actual algorithmic accountability, and sustained focus on institutional design will be required for meaningful third party involvement.",26.925925925925927,39.8625067506353,2.911860882211683,1.0229668691441027,Top 15%
On the Privacy Risks of Model Explanations,"R. Shokri, Martin Strobel, Yair Zick",2019,"AAAI/ACM Conference on AI, Ethics, and Society",10.1145/3461702.3462533,https://www.semanticscholar.org/paper/1e47d5f0fb35a9e19df0a1e4d697e71eaa00f224,140,1e47d5f0fb35a9e19df0a1e4d697e71eaa00f224,"Privacy and transparency are two key foundations of trustworthy machine learning. Model explanations offer insights into a model's decisions on input data, whereas privacy is primarily concerned with protecting information about the training data. We analyze connections between model explanations and the leakage of sensitive information about the model's training set. We investigate the privacy risks of feature-based model explanations using membership inference attacks: quantifying how much model predictions plus their explanations leak information about the presence of a datapoint in the training set of a model. We extensively evaluate membership inference attacks based on feature-based model explanations, over a variety of datasets. We show that backpropagation-based explanations can leak a significant amount of information about individual training datapoints. This is because they reveal statistical information about the decision boundaries of the model about an input, which can reveal its membership. We also empirically investigate the trade-off between privacy and explanation quality, by studying the perturbation-based model explanations.",87.5909090909091,155.04430902886364,0.3380265372999549,0.9945600557391788,Top 15%
How Cognitive Biases Affect XAI-assisted Decision-making: A Systematic Review,"Astrid Bertrand, Rafik Belloum, Winston Maxwell, James R. Eagan",2022,"AAAI/ACM Conference on AI, Ethics, and Society",10.1145/3514094.3534164,https://www.semanticscholar.org/paper/5b7916ad1672695dc8c6fc422274bfcd1968a25e,134,5b7916ad1672695dc8c6fc422274bfcd1968a25e,"The field of eXplainable Artificial Intelligence (XAI) aims to bring transparency to complex AI systems. Although it is usually considered an essentially technical field, effort has been made recently to better understand users' human explanation methods and cognitive constraints. Despite these advances, the community lacks a general vision of what and how cognitive biases affect explainability systems. To address this gap, we present a heuristic map which matches human cognitive biases with explainability techniques from the XAI literature, structured around XAI-aided decision-making. We identify four main ways cognitive biases affect or are affected by XAI systems: 1) cognitive biases affect how XAI methods are designed, 2) they can distort how XAI techniques are evaluated in user studies, 3) some cognitive biases can be successfully mitigated by XAI techniques, and, on the contrary, 4) some cognitive biases can be exacerbated by XAI techniques. We construct this heuristic map through the systematic review of 37 papers-drawn from a corpus of 285-that reveal cognitive biases in XAI systems, including the explainability method and the user and task types in which they arise. We use the findings from our review to structure directions for future XAI systems to better align with people's cognitive processes.",26.925925925925927,39.8625067506353,2.68608481508423,0.9377464289293316,Top 15%
Global Explanations of Neural Networks: Mapping the Landscape of Predictions,"Mark Ibrahim, Melissa Louie, C. Modarres, J. Paisley",2019,"AAAI/ACM Conference on AI, Ethics, and Society",10.1145/3306618.3314230,https://www.semanticscholar.org/paper/3ed894ecc3f4f38dcc06062b3bff35417367b3db,126,3ed894ecc3f4f38dcc06062b3bff35417367b3db,"A barrier to the wider adoption of neural networks is their lack of interpretability. While local explanation methods exist for one prediction, most global attributions still reduce neural network decisions to a single set of features. In response, we present an approach for generating global attributions called GAM, which explains the landscape of neural network predictions across subpopulations. GAM augments global explanations with the proportion of samples that each attribution best explains and specifies which samples are described by each attribution. Global explanations also have tunable granularity to detect more or fewer subpopulations. We demonstrate that GAM's global explanations 1) yield the known feature importances of simulated data, 2) match feature weights of interpretable statistical models on real data, and 3) are intuitive to practitioners through user studies. With more transparent predictions, GAM can help ensure neural network decisions are generated for the right reasons.",87.5909090909091,155.04430902886364,0.2477297693134968,0.8619949265162015,Top 15%
An AI Race for Strategic Advantage: Rhetoric and Risks,"S. Cave, Seán S. ÓhÉigeartaigh",2017,"AAAI/ACM Conference on AI, Ethics, and Society",10.1145/3278721.3278780,https://www.semanticscholar.org/paper/92f092ef414d24b8facc6e2114c07abe4e6bc16d,122,92f092ef414d24b8facc6e2114c07abe4e6bc16d,"The rhetoric of the race for strategic advantage is increasingly being used with regard to the development of artificial intelligence (AI), sometimes in a military context, but also more broadly. This rhetoric also reflects real shifts in strategy, as industry research groups compete for a limited pool of talented researchers, and nation states such as China announce ambitious goals for global leadership in AI. This paper assesses the potential risks of the AI race narrative and of an actual competitive race to develop AI, such as incentivising corner-cutting on safe-ty and governance, or increasing the risk of conflict. It explores the role of the research community in respond-ing to these risks. And it briefly explores alternative ways in which the rush to develop powerful AI could be framed so as instead to foster collaboration and respon-sible progress.",84.08333333333333,80.16512315026385,0.4729820796956123,0.8241191753096365,Top 15%
Minimax Group Fairness: Algorithms and Experiments,"Emily Diana, Wesley Gill, Michael Kearns, K. Kenthapadi, Aaron Roth",2021,"AAAI/ACM Conference on AI, Ethics, and Society",10.1145/3461702.3462523,https://www.semanticscholar.org/paper/9490bc8ae617d9816326ef759bc1efccdafd9553,120,9490bc8ae617d9816326ef759bc1efccdafd9553,"We consider a recently introduced framework in which fairness is measured by worst-case outcomes across groups, rather than by the more standard differences between group outcomes. In this framework we provide provably convergent oracle-efficient learning algorithms (or equivalently, reductions to non-fair learning) for minimax group fairness. Here the goal is that of minimizing the maximum loss across all groups, rather than equalizing group losses. Our algorithms apply to both regression and classification settings and support both overall error and false positive or false negative rates as the fairness measure of interest. They also support relaxations of the fairness constraints, thus permitting study of the tradeoff between overall accuracy and minimax fairness. We compare the experimental behavior and performance of our algorithms across a variety of fairness-sensitive data sets and show empirical cases in which minimax fairness is strictly and strongly preferable to equal outcome notions.",40.458333333333336,35.57475798648673,2.235901835140551,0.805181299706354,Top 15%
Typology of Risks of Generative Text-to-Image Models,"Charlotte Bird, Eddie L. Ungless, Atoosa Kasirzadeh",2023,"AAAI/ACM Conference on AI, Ethics, and Society",10.1145/3600211.3604722,https://www.semanticscholar.org/paper/696d96c260cd4ce074ff68040e1e5c783234d7bd,116,696d96c260cd4ce074ff68040e1e5c783234d7bd,"This paper investigates the direct risks and harms associated with modern text-to-image generative models, such as DALL-E and Midjourney, through a comprehensive literature review. While these models offer unprecedented capabilities for generating images, their development and use introduce new types of risk that require careful consideration. Our review reveals significant knowledge gaps concerning the understanding and treatment of these risks despite some already being addressed. We offer a taxonomy of risks across six key stakeholder groups, inclusive of unexplored issues, and suggest future research directions. We identify 22 distinct risk types, spanning issues from data bias to malicious use. The investigation presented here is intended to enhance the ongoing discourse on responsible model development and deployment. By highlighting previously overlooked risks and gaps, it aims to shape subsequent research and governance initiatives, guiding them toward the responsible, secure, and ethically conscious evolution of text-to-image models.",26.6,45.93699388736063,1.9461438904603212,0.767305548499789,Top 15%
Fair Transfer Learning with Missing Protected Attributes,"Amanda Coston, K. Ramamurthy, Dennis Wei, Kush R. Varshney, Skyler Speakman, Zairah Mustahsan, Supriyo Chakraborty",2019,"AAAI/ACM Conference on AI, Ethics, and Society",10.1145/3306618.3314236,https://www.semanticscholar.org/paper/347aa96ee44591f10a0e6e738c596508a9b2b9de,115,347aa96ee44591f10a0e6e738c596508a9b2b9de,"Risk assessment is a growing use for machine learning models. When used in high-stakes applications, especially ones regulated by anti-discrimination laws or governed by societal norms for fairness, it is important to ensure that learned models do not propagate and scale any biases that may exist in training data. In this paper, we add on an additional challenge beyond fairness: unsupervised domain adaptation to covariate shift between a source and target distribution. Motivated by the real-world problem of risk assessment in new markets for health insurance in the United States and mobile money-based loans in East Africa, we provide a precise formulation of the machine learning with covariate shift and score parity problem. Our formulation focuses on situations in which protected attributes are not available in either the source or target domain. We propose two new weighting methods: prevalence-constrained covariate shift (PCCS) which does not require protected attributes in the target domain and target-fair covariate shift (TFCS) which does not require protected attributes in the source domain. We empirically demonstrate their efficacy in two applications.",87.5909090909091,155.04430902886364,0.1767823087527084,0.7578366106981478,Top 15%
TED: Teaching AI to Explain its Decisions,"N. Codella, M. Hind, K. Ramamurthy, Murray Campbell, Amit Dhurandhar, Kush R. Varshney, Dennis Wei, A. Mojsilovic",2018,"AAAI/ACM Conference on AI, Ethics, and Society",10.1145/3306618.3314273,https://www.semanticscholar.org/paper/3a03070c010783828702d51b2170e85b4b46fdec,115,3a03070c010783828702d51b2170e85b4b46fdec,"Artificial intelligence systems are being increasingly deployed due to their potential to increase the efficiency, scale, consistency, fairness, and accuracy of decisions. However, as many of these systems are opaque in their operation, there is a growing demand for such systems to provide explanations for their decisions. Conventional approaches to this problem attempt to expose or discover the inner workings of a machine learning model with the hope that the resulting explanations will be meaningful to the consumer. In contrast, this paper suggests a new approach to this problem. It introduces a simple, practical framework, called Teaching Explanations for Decisions (TED), that provides meaningful explanations that match the mental model of the consumer. We illustrate the generality and effectiveness of this approach with two different examples, resulting in highly accurate explanations with no loss of prediction accuracy for these two examples.",90.46774193548389,228.93937330061112,0.1071561335686186,0.7578366106981478,Top 15%
Algorithmic Hiring in Practice: Recruiter and HR Professional's Perspectives on AI Use in Hiring,"Lan Li, Tina B. Lassiter, Joohee Oh, Min Kyung Lee",2021,"AAAI/ACM Conference on AI, Ethics, and Society",10.1145/3461702.3462531,https://www.semanticscholar.org/paper/5b097aa90d1964e016b4d712f5d66b909d94dc22,107,5b097aa90d1964e016b4d712f5d66b909d94dc22,"The use of AI-enabled hiring software raises questions about the practice of Human Resource (HR) professionals' use of the software and its consequences. We interviewed 15 recruiters and HR professionals about their experiences around two decision-making processes during hiring: sourcing and assessment. For both, AI-enabled software allowed the efficient processing of candidate data, thus providing the ability to introduce or advance candidates from broader and more diverse pools. For sourcing, it can serve as a useful learning resource to find candidates. Though, a lack of trust in data accuracy and an inadequate level of control over algorithmic candidate matches can create reluctance to embrace it. For assessment, its implementation varied across companies depending on the industry and the hiring scenario. Its inclusion may redefine HR professionals' job content as it automates or augments pieces of the existing hiring process. Finally, we discuss how candidate roles that recruiters and HR professionals support drive the use of algorithmic hiring software.",40.458333333333336,35.57475798648673,1.8704741910526244,0.6820851082850179,Top 15%
Algorithmic Fairness from a Non-ideal Perspective,"S. Fazelpour, Zachary Chase Lipton",2020,"AAAI/ACM Conference on AI, Ethics, and Society",10.1145/3375627.3375828,https://www.semanticscholar.org/paper/a9a7058b39768ece13608e31341cfb16c4faf2c3,107,a9a7058b39768ece13608e31341cfb16c4faf2c3,"Inspired by recent breakthroughs in predictive modeling, practitioners in both industry and government have turned to machine learning with hopes of operationalizing predictions to drive automated decisions. Unfortunately, many social desiderata concerning consequential decisions, such as justice or fairness, have no natural formulation within a purely predictive framework. In the hopes of mitigating these problems, researchers have proposed a variety of metrics for quantifying deviations from various statistical parities that we might hope to observe in a fair world, offering a variety of algorithms that attempt to satisfy subsets of these parities or to trade off the degree to which they are satisfied against utility. In this paper, we connect this approach to fair machine learning to the literature on ideal and non-ideal methodological approaches in political philosophy. The ideal approach requires positing the principles according to which a just world would operate. In the most straightforward application of ideal theory, one supports a proposed policy by arguing that it closes a discrepancy between the real and ideal worlds. However, by failing to account for the mechanisms by which our non-ideal world arose, the responsibilities of various decision-makers, and the impacts of their actions, naive applications of ideal thinking can lead to misguided policies. In this paper, we demonstrate a connection between the recent literature on fair machine learning and the ideal approach in political philosophy, and show that some recently uncovered shortcomings in proposed algorithms reflect broader troubles faced by the ideal approach. We work this analysis through for different formulations of fairness and conclude with a critical discussion of real-world impacts and directions for new research.",50.56,77.12710288867332,0.7317790748793784,0.6820851082850179,Top 15%
What are the Biases in My Word Embedding?,"Nathaniel Swinger, Maria De-Arteaga, IV NeilThomasHeffernan, Mark D. M. Leiserson, A. Kalai",2018,"AAAI/ACM Conference on AI, Ethics, and Society",10.1145/3306618.3314270,https://www.semanticscholar.org/paper/1b03da6c5a68f83eb20b33da1e491adc23e67ed7,106,1b03da6c5a68f83eb20b33da1e491adc23e67ed7,"This paper presents an algorithm for enumerating biases in word embeddings. The algorithm exposes a large number of offensive associations related to sensitive features such as race and gender on publicly available embeddings, including a supposedly ""debiased"" embedding. These biases are concerning in light of the widespread use of word embeddings. The associations are identified by geometric patterns in word embeddings that run parallel between people's names and common lower-case tokens. The algorithm is highly unsupervised: it does not even require the sensitive features to be pre-specified. This is desirable because: (a) many forms of discrimination?such as racial discrimination-are linked to social constructs that may vary depending on the context, rather than to categories with fixed definitions; and (b) it makes it easier to identify biases against intersectional groups, which depend on combinations of sensitive features. The inputs to our algorithm are a list of target tokens, e.g. names, and a word embedding. It outputs a number of Word Embedding Association Tests (WEATs) that capture various biases present in the data. We illustrate the utility of our approach on publicly available word embeddings and lists of names, and evaluate its output using crowdsourcing. We also show how removing names may not remove potential proxy bias.",90.46774193548389,228.93937330061112,0.0678444159280603,0.6726161704833766,Top 15%
Fairness for Unobserved Characteristics: Insights from Technological Impacts on Queer Communities,"Nenad Tomasev, Kevin R. McKee, J. Kay, Shakir Mohamed",2021,"AAAI/ACM Conference on AI, Ethics, and Society",10.1145/3461702.3462540,https://www.semanticscholar.org/paper/4dee62e432150b49d210d6776f55610b2283105d,105,4dee62e432150b49d210d6776f55610b2283105d,"Advances in algorithmic fairness have largely omitted sexual orientation and gender identity. We explore queer concerns in privacy, censorship, language, online safety, health, and employment to study the positive and negative effects of artificial intelligence on queer communities. These issues underscore the need for new directions in fairness research that take into account a multiplicity of considerations, from privacy preservation, context sensitivity and process fairness, to an awareness of sociotechnical impact and the increasingly important role of inclusive and participatory research processes. Most current approaches for algorithmic fairness assume that the target characteristics for fairness---frequently, race and legal gender---can be observed or recorded. Sexual orientation and gender identity are prototypical instances of unobserved characteristics, which are frequently missing, unknown or fundamentally unmeasurable. This paper highlights the importance of developing new approaches for algorithmic fairness that break away from the prevailing assumption of observed characteristics.",40.458333333333336,35.57475798648673,1.814254553500636,0.6631472326817354,Top 15%
Incomplete Contracting and AI Alignment,"Dylan Hadfield-Menell, Gillian K. Hadfield",2018,"AAAI/ACM Conference on AI, Ethics, and Society",10.1145/3306618.3314250,https://www.semanticscholar.org/paper/3be6455d00ff4a69e023b7b5c5d4367decb652c0,102,3be6455d00ff4a69e023b7b5c5d4367decb652c0,"We suggest that the analysis of incomplete contracting developed by law and economics researchers can provide a useful framework for understanding the AI alignment problem and help to generate a systematic approach to finding solutions. We first provide an overview of the incomplete contracting literature and explore parallels between this work and the problem of AI alignment. As we emphasize, misalignment between principal and agent is a core focus of economic analysis. We highlight some technical results from the economics literature on incomplete contracts that may provide insights for AI alignment researchers. Our core contribution, however, is to bring to bear an insight that economists have been urged to absorb from legal scholars and other behavioral scientists: the fact that human contracting is supported by substantial amounts of external structure, such as generally available institutions (culture, law) that can supply implied terms to fill the gaps in incomplete contracts. We propose a research agenda for AI alignment work that focuses on the problem of how to build AI that can replicate the human cognitive processes that connect individual incomplete contracts with this supporting external structure.",90.46774193548389,228.93937330061112,0.0503725414211455,0.6347404192768116,Top 15%
Non-Discriminatory Machine Learning through Convex Fairness Criteria,"Naman Goel, Mohammad Yaghini, B. Faltings",2018,AAAI Conference on Artificial Intelligence,10.1145/3278721.3278722,https://www.semanticscholar.org/paper/7a2b6c19f86fa72742beca534ea962edfffd689b,100,7a2b6c19f86fa72742beca534ea962edfffd689b,We introduce a novel technique to achieve non-discrimination in machine learning without sacrificing convexity and probabilistic interpretation. We also propose a new notion of fairness for machine learning called the weighted proportional fairness and show that our technique satisfies this subjective fairness criterion.,90.46774193548389,228.93937330061112,0.0416366041676881,0.6158025436735292,Top 15%
Defining AI in Policy versus Practice,"P. Krafft, Meg Young, Michael A. Katell, Karen Huang, Ghislain Bugingo",2019,"AAAI/ACM Conference on AI, Ethics, and Society",10.1145/3375627.3375835,https://www.semanticscholar.org/paper/41ca1118a5878af28be2ffacb322311e00c88bfa,97,41ca1118a5878af28be2ffacb322311e00c88bfa,"Recent concern about harms of information technologies motivate consideration of regulatory action to forestall or constrain certain developments in the field of artificial intelligence (AI). However, definitional ambiguity hampers the possibility of conversation about this urgent topic of public concern. Legal and regulatory interventions require agreed-upon definitions, but consensus around a definition of AI has been elusive, especially in policy conversations. With an eye towards practical working definitions and a broader understanding of positions on these issues, we survey experts and review published policy documents to examine researcher and policy-maker conceptions of AI. We find that while AI researchers favor definitions of AI that emphasize technical functionality, policy-makers instead use definitions that compare systems to human thinking and behavior. We point out that definitions adhering closely to the functionality of AI systems are more inclusive of technologies in use today, whereas definitions that emphasize human-like capabilities are most applicable to hypothetical future technologies. As a result of this gap, ethical and regulatory efforts may overemphasize concern about future technologies at the expense of pressing issues with existing deployed technologies.",87.5909090909091,155.04430902886364,0.0606864641986909,0.5873957302686054,Top 15%
Diversity and Inclusion Metrics in Subset Selection,"Margaret Mitchell, Dylan Baker, Nyalleng Moorosi, Emily L. Denton, Ben Hutchinson, A. Hanna, Timnit Gebru, Jamie H. Morgenstern",2020,"AAAI/ACM Conference on AI, Ethics, and Society",10.1145/3375627.3375832,https://www.semanticscholar.org/paper/a91f396eec7c8c6db1b52af5a9f9fcecc018914a,93,a91f396eec7c8c6db1b52af5a9f9fcecc018914a,"The ethical concept of fairness has recently been applied in machine learning (ML) settings to describe a wide range of constraints and objectives. When considering the relevance of ethical concepts to subset selection problems, the concepts of diversity and inclusion are additionally applicable in order to create outputs that account for social power and access differentials. We introduce metrics based on these concepts, which can be applied together, separately, and in tandem with additional fairness constraints. Results from human subject experiments lend support to the proposed criteria. Social choice methods can additionally be leveraged to aggregate and choose preferable sets, and we detail how these may be applied.",50.56,77.12710288867332,0.5502605233501209,0.5495199790620404,Top 15%
Active Fairness in Algorithmic Decision Making,"Alejandro Noriega-Campero, Michiel A. Bakker, Bernardo Garcia-Bulle, A. Pentland",2018,"AAAI/ACM Conference on AI, Ethics, and Society",10.1145/3306618.3314277,https://www.semanticscholar.org/paper/6e90926692ffa30a6a15f8acc12888195be0ed03,90,6e90926692ffa30a6a15f8acc12888195be0ed03,"Society increasingly relies on machine learning models for automated decision making. Yet, efficiency gains from automation have come paired with concern for algorithmic discrimination that can systematize inequality. Recent work has proposed optimal post-processing methods that randomize classification decisions for a fraction of individuals, in order to achieve fairness measures related to parity in errors and calibration. These methods, however, have raised concern due to the information inefficiency, intra-group unfairness, and Pareto sub-optimality they entail. The present work proposes an alternativeactive framework for fair classification, where, in deployment, a decision-maker adaptively acquires information according to the needs of different groups or individuals, towards balancing disparities in classification performance. We propose two such methods, where information collection is adapted to group- and individual-level needs respectively. We show on real-world datasets that these can achieve: 1) calibration and single error parity (e.g.,equal opportunity ); and 2) parity in both false positive and false negative rates (i.e.,equal odds ). Moreover, we show that by leveraging their additional degree of freedom,active approaches can substantially outperform randomization-based classifiers previously considered optimal, while avoiding limitations such as intra-group unfairness.",90.46774193548389,228.93937330061112,-0.0020430820995989,0.5211131656571166,Top 15%
Supporting Human-AI Collaboration in Auditing LLMs with LLMs,"Charvi Rastogi, Marco Tulio Ribeiro, Nicholas King, Saleema Amershi",2023,"AAAI/ACM Conference on AI, Ethics, and Society",10.1145/3600211.3604712,https://www.semanticscholar.org/paper/784e03977f16b0b5a00c16523fdbcb9ffcefc545,89,784e03977f16b0b5a00c16523fdbcb9ffcefc545,"Large language models (LLMs) are increasingly becoming all-powerful and pervasive via deployment in sociotechnical systems. Yet these language models, be it for classification or generation, have been shown to be biased, behave irresponsibly, causing harm to people at scale. It is crucial to audit these language models rigorously before deployment. Existing auditing tools use either or both humans and AI to find failures. In this work, we draw upon literature in human-AI collaboration and sensemaking, and interview research experts in safe and fair AI, to build upon the auditing tool: AdaTest [36], which is powered by a generative LLM. Through the design process we highlight the importance of sensemaking and human-AI communication to leverage complementary strengths of humans and generative models in collaborative auditing. To evaluate the effectiveness of AdaTest++, the augmented tool, we conduct user studies with participants auditing two commercial language models: OpenAI’s GPT-3 and Azure’s sentiment analysis model. Qualitative analysis shows that AdaTest++ effectively leverages human strengths such as schematization, hypothesis testing. Further, with our tool, users identified a variety of failures modes, covering 26 different topics over 2 tasks, that have been shown in formal audits and also those previously under-reported.",26.6,45.93699388736063,1.3583823128045194,0.5116442278554755,Top 15%
Ethics by Design: Necessity or Curse?,"V. Dignum, M. Baldoni, C. Baroglio, M. Caon, R. Chatila, Louise Dennis, Gonzalo Génova, Galit Haim, Malte S. Kliess, M. López-Sánchez, Roberto Micalizio, J. Pavón, M. Slavkovik, Matthijs H. J. Smakman, Marlies van Steenbergen, Stefano Tedeschi, Leendert van der Torre, S. Villata, T. D. Wildt",2018,"AAAI/ACM Conference on AI, Ethics, and Society",10.1145/3278721.3278745,https://www.semanticscholar.org/paper/3dc3bb660081833d20ec970b4d7f0237f90abd5c,88,3dc3bb660081833d20ec970b4d7f0237f90abd5c,"Ethics by Design concerns the methods, algorithms and tools needed to endow autonomous agents with the capability to reason about the ethical aspects of their decisions, and the methods, tools and formalisms to guarantee that an agent's behavior remains within given moral bounds. In this context some questions arise: How and to what extent can agents understand the social reality in which they operate, and the other intelligences (AI, animals and humans) with which they co-exist? What are the ethical concerns in the emerging new forms of society, and how do we ensure the human dimension is upheld in interactions and decisions by autonomous agents?. But overall, the central question is: ""Can we, and should we, build ethically-aware agents?"" This paper presents initial conclusions from the thematic day of the same name held at PRIMA2017, on October 2017.",90.46774193548389,228.93937330061112,-0.0107790193530563,0.5021752900538342,Top 15%
Responsible AI Systems: Who are the Stakeholders?,"A. Deshpande, Helen Sharp",2022,"AAAI/ACM Conference on AI, Ethics, and Society",10.1145/3514094.3534187,https://www.semanticscholar.org/paper/d0824a7052dddcf383445b09da47ca1b66952c89,88,d0824a7052dddcf383445b09da47ca1b66952c89,"As of 2021, there were more than 170 guidelines on AI ethics and responsible, trustworthy AI in circulation according to the AI Ethics Guidelines Global Inventory maintained by AlgorithmWatch, an organisation which tracks the effects of increased digitalisation on everyday lives. However, from the perspective of day-to-day work, for those engaged in designing, developing, and maintaining AI systems identifying relevant guidelines and translating them into practice presents a challenge. The aim of this paper is to help anyone engaged in building a responsible AI system by identifying an indicative long-list of potential stakeholders. This list of impacted stakeholders is intended to enable such AI system builders to decide which guidelines are most suited to their practice. The paper draws on a literature review of articles short-listed based on searches conducted in the ACM Digital Library and Google Scholar. The findings are based on content analysis of the short-listed literature guided by probes which draw on the ISO 26000:2010 Guidance on social responsibility. The paper identifies three levels of potentially relevant stakeholders when responsible AI systems are considered: individual stakeholders (including users, developers, and researchers), organisational stakeholders, and national / international stakeholders engaged in making laws, rules, and regulations. The main intended audience for this paper is software, requirements, and product engineers engaged in building AI systems. In addition, business executives, policy makers, legal/regulatory experts, AI researchers, public, private, and third sector organisations developing responsible AI guidelines, and anyone interested in seeing functional responsible AI systems are the other intended audience for this paper.",26.925925925925927,39.8625067506353,1.5321182497661343,0.5021752900538342,Top 15%
What's up with Privacy?: User Preferences and Privacy Concerns in Intelligent Personal Assistants,"L. Manikonda, Aditya Deotale, S. Kambhampati",2017,"AAAI/ACM Conference on AI, Ethics, and Society",10.1145/3278721.3278773,https://www.semanticscholar.org/paper/0a905365045e53c2156f9db049065dbd719a0dd2,88,0a905365045e53c2156f9db049065dbd719a0dd2,"The recent breakthroughs in Artificial Intelligence (AI) have allowed individuals to rely on automated systems for a variety of reasons. Some of these systems are the currently popular voice-enabled systems like Echo by Amazon and Home by Google that are also called as Intelligent Personal Assistants (IPAs). Though there are rising concerns about privacy and ethical implications, users of these IPAs seem to continue using these systems. We aim to investigate to what extent users are concerned about privacy and how they are handling these concerns while using the IPAs. By utilizing the reviews posted online along with the responses to a survey, this paper provides a set of insights about the detected markers related to user interests and privacy challenges. The insights suggest that users of these systems irrespective of their concerns about privacy, are generally positive in terms of utilizing IPAs in their everyday lives. However, there is a significant percentage of users who are concerned about privacy and take further actions to address related concerns. Some percentage of users expressed that they do not have any privacy concerns but when they learned about the ""always listening"" feature of these devices, their concern about privacy increased.",84.08333333333333,80.16512315026385,0.0488574895509753,0.5021752900538342,Top 15%
Towards Unbiased and Accurate Deferral to Multiple Experts,"Vijay Keswani, Matthew Lease, K. Kenthapadi",2021,"AAAI/ACM Conference on AI, Ethics, and Society",10.1145/3461702.3462516,https://www.semanticscholar.org/paper/16f7627adccc8fc6108b659bc06f34780d3a588a,87,16f7627adccc8fc6108b659bc06f34780d3a588a,"Machine learning models are often implemented in cohort with humans in the pipeline, with the model having an option to defer to a domain expert in cases where it has low confidence in its inference. Our goal is to design mechanisms for ensuring accuracy and fairness in such prediction systems that combine machine learning model inferences and domain expert predictions. Prior work on ""deferral systems"" in classification settings has focused on the setting of a pipeline with a single expert and aimed to accommodate the inaccuracies and biases of this expert to simultaneously learn an inference model and a deferral system. Our work extends this framework to settings where multiple experts are available, with each expert having their own domain of expertise and biases. We propose a framework that simultaneously learns a classifier and a deferral system, with the deferral system choosing to defer to one or more human experts in cases of input where the classifier has low confidence. We test our framework on a synthetic dataset and a content moderation dataset with biased synthetic experts, and show that it significantly improves the accuracy and fairness of the final predictions, compared to the baselines. We also collect crowdsourced labels for the content moderation task to construct a real-world dataset for the evaluation of hybrid machine-human frameworks and show that our proposed framework outperforms baselines on this real-world dataset as well.",40.458333333333336,35.57475798648673,1.3082778155327377,0.4927063522521929,Top 15%
AI Extenders: The Ethical and Societal Implications of Humans Cognitively Extended by AI,"J. Hernández-Orallo, Karina Vold",2019,"AAAI/ACM Conference on AI, Ethics, and Society",10.1145/3306618.3314238,https://www.semanticscholar.org/paper/7081b74ac451a4ce8944a4fa7a8ea729c38b4f16,79,7081b74ac451a4ce8944a4fa7a8ea729c38b4f16,"Humans and AI systems are usually portrayed as separate systems that we need to align in values and goals. However, there is a great deal of AI technology found in non-autonomous systems that are used as cognitive tools by humans. Under the extended mind thesis, the functional contributions of these tools become as essential to our cognition as our brains. But AI can take cognitive extension towards totally new capabilities, posing new philosophical, ethical and technical challenges. To analyse these challenges better, we define and place AI extenders in a continuum between fully-externalized systems, loosely coupled with humans, and fully internalized processes, with operations ultimately performed by the brain, making the tool redundant. We dissect the landscape of cognitive capabilities that can foreseeably be extended by AI and examine their ethical implications.We suggest that cognitive extenders using AI be treated as distinct from other cognitive enhancers by all relevant stakeholders, including developers, policy makers, and human users.",87.5909090909091,155.04430902886364,-0.0554093803553265,0.416954849839063,Top 15%
Do Humans Trust Advice More if it Comes from AI?: An Analysis of Human-AI Interactions,"Kailas Vodrahalli, Tobias Gerstenberg, James Zou",2021,"AAAI/ACM Conference on AI, Ethics, and Society",10.1145/3514094.3534150,https://www.semanticscholar.org/paper/dcd7b6783ebdd1bab79db08027d18d950d6e7fd8,79,dcd7b6783ebdd1bab79db08027d18d950d6e7fd8,"In decision support applications of AI, the AI algorithm's output is framed as a suggestion to a human user. The user may ignore this advice or take it into consideration to modify their decision. With the increasing prevalence of such human-AI interactions, it is important to understand how users react to AI advice. In this paper, we recruited over 1100 crowdworkers to characterize how humans use AI suggestions relative to equivalent suggestions from a group of peer humans across several experimental settings. We find that participants' beliefs about how human versus AI performance on a given task affects whether they heed the advice. When participants do heed the advice, they use it similarly for human and AI suggestions. Based on these results, we propose a two-stage, ""activation-integration"" model for human behavior and use it to characterize the factors that affect human-AI interactions.",40.458333333333336,35.57475798648673,1.0833992653247826,0.416954849839063,Top 15%
Impacts on Trust of Healthcare AI,"Emily LaRosa, D. Danks",2018,"AAAI/ACM Conference on AI, Ethics, and Society",10.1145/3278721.3278771,https://www.semanticscholar.org/paper/41326f8a19b7a20983d4aa092fb0318dc683404d,78,41326f8a19b7a20983d4aa092fb0318dc683404d,"Artificial Intelligence and robotics are rapidly moving into healthcare, playing key roles in specific medical functions, including diagnosis and clinical treatment. Much of the focus in the technology development has been on human-machine interactions, leading to a host of related technology-centric questions. In this paper, we focus instead on the impact of these technologies on human-human interactions and relationships within the healthcare domain. In particular, we argue that trust plays a central role for relationships in the healthcare domain, and the introduction of healthcare AI can potentially have significant impacts on those relations of trust. We contend that healthcare AI systems ought to be treated as assistive technologies that go beyond the usual functions of medical devices. As a result, we need to rethink regulation of healthcare AI systems to ensure they advance relevant values. We propose three distinct guidelines that can be universalized across federal regulatory boards to ensure that patient-doctor trust is not detrimentally affected by the deployment and widespread adoption of healthcare AI technologies.",90.46774193548389,228.93937330061112,-0.0544587056203433,0.4074859120374217,Top 15%
A Meta-Analysis of the Utility of Explainable Artificial Intelligence in Human-AI Decision-Making,"Max Schemmer, Patrick Hemmer, Maximilian Nitsche, Niklas Kuhl, Michael Vossing",2022,"AAAI/ACM Conference on AI, Ethics, and Society",10.1145/3514094.3534128,https://www.semanticscholar.org/paper/028b243cf4af9ce5f48b7e851b5d79b2265cac8a,78,028b243cf4af9ce5f48b7e851b5d79b2265cac8a,"Research in artificial intelligence (AI)-assisted decision-making is experiencing tremendous growth with a constantly rising number of studies evaluating the effect of AI with and without techniques from the field of explainable AI (XAI) on human decision-making performance. However, as tasks and experimental setups vary due to different objectives, some studies report improved user decision-making performance through XAI, while others report only negligible effects. Therefore, in this article, we present an initial synthesis of existing research on XAI studies using a statistical meta-analysis to derive implications across existing research. We observe a statistically positive impact of XAI on users' performance. Additionally, the first results indicate that human-AI decision-making tends to yield better task performance on text data. However, we find no effect of explanations on users' performance compared to sole AI predictions. Our initial synthesis gives rise to future research investigating the underlying causes and contributes to further developing algorithms that effectively benefit human decision-makers by providing meaningful explanations.",26.925925925925927,39.8625067506353,1.2812559529578529,0.4074859120374217,Top 15%
Fair Forests: Regularized Tree Induction to Minimize Model Bias,"Edward Raff, Jared Sylvester, S. Mills",2017,"AAAI/ACM Conference on AI, Ethics, and Society",10.1145/3278721.3278742,https://www.semanticscholar.org/paper/d0f57f55602c78c7c1084853b2341446184a8417,76,d0f57f55602c78c7c1084853b2341446184a8417,"The potential lack of fairness in the outputs of machine learning algorithms has recently gained attention both within the research community as well as in society more broadly. Surprisingly, there is no prior work developing tree-induction algorithms for building fair decision trees or fair random forests. These methods have widespread popularity as they are one of the few to be simultaneously interpretable, non-linear, and easy-to-use. In this paper we develop, to our knowledge, the first technique for the induction of fair decision trees.We show that our ""Fair Forest"" retains the benefits of the tree-based approach, while providing both greater accuracy and fairness than other alternatives, for both ""group fairness'' and ""individual fairness.'' We also introduce new measures for fairness which are able to handle multinomial and continues attributes as well as regression problems, as opposed to binary attributes and labels only. Finally, we demonstrate a new, more robust evaluation procedure for algorithms that considers the dataset in its entirety rather than only a specific protected attribute.",84.08333333333333,80.16512315026385,-0.1008335422647788,0.3885480364341392,Top 15%
U.S. Public Opinion on the Governance of Artificial Intelligence,"Baobao Zhang, Allan Dafoe",2019,"AAAI/ACM Conference on AI, Ethics, and Society",10.1145/3375627.3375827,https://www.semanticscholar.org/paper/a1435432eb933fa06d26b2b967ed785016d24be2,76,a1435432eb933fa06d26b2b967ed785016d24be2,"Artificial intelligence (AI) has widespread societal implications, yet social scientists are only beginning to study public attitudes toward the technology. Existing studies find that the public's trust in institutions can play a major role in shaping the regulation of emerging technologies. Using a large-scale survey (N=2000), we examined Americans' perceptions of 13 AI governance challenges as well as their trust in governmental, corporate, and multistakeholder institutions to responsibly develop and manage AI. While Americans perceive all of the AI governance issues to be important for tech companies and governments to manage, they have only low to moderate trust in these institutions to manage AI applications.",87.5909090909091,155.04430902886364,-0.0747586877809961,0.3885480364341392,Top 15%
Creating Fair Models of Atherosclerotic Cardiovascular Disease Risk,"S. Pfohl, Ben J. Marafino, Adrien Coulet, F. Rodriguez, L. Palaniappan, N. Shah",2018,"AAAI/ACM Conference on AI, Ethics, and Society",10.1145/3306618.3314278,https://www.semanticscholar.org/paper/a3fbb6013aaf90639734b4e07873ac98627a28a5,74,a3fbb6013aaf90639734b4e07873ac98627a28a5,"Guidelines for the management of atherosclerotic cardiovascular disease (ASCVD) recommend the use of risk stratification models to identify patients most likely to benefit from cholesterol-lowering and other therapies. These models have differential performance across race and gender groups with inconsistent behavior across studies, potentially resulting in an inequitable distribution of beneficial therapy. In this work, we leverage adversarial learning and a large observational cohort extracted from electronic health records (EHRs) to develop a ""fair"" ASCVD risk prediction model with reduced variability in error rates across groups. We empirically demonstrate that our approach is capable of aligning the distribution of risk predictions conditioned on the outcome across several groups simultaneously for models built from high-dimensional EHR data. We also discuss the relevance of these results in the context of the empirical trade-off between fairness and model performance.",90.46774193548389,228.93937330061112,-0.0719305801272581,0.3696101608308567,Top 15%
"Gender Bias in Word Embeddings: A Comprehensive Analysis of Frequency, Syntax, and Semantics","Aylin Caliskan, Pimparkar Parth Ajay, Tessa E. S. Charlesworth, R. Wolfe, M. Banaji",2022,"AAAI/ACM Conference on AI, Ethics, and Society",10.1145/3514094.3534162,https://www.semanticscholar.org/paper/0f72e329d3b0f1cfe388d102ef5fec0677ac7558,74,0f72e329d3b0f1cfe388d102ef5fec0677ac7558,"Word embeddings are numeric representations of meaning derived from word co-occurrence statistics in corpora of human-produced texts. The statistical regularities in language corpora encode well-known social biases into word embeddings (e.g., the word vector for family is closer to the vector women than to men). Although efforts have been made to mitigate bias in word embeddings, with the hope of improving fairness in downstream Natural Language Processing (NLP) applications, these efforts will remain limited until we more deeply understand the multiple (and often subtle) ways that social biases can be reflected in word embeddings. Here, we focus on gender to provide a comprehensive analysis of group-based biases in widely-used static English word embeddings trained on internet corpora (GloVe 2014, fastText 2017). While some previous research has helped uncover biases in specific semantic associations between a group and a target domain (e.g., women - family), using the Single-Category Word Embedding Association Test, we demonstrate the widespread prevalence of gender biases that also show differences in: (1) frequencies of words associated with men versus women; (b) part-of-speech tags in gender-associated words; (c) semantic categories in gender-associated words; and (d) valence, arousal, and dominance in gender-associated words. We leave the analysis of non-binary gender to future work due to the challenges in accurate group representation caused by limitations inherent in data. First, in terms of word frequency: we find that, of the 1,000 most frequent words in the vocabulary, 77% are more associated with men than women, providing direct evidence of a masculine default in the everyday language of the English-speaking world. Second, turning to parts-of-speech: the top male-associated words are typically verbs (e.g., fight, overpower) while the top female-associated words are typically adjectives and adverbs (e.g., giving, emotionally). Gender biases in embeddings also permeate parts-of-speech. Third, for semantic categories: bottom-up, cluster analyses of the top 1,000 words associated with each gender. The top male-associated concepts include roles and domains of big tech, engineering, religion, sports, and violence; in contrast, the top female-associated concepts are less focused on roles, including, instead, female-specific slurs and sexual content, as well as appearance and kitchen terms. Fourth, using human ratings of word valence, arousal, and dominance from a ~20,000 word lexicon, we find that male-associated words are higher on arousal and dominance, while female-associated words are higher on valence. Ultimately, these findings move the study of gender bias in word embeddings beyond the basic investigation of semantic relationships to also study gender differences in multiple manifestations in text. Given the central role of word embeddings in NLP applications, it is essential to more comprehensively document where biases exist and may remain hidden, allowing them to persist without our awareness throughout large text corpora.",26.925925925925927,39.8625067506353,1.1809110342345404,0.3696101608308567,Top 15%
Emergent Unfairness in Algorithmic Fairness-Accuracy Trade-Off Research,"A. Feder Cooper, Ellen Abrams, N. Na",2021,"AAAI/ACM Conference on AI, Ethics, and Society",10.1145/3461702.3462519,https://www.semanticscholar.org/paper/232d0c42a26a54f52266a09e0c7117291402d33c,72,232d0c42a26a54f52266a09e0c7117291402d33c,"Across machine learning (ML) sub-disciplines, researchers make explicit mathematical assumptions in order to facilitate proof-writing. We note that, specifically in the area of fairness-accuracy trade-off optimization scholarship, similar attention is not paid to the normative assumptions that ground this approach. Such assumptions presume that 1) accuracy and fairness are in inherent opposition to one another, 2) strict notions of mathematical equality can adequately model fairness, 3) it is possible to measure the accuracy and fairness of decisions independent from historical context, and 4) collecting more data on marginalized individuals is a reasonable solution to mitigate the effects of the trade-off. We argue that such assumptions, which are often left implicit and unexamined, lead to inconsistent conclusions: While the intended goal of this work may be to improve the fairness of machine learning models, these unexamined, implicit assumptions can in fact result in emergent unfairness. We conclude by suggesting a concrete path forward toward a potential resolution.",40.458333333333336,35.57475798648673,0.886630533892822,0.3506722852275742,Top 15%
Sociotechnical Systems and Ethics in the Large,"Amit K. Chopra, Munindar P. Singh",2018,"AAAI/ACM Conference on AI, Ethics, and Society",10.1145/3278721.3278740,https://www.semanticscholar.org/paper/94692692dbb6b19c23e086449deee3e1b807511e,72,94692692dbb6b19c23e086449deee3e1b807511e,"Advances in AI techniques and computing platforms have triggered a lively and expanding discourse on ethical decision making by autonomous agents. Much recent work in AI concentrates on the challenges of moral decision making from a decision-theoretic perspective, and especially the representation of various ethical dilemmas. Such approaches may be useful but in general are not productive because moral decision making is as context-driven as other forms of decision making, if not more. In contrast, we consider ethics not from the standpoint of an individual agent but of the wider sociotechnical systems (STS) in which the agent operates. Our contribution in this paper is the conception of ethical STS founded on governance that takes into account stakeholder values, normative constraints on agents, and outcomes (states of the STS) that obtain due to actions taken by agents. An important element of our conception is accountability, which is necessary for adequate consideration of outcomes that prima facie appear ethical or unethical. Focusing on STS provides a basis for tackling the difficult problems of ethics because the norms of an STS give an operational basis for agent decision making.",90.46774193548389,228.93937330061112,-0.0806665173807155,0.3506722852275742,Top 15%
Balancing the Tradeoff between Profit and Fairness in Rideshare Platforms during High-Demand Hours,"Vedant Nanda, Pan Xu, Karthik Abinav Sankararaman, John P. Dickerson, A. Srinivasan",2019,"AAAI/ACM Conference on AI, Ethics, and Society",10.1145/3375627.3375818,https://www.semanticscholar.org/paper/3a8b68f6e2ae315e86714036bfcc1a16154a5a42,72,3a8b68f6e2ae315e86714036bfcc1a16154a5a42,"Rideshare platforms, when assigning requests to drivers, tend to maximize profit for the system and/or minimize waiting time for riders. Such platforms can exacerbate biases that drivers may have over certain types of requests. We consider the case of peak hours when the demand for rides is more than the supply of drivers. Drivers are well aware of their advantage during the peak hours and can choose to be selective about which rides to accept. Moreover, if in such a scenario, the assignment of requests to drivers (by the platform) is made only to maximize profit and/or minimize wait time for riders, requests of a certain type (e.g., from a non-popular pickup location, or to a non-popular drop-off location) might never be assigned to a driver. Such a system can be highly unfair to riders. However, increasing fairness might come at a cost of the overall profit made by the rideshare platform. To balance these conflicting goals, we present a flexible, non-adaptive algorithm, NAdap, that allows the platform designer to control the profit and fairness of the system via parameters α and β respectively.We model the matching problem as an online bipartite matching where the set of drivers is offline and requests arrive online. Upon the arrival of a request, we use NAdap to assign it to a driver (the driver might then choose to accept or reject it) or reject the request. We formalize the measures of profit and fairness in our setting and show that by using NAdap, the competitive ratios for profit and fairness measures would be no worse than α/e and β/e respectively. Extensive experimental results on both real-world and synthetic datasets confirm the validity of our theoretical lower bounds. Additionally, they show that NAdap under some choice of (α, β) can beat two natural heuristics, Greedy and Uniform, on both fairness and profit. Code is available at: https://github.com/nvedant07/rideshare-fairness-peak/. Full paper can be found in the proceedings of AAAI 2020 and on ArXiv: http://arxiv.org/abs/1912.08388).",87.5909090909091,155.04430902886364,-0.1005577643485555,0.3506722852275742,Top 15%
"Democratising AI: Multiple Meanings, Goals, and Methods","Elizabeth Seger, Aviv Ovadya, Divya Siddarth, Ben Garfinkel, Allan Dafoe",2023,"AAAI/ACM Conference on AI, Ethics, and Society",10.1145/3600211.3604693,https://www.semanticscholar.org/paper/72a9a023f60b22b4d6776c73da00d5858c3fd8ed,71,72a9a023f60b22b4d6776c73da00d5858c3fd8ed,"Numerous parties are calling for “the democratisation of AI”, but the phrase is used to refer to a variety of goals, the pursuit of which sometimes conflict. This paper identifies four kinds of “AI democratisation” that are commonly discussed: (1) the democratisation of AI use, (2) the democratisation of AI development, (3) the democratisation of AI profits, and (4) the democratisation of AI governance. Numerous goals and methods of achieving each form of democratisation are discussed. The main takeaway from this paper is that AI democratisation is a multifarious and sometimes conflicting concept that should not be conflated with improving AI accessibility. If we want to move beyond ambiguous commitments to “democratising AI”, to productive discussions of concrete policies and trade-offs, then we need to recognise the principal role of the democratisation of AI governance in navigating tradeoffs and risks across decisions around use, development, and profits.",26.6,45.93699388736063,0.9665412610339849,0.341203347425933,Top 15%
Semantics Derived Automatically from Language Corpora Contain Human-like Moral Choices,"Sophie F. Jentzsch, P. Schramowski, C. Rothkopf, K. Kersting",2019,"AAAI/ACM Conference on AI, Ethics, and Society",10.1145/3306618.3314267,https://www.semanticscholar.org/paper/739f8fc0c3d5a1097d67b495ec21c61eb20ec3f0,71,739f8fc0c3d5a1097d67b495ec21c61eb20ec3f0,"Allowing machines to choose whether to kill humans would be devastating for world peace and security. But how do we equip machines with the ability to learn ethical or even moral choices? Here, we show that applying machine learning to human texts can extract deontological ethical reasoning about ""right"" and ""wrong"" conduct. We create a template list of prompts and responses, which include questions, such as ""Should I kill people?"", ""Should I murder people?"", etc. with answer templates of ""Yes/no, I should (not)."" The model's bias score is now the difference between the model's score of the positive response (""Yes, I should'') and that of the negative response (""No, I should not""). For a given choice overall, the model's bias score is the sum of the bias scores for all question/answer templates with that choice. We ran different choices through this analysis using a Universal Sentence Encoder. Our results indicate that text corpora contain recoverable and accurate imprints of our social, ethical and even moral choices. Our method holds promise for extracting, quantifying and comparing sources of moral choices in culture, including technology.",87.5909090909091,155.04430902886364,-0.1070075334904454,0.341203347425933,Top 15%
Mapping Informal Settlements in Developing Countries using Machine Learning and Low Resolution Multi-spectral Data,"Bradley Gram-Hansen, P. Helber, I. Varatharajan, F. Azam, Alejandro Coca-Castro, V. Kopačková, P. Bilinski",2019,"AAAI/ACM Conference on AI, Ethics, and Society",10.1145/3306618.3314253,https://www.semanticscholar.org/paper/212b0f46f560f20f3c73a3acf4bef4176bb44b85,69,212b0f46f560f20f3c73a3acf4bef4176bb44b85,"Informal settlements are home to the most socially and economically vulnerable people on the planet. In order to deliver effective economic and social aid, non-government organizations (NGOs), such as the United Nations Children's Fund (UNICEF), require detailed maps of the locations of informal settlements. However, data regarding informal and formal settlements is primarily unavailable and if available is often incomplete. This is due, in part, to the cost and complexity of gathering data on a large scale. To address these challenges, we, in this work, provide three contributions. 1) A brand new machine learning dataset purposely developed for informal settlement detection. 2) We show that it is possible to detect informal settlements using freely available low-resolution (LR) data, in contrast to previous studies that use very-high resolution~(VHR) satellite and aerial imagery, something that is cost-prohibitive for NGOs. 3) We demonstrate two effective classification schemes on our curated data set, one that is cost-efficient for NGOs and another that is cost-prohibitive for NGOs, but has additional utility. We integrate these schemes into a semi-automated pipeline that converts either a LR or VHR satellite image into a binary map that encodes the locations of informal settlements.",87.5909090909091,155.04430902886364,-0.1199070717742251,0.3222654718226505,Top 15%
Taking Advantage of Multitask Learning for Fair Classification,"L. Oneto, Michele Donini, Amon Elders, M. Pontil",2018,"AAAI/ACM Conference on AI, Ethics, and Society",10.1145/3306618.3314255,https://www.semanticscholar.org/paper/e70092e795143805d39e778d48a3a51957eb94ac,68,e70092e795143805d39e778d48a3a51957eb94ac,"A central goal of algorithmic fairness is to reduce bias in automated decision making. An unavoidable tension exists between accuracy gains obtained by using sensitive information as part of a statistical model, and any commitment to protect these characteristics. Often, due to biases present in the data, using the sensitive information in the functional form of a classifier improves classification accuracy. In this paper we show how it is possible to get the best of both worlds: optimize model accuracy and fairness without explicitly using the sensitive feature in the functional form of the model, thereby treating different individuals equally. Our method is based on two key ideas. On the one hand, we propose to use Multitask Learning (MTL), enhanced with fairness constraints, to jointly learn group specific classifiers that leverage information between sensitive groups. On the other hand, since learning group specific models might not be permitted, we propose to first predict the sensitive features by any learning method and then to use the predicted sensitive feature to train MTL with fairness constraints. This enables us to tackle fairness with a three-pronged approach, that is, by increasing accuracy on each group, enforcing measures of fairness during training, and protecting sensitive information during testing. Experimental results on two real datasets support our proposal, showing substantial improvements in both accuracy and fairness.",90.46774193548389,228.93937330061112,-0.0981383918876303,0.3127965340210092,Top 15%
Self-Destructing Models: Increasing the Costs of Harmful Dual Uses of Foundation Models,"E. Mitchell, Peter Henderson, Christopher D. Manning, Dan Jurafsky, Chelsea Finn",2022,"AAAI/ACM Conference on AI, Ethics, and Society",10.1145/3600211.3604690,https://www.semanticscholar.org/paper/adbda885f4c2d68bafd1a2a8fcbb3dc88cdb4951,65,adbda885f4c2d68bafd1a2a8fcbb3dc88cdb4951,"A growing ecosystem of large, open-source foundation models has reduced the labeled data and technical expertise necessary to apply machine learning to many new problems. Yet foundation models pose a clear dual-use risk, indiscriminately reducing the costs of building both harmful and beneficial machine learning systems. Policy tools such as restricted model access and export controls are the primary methods currently used to mitigate such dual-use risks. In this work, we review potential safe-release strategies and argue that both policymakers and AI researchers would benefit from fundamentally new technologies enabling more precise control over the downstream usage of open-source foundation models. We propose one such approach: the task blocking paradigm, in which foundation models are trained with an additional mechanism to impede adaptation to harmful tasks without sacrificing performance on desirable tasks. We call the resulting models self-destructing models, inspired by mechanisms that prevent adversaries from using tools for harmful purposes. We present an algorithm for training self-destructing models leveraging techniques from meta-learning and adversarial learning, which we call meta-learned adversarial censoring (MLAC). In a small-scale experiment, we show MLAC can largely prevent a BERT-style model from being re-purposed to perform gender identification without harming the model’s ability to perform profession classification.",26.925925925925927,39.8625067506353,0.9551349671070868,0.2843897206160855,Top 15%
Fairness via Explanation Quality: Evaluating Disparities in the Quality of Post hoc Explanations,"Jessica Dai, Sohini Upadhyay, U. Aïvodji, Stephen H. Bach, Himabindu Lakkaraju",2022,"AAAI/ACM Conference on AI, Ethics, and Society",10.1145/3514094.3534159,https://www.semanticscholar.org/paper/0ab86748d7c5b40653c9630f85d424b8f3723a17,65,0ab86748d7c5b40653c9630f85d424b8f3723a17,"As post hoc explanation methods are increasingly being leveraged to explain complex models in high-stakes settings, it becomes critical to ensure that the quality of the resulting explanations is consistently high across all subgroups of a population. For instance, it should not be the case that explanations associated with instances belonging to, e.g., women, are less accurate than those associated with other genders. In this work, we initiate the study of identifying group-based disparities in explanation quality. To this end, we first outline several key properties that contribute to explanation quality-namely, fidelity (accuracy), stability, consistency, and sparsity-and discuss why and how disparities in these properties can be particularly problematic. We then propose an evaluation framework which can quantitatively measure disparities in the quality of explanations. Using this framework, we carry out an empirical analysis with three datasets, six post hoc explanation methods, and different model classes to understand if and when group-based disparities in explanation quality arise. Our results indicate that such disparities are more likely to occur when the models being explained are complex and non-linear. We also observe that certain post hoc explanation methods (e.g., Integrated Gradients, SHAP) are more likely to exhibit disparities. Our work sheds light on previously unexplored ways in which explanation methods may introduce unfairness in real world decision making.",26.925925925925927,39.8625067506353,0.9551349671070868,0.2843897206160855,Top 15%
Costs and Benefits of Fair Representation Learning,"D. McNamara, Cheng Soon Ong, R. C. Williamson",2019,"AAAI/ACM Conference on AI, Ethics, and Society",10.1145/3306618.3317964,https://www.semanticscholar.org/paper/22954c8d9d29075a5f520edc7221cf16e9cec958,65,22954c8d9d29075a5f520edc7221cf16e9cec958,"Machine learning algorithms are increasingly used to make or support important decisions about people's lives. This has led to interest in the problem of fair classification, which involves learning to make decisions that are non-discriminatory with respect to a sensitive variable such as race or gender. Several methods have been proposed to solve this problem, including fair representation learning, which cleans the input data used by the algorithm to remove information about the sensitive variable. We show that using fair representation learning as an intermediate step in fair classification incurs a cost compared to directly solving the problem, which we refer to as thecost of mistrust. We show that fair representation learning in fact addresses a different problem, which is of interest when the data user is not trusted to access the sensitive variable. We quantify the benefits of fair representation learning, by showing that any subsequent use of the cleaned data will not be too unfair. The benefits we identify result from restricting the decisions of adversarial data users, while the costs are due to applying those same restrictions to other data users.",87.5909090909091,155.04430902886364,-0.1457061483417845,0.2843897206160855,Top 15%
"Towards an ""Ethics by Design"" Methodology for AI Research Projects","Mathieu d’Aquin, Pinelopi Troullinou, N. O'Connor, Aindrias Cullen, G. Faller, Louise Holden",2018,"AAAI/ACM Conference on AI, Ethics, and Society",10.1145/3278721.3278765,https://www.semanticscholar.org/paper/f9de2453c86fdf76d5f10c2e5dc20d93f286c66d,65,f9de2453c86fdf76d5f10c2e5dc20d93f286c66d,"Addressing ethical issues arising from AI research, and by extension from most areas of Data Science, is a core challenge in both the academic and industry worlds. The nature of research and the specific set of technical skills involved imply that AI and Data Science researchers are not equipped to identify and anticipate such issues arising, or to establish solutions at the time a specific research project is being designed. In this paper, we discuss the need for a methodology for ethical research design that involves a broader set of skills from the start of the project. We specifically identify, from the relevant literature, a set of requirements that we argue to be needed for such a methodology. We then explore two case studies where such ethical considerations have been explored in conjunction with the development of specific research projects, in order to validate those assumptions and generalise them into a set of principles guiding an ""Ethics by Design"" method for conducting AI and Data Science research.",90.46774193548389,228.93937330061112,-0.1112422977678164,0.2843897206160855,Top 15%
Invisible Influence: Artificial Intelligence and the Ethics of Adaptive Choice Architectures,Daniel Susser,2019,"AAAI/ACM Conference on AI, Ethics, and Society",10.1145/3306618.3314286,https://www.semanticscholar.org/paper/ba74a7b1cbf4d9902a337c2836f8a6f2e8e7a4c9,64,ba74a7b1cbf4d9902a337c2836f8a6f2e8e7a4c9,"For several years, scholars have (for good reason) been largely preoccupied with worries about the use of artificial intelligence and machine learning (AI/ML) tools to make decisions about us. Only recently has significant attention turned to a potentially more alarming problem: the use of AI/ML to influence our decision-making. The contexts in which we make decisions--what behavioral economists call our choice architectures--are increasingly technologically-laden. Which is to say: algorithms increasingly determine, in a wide variety of contexts, both the sets of options we choose from and the way those options are framed. Moreover, artificial intelligence and machine learning (AI/ML) makes it possible for those options and their framings--the choice architectures--to be tailored to the individual chooser. They are constructed based on information collected about our individual preferences, interests, aspirations, and vulnerabilities, with the goal of influencing our decisions. At the same time, because we are habituated to these technologies we pay them little notice. They are, as philosophers of technology put it, transparent to us--effectively invisible. I argue that this invisible layer of technological mediation, which structures and influences our decision-making, renders us deeply susceptible to manipulation. Absent a guarantee that these technologies are not being used to manipulate and exploit, individuals will have little reason to trust them.",87.5909090909091,155.04430902886364,-0.1521559174836744,0.2749207828144443,Top 15%
A Computational Model of Commonsense Moral Decision Making,"Richard Kim, Max Kleiman-Weiner, Andrés Abeliuk, E. Awad, Sohan Dsouza, J. Tenenbaum, Iyad Rahwan",2018,"AAAI/ACM Conference on AI, Ethics, and Society",10.1145/3278721.3278770,https://www.semanticscholar.org/paper/3f2a510235c4bb9ba2618740518315365406a410,62,3f2a510235c4bb9ba2618740518315365406a410,"We introduce a computational model for building moral autonomous vehicles by learning and generalizing from human moral judgments. We draw on a cognitively inspired model of how people and young children learn moral theories from sparse and noisy data and integrate observations made from different people in different groups. The problem of moral learning for autonomous vehicles is cast as learning how to weigh the different features of the dilemma using utility calculus, with the goal of making these trade-offs reflect how people make them in a wide variety of moral dilemma. By modeling the structures of individuals and groups in a hierarchical Bayesian model, we show that an individual's moral values -- as well as a group's shared values -- can be inferred from sparse and noisy data. We evaluate our approach with data from the Moral Machine, a web application that collects human judgments on moral dilemmas involving autonomous vehicles, and show that the model rapidly and accurately infers people's preferences and can predict the difficulty of moral dilemmas from limited data.",90.46774193548389,228.93937330061112,-0.1243462036480025,0.2559829072111618,Top 15%
Factoring the Matrix of Domination: A Critical Review and Reimagination of Intersectionality in AI Fairness,"Arjun Subramonian, Vagrant Gautam",2023,"AAAI/ACM Conference on AI, Ethics, and Society",10.1145/3600211.3604705,https://www.semanticscholar.org/paper/9d979aa07ed80bc943073c8b09ffeb2998e594a8,60,9d979aa07ed80bc943073c8b09ffeb2998e594a8,"Intersectionality is a critical framework that, through inquiry and praxis, allows us to examine how social inequalities persist through domains of structure and discipline. Given AI fairness’ raison d’être of “fairness,” we argue that adopting intersectionality as an analytical framework is pivotal to effectively operationalizing fairness. Through a critical review of how intersectionality is discussed in 30 papers from the AI fairness literature, we deductively and inductively: 1) map how intersectionality tenets operate within the AI fairness paradigm and 2) uncover gaps between the conceptualization and operationalization of intersectionality. We find that researchers overwhelmingly reduce intersectionality to optimizing for fairness metrics over demographic subgroups. They also fail to discuss their social context and when mentioning power, they mostly situate it only within the AI pipeline. We: 3) outline and assess the implications of these gaps for critical inquiry and praxis, and 4) provide actionable recommendations for AI fairness researchers to engage with intersectionality in their work by grounding it in AI epistemology.",26.6,45.93699388736063,0.7270828405075472,0.2370450316078793,Top 15%
The Dark Side of Ethical Robots,"D. Vanderelst, A. Winfield",2016,"AAAI/ACM Conference on AI, Ethics, and Society",10.1145/3278721.3278726,https://www.semanticscholar.org/paper/789c84974cbf0373f36f9fe6122616afe7b07327,58,789c84974cbf0373f36f9fe6122616afe7b07327,"Concerns over the risks associated with advances in Artificial Intelligence have prompted calls for greater efforts toward robust and beneficial AI, including machine ethics. Recently, roboticists have responded by initiating the development of so-called ethical robots. These robots would, ideally, evaluate the consequences of their actions and morally justify their choices. This emerging field promises to develop extensively over the next few years. However, in this paper, we point out an inherent limitation of the emerging field of ethical robots. We show that building ethical robots also inevitably enables the construction of unethical robots. In three experiments, we show that it is remarkably easy to modify an ethical robot so that it behaves competitively, or even aggressively. The reason for this is that the cognitive machinery required to make an ethical robot can always be corrupted to make unethical robots. We discuss the implications of this finding to the governance of ethical robots. We conclude that the risks that unscrupulous actors might compromise a robot's ethics are so great as to raise serious doubts over the wisdom of embedding ethical decision making in real-world safety-critical robots, such as driverless cars.",58.0,,,0.2181071560045968,Top 15%
Learning Existing Social Conventions via Observationally Augmented Self-Play,"Adam Lerer, A. Peysakhovich",2018,"AAAI/ACM Conference on AI, Ethics, and Society",10.1145/3306618.3314268,https://www.semanticscholar.org/paper/12f5850c6d00cfebf5b6be268a55f6f5396d4ef3,58,12f5850c6d00cfebf5b6be268a55f6f5396d4ef3,"In order for artificial agents to coordinate effectively with people, they must act consistently with existing conventions (e.g. how to navigate in traffic, which language to speak, or how to coordinate with teammates). A group's conventions can be viewed as a choice of equilibrium in a coordination game. We consider the problem of an agent learning a policy for a coordination game in a simulated environment and then using this policy when it enters an existing group. When there are multiple possible conventions we show that learning a policy via multi-agent reinforcement learning (MARL) is likely to find policies which achieve high payoffs at training time but fail to coordinate with the real group into which the agent enters. We assume access to a small number of samples of behavior from the true convention and show that we can augment the MARL objective to help it find policies consistent with the real group's convention. In three environments from the literature - traffic, communication, and team coordination - we observe that augmenting MARL with a small amount of imitation learning greatly increases the probability that the strategy found by MARL fits well with the existing social convention. We show that this works even in an environment where standard training methods very rarely find the true convention of the agent's partners.",90.46774193548389,228.93937330061112,-0.1418180781549173,0.2181071560045968,Top 15%
American == White in Multimodal Language-and-Image AI,"R. Wolfe, Aylin Caliskan",2022,"AAAI/ACM Conference on AI, Ethics, and Society",10.1145/3514094.3534136,https://www.semanticscholar.org/paper/b04493c0865c166d00f65bb78f6476b466bbe512,57,b04493c0865c166d00f65bb78f6476b466bbe512,"Three state-of-the-art language-and-image AI models, CLIP, SLIP, and BLIP, are evaluated for evidence of a bias previously observed in social and experimental psychology: equating American identity with being White. Embedding association tests (EATs) using standardized images of self-identified Asian, Black, Latina/o, and White individuals from the Chicago Face Database (CFD) reveal that White individuals are more associated with collective in-group words than are Asian, Black, or Latina/o individuals, with effect sizes >.4 for White vs. Asian comparisons across all models. In assessments of three core aspects of American identity reported by social psychologists, single-category EATs reveal that images of White individuals are more associated with patriotism and with being born in America, but that, consistent with prior findings in psychology, White individuals are associated with being less likely to treat people of all races and backgrounds equally. Additional tests reveal that the number of images of Black individuals returned by an image ranking task is more strongly correlated with state-level implicit bias scores for White individuals (Pearson's ρ=.63 in CLIP, ρ=.69 in BLIP) than are state demographics (ρ=.60), suggesting a relationship between regional prototypicality and implicit bias. Three downstream machine learning tasks demonstrate biases associating American with White. In a visual question answering task using BLIP, 97% of White individuals are identified as American, compared to only 3% of Asian individuals. When asked in what state the individual depicted lives in, the model responds China 53% of the time for Asian individuals, but always with an American state for White individuals. In an image captioning task, BLIP remarks upon the race of Asian individuals as much as 36% of the time, and the race of Black individuals as much as 18% of the time, but never remarks upon race for White individuals. Finally, when provided with an initialization image of individuals from the CFD and the text ""an American person,"" a synthetic image generator (VQGAN) using the text-based guidance of CLIP consistently lightens the skin tone of individuals of all races (by 35% for Black individuals, based on mean pixel brightness), and generates output images of White individuals with blonde hair. The results indicate that societal biases equating American identity with being White are learned by multimodal language-and-image AI, and that these biases propagate to downstream applications of such models.",26.925925925925927,39.8625067506353,0.7544451296604616,0.2086382182029555,Top 15%
The Problem with Intelligence: Its Value-Laden History and the Future of AI,S. Cave,2020,"AAAI/ACM Conference on AI, Ethics, and Society",10.1145/3375627.3375813,https://www.semanticscholar.org/paper/2a0036b482d9be9ddc3f924ef3c944f73f680618,55,2a0036b482d9be9ddc3f924ef3c944f73f680618,"This paper argues that the concept of intelligence is highly value-laden in ways that impact on the field of AI and debates about its risks and opportunities. This value-ladenness stems from the historical use of the concept of intelligence in the legitimation of dominance hierarchies. The paper first provides a brief overview of the history of this usage, looking at the role of intelligence in patriarchy, the logic of colonialism and scientific racism. It then highlights five ways in which this ideological legacy might be interacting with debates about AI and its risks and opportunities: 1) how some aspects of the AI debate perpetuate the fetishization of intelligence; 2) how the fetishization of intelligence impacts on diversity in the technology industry; 3) how certain hopes for AI perpetuate notions of technology and the mastery of nature; 4) how the association of intelligence with the professional class misdirects concerns about AI; and 5) how the equation of intelligence and dominance fosters fears of superintelligence. This paper therefore takes a first step in bringing together the literature on intelligence testing, eugenics and colonialism from a range of disciplines with that on the ethics and societal impact of AI.",50.56,77.12710288867332,0.0575673120564216,0.189700342599673,Top 15%
DIME: Fine-grained Interpretations of Multimodal Models via Disentangled Local Explanations,"Yiwei Lyu, P. Liang, Zihao Deng, R. Salakhutdinov, Louis-philippe Morency",2022,"AAAI/ACM Conference on AI, Ethics, and Society",10.1145/3514094.3534148,https://www.semanticscholar.org/paper/0fc5cd83fcc493a764b6b8ab8496a40f46d130d8,52,0fc5cd83fcc493a764b6b8ab8496a40f46d130d8,"The ability for a human to understand an Artificial Intelligence (AI) model's decision-making process is critical in enabling stakeholders to visualize model behavior, perform model debugging, promote trust in AI models, and assist in collaborative human-AI decision-making. As a result, the research fields of interpretable and explainable AI have gained traction within AI communities as well as interdisciplinary scientists seeking to apply AI in their subject areas. In this paper, we focus on advancing the state-of-the-art in interpreting multimodal models - a class of machine learning methods that tackle core challenges in representing and capturing interactions between heterogeneous data sources such as images, text, audio, and time-series data. Multimodal models have proliferated numerous real-world applications across healthcare, robotics, multimedia, affective computing, and human-computer interaction. By performing model disentanglement into unimodal contributions (UC) and multimodal interactions (MI), our proposed approach, DIME, enables accurate and fine-grained analysis of multimodal models while maintaining generality across arbitrary modalities, model architectures, and tasks. Through a comprehensive suite of experiments on both synthetic and real-world multimodal tasks, we show that DIME generates accurate disentangled explanations, helps users of multimodal models gain a deeper understanding of model behavior, and presents a step towards debugging and improving these models for real-world deployment.",26.925925925925927,39.8625067506353,0.6290139812563208,0.1612935291947493,Top 15%
Machine Learning Practices Outside Big Tech: How Resource Constraints Challenge Responsible Development,"Aspen K. Hopkins, S. Booth",2021,"AAAI/ACM Conference on AI, Ethics, and Society",10.1145/3461702.3462527,https://www.semanticscholar.org/paper/eeb5fcf21ec7353ae9254d72aa7942db965c1084,50,eeb5fcf21ec7353ae9254d72aa7942db965c1084,"Practitioners from diverse occupations and backgrounds are increasingly using machine learning (ML) methods. Nonetheless, studies on ML Practitioners typically draw populations from Big Tech and academia, as researchers have easier access to these communities. Through this selection bias, past research often excludes the broader, lesser-resourced ML community---for example, practitioners working at startups, at non-tech companies, and in the public sector. These practitioners share many of the same ML development difficulties and ethical conundrums as their Big Tech counterparts; however, their experiences are subject to additional under-studied challenges stemming from deploying ML with limited resources, increased existential risk, and absent access to in-house research teams. We contribute a qualitative analysis of 17 interviews with stakeholders from organizations which are less represented in prior studies. We uncover a number of tensions which are introduced or exacerbated by these organizations' resource constraints---tensions between privacy and ubiquity, resource management and performance optimization, and access and monopolization. Increased academic focus on these practitioners can facilitate a more holistic understanding of ML limitations, and so is useful for prescribing a research agenda to facilitate responsible ML development for all.",40.458333333333336,35.57475798648673,0.2682145208209461,0.1423556535914668,Top 15%
The Ethical Implications of Generative Audio Models: A Systematic Literature Review,J. Barnett,2023,"AAAI/ACM Conference on AI, Ethics, and Society",10.1145/3600211.3604686,https://www.semanticscholar.org/paper/177c3a4fc5e6603f09b08568e5f93bf78bcafe21,49,177c3a4fc5e6603f09b08568e5f93bf78bcafe21,"Generative audio models typically focus their applications in music and speech generation, with recent models having human-like quality in their audio output. This paper conducts a systematic literature review of 884 papers in the area of generative audio models in order to both quantify the degree to which researchers in the field are considering potential negative impacts and identify the types of ethical implications researchers in this area need to consider. Though 65% of generative audio research papers note positive potential impacts of their work, less than 10% discuss any negative impacts. This jarringly small percentage of papers considering negative impact is particularly worrying because the issues brought to light by the few papers doing so are raising serious ethical implications and concerns relevant to the broader field such as the potential for fraud, deep-fakes, and copyright infringement. By quantifying this lack of ethical consideration in generative audio research and identifying key areas of potential harm, this paper lays the groundwork for future work in the field at a critical point in time in order to guide more conscientious research as this field progresses.",26.6,45.93699388736063,0.4876244199811095,0.1328867157898256,Top 15%
Human Uncertainty in Concept-Based AI Systems,"Katherine M. Collins, Matthew Barker, Mateo Espinosa Zarlenga, Naveen Raman, Umang Bhatt, M. Jamnik, Ilia Sucholutsky, Adrian Weller, K. Dvijotham",2023,"AAAI/ACM Conference on AI, Ethics, and Society",10.1145/3600211.3604692,https://www.semanticscholar.org/paper/6812ee04ee2383bc40e683d252fd2e56cdbeb80e,49,6812ee04ee2383bc40e683d252fd2e56cdbeb80e,"Placing a human in the loop may help abate the risks of deploying AI systems in safety-critical settings (e.g., a clinician working with a medical AI system). However, mitigating risks arising from human error and uncertainty within such human-AI interactions is an important and understudied issue. In this work, we study human uncertainty in the context of concept-based models, a family of AI systems that enable human feedback via concept interventions where an expert intervenes on human-interpretable concepts relevant to the task. Prior work in this space often assumes that humans are oracles who are always certain and correct. Yet, real-world decision-making by humans is prone to occasional mistakes and uncertainty. We study how existing concept-based models deal with uncertain interventions from humans using two novel datasets: UMNIST, a visual dataset with controlled simulated uncertainty based on the MNIST dataset, and CUB-S, a relabeling of the popular CUB concept dataset with rich, densely-annotated soft labels from humans. We show that training with uncertain concept labels may help mitigate weaknesses of concept-based systems when handling uncertain interventions. These results allow us to identify several open challenges, which we argue can be tackled through future multidisciplinary research on building interactive uncertainty-aware systems. To facilitate further research, we release a new elicitation platform, UElic, to collect uncertain feedback from humans in collaborative prediction tasks.",26.6,45.93699388736063,0.4876244199811095,0.1328867157898256,Top 15%
Privacy-Preserving Machine Learning Based Data Analytics on Edge Devices,"Jianxin R. Zhao, R. Mortier, J. Crowcroft, Liang Wang",2018,"AAAI/ACM Conference on AI, Ethics, and Society",10.1145/3278721.3278778,https://www.semanticscholar.org/paper/70a08c05e77f8540d677c320a49e8619a5d01627,49,70a08c05e77f8540d677c320a49e8619a5d01627,"Emerging Machine Learning (ML) techniques, such as Deep Neural Network, are widely used in today's applications and services. However, with social awareness of privacy and personal data rapidly rising, it becomes a pressing and challenging societal issue to both keep personal data private and benefit from the data analytics power of ML techniques at the same time. In this paper, we argue that to avoid those costs, reduce latency in data processing, and minimise the raw data revealed to service providers, many future AI and ML services could be deployed on users' devices at the Internet edge rather than putting everything on the cloud. Moving ML-based data analytics from cloud to edge devices brings a series of challenges. We make three contributions in this paper. First, besides the widely discussed resource limitation on edge devices, we further identify two other challenges that are not yet recognised in existing literature: lack of suitable models for users, and difficulties in deploying services for users. Second, we present preliminary work of the first systematic solution, i.e. Zoo, to fully support the construction, composing, and deployment of ML models on edge and local devices. Third, in the deployment example, ML service are proved to be easy to compose and deploy with Zoo. Evaluation shows its superior performance compared with state-of-art deep learning platforms and Google ML services.",90.46774193548389,228.93937330061112,-0.1811297957954757,0.1328867157898256,Top 15%
Algorithmic Fairness and Structural Injustice: Insights from Feminist Political Philosophy,Atoosa Kasirzadeh,2022,"AAAI/ACM Conference on AI, Ethics, and Society",10.1145/3514094.3534188,https://www.semanticscholar.org/paper/24fc9b6e958bbf1860d92b4a3b53f4a85359970d,49,24fc9b6e958bbf1860d92b4a3b53f4a85359970d,"Data-driven predictive algorithms are widely used to automate and guide high-stake decision making such as bail and parole recommendation, medical resource distribution, and mortgage allocation. Nevertheless, harmful outcomes biased against vulnerable groups have been reported. The growing research field known as 'algorithmic fairness' aims to mitigate these harmful biases. Its primary methodology consists in proposing mathematical metrics to address the social harms resulting from an algorithm's biased outputs. The metrics are typically motivated by -- or substantively rooted in -- ideals of distributive justice, as formulated by political and legal philosophers. The perspectives of feminist political philosophers on social justice, by contrast, have been largely neglected. Some feminist philosophers have criticized the local scope of the paradigm of distributive justice and have proposed corrective amendments to surmount its limitations. The present paper brings some key insights of feminist political philosophy to algorithmic fairness. The paper has three goals. First, I show that algorithmic fairness does not accommodate structural injustices in its current scope. Second, I defend the relevance of structural injustices -- as pioneered in the contemporary philosophical literature by Iris Marion Young -- to algorithmic fairness. Third, I take some steps in developing the paradigm of 'responsible algorithmic fairness' to correct for errors in the current scope and implementation of algorithmic fairness. I close by some reflections of directions for future research.",26.925925925925927,39.8625067506353,0.5537552922138363,0.1328867157898256,Top 15%
Activism by the AI Community: Analysing Recent Achievements and Future Prospects,Haydn Belfield,2020,"AAAI/ACM Conference on AI, Ethics, and Society",10.1145/3375627.3375814,https://www.semanticscholar.org/paper/a474767a821f0f91b502629b6b8deeb345ed58f4,49,a474767a821f0f91b502629b6b8deeb345ed58f4,"The artificial intelligence (AI) community has recently engaged in activism in relation to their employers, other members of the community, and their governments in order to shape the societal and ethical implications of AI. It has achieved some notable successes, but prospects for further political organising and activism are uncertain. We survey activism by the AI community over the last six years; apply two analytical frameworks drawing upon the literature on epistemic communities, and worker organising and bargaining; and explore what they imply for the future prospects of the AI community. Success thus far has hinged on a coherent shared culture, and high bargaining power due to the high demand for a limited supply of AI 'talent'. Both are crucial to the future of AI activism and worthy of sustained attention.",50.56,77.12710288867332,-0.0202263528846887,0.1328867157898256,Top 15%
Meritocratic Fairness for Infinite and Contextual Bandits,"Matthew Joseph, Michael Kearns, Jamie H. Morgenstern, Seth Neel, Aaron Roth",2018,"AAAI/ACM Conference on AI, Ethics, and Society",10.1145/3278721.3278764,https://www.semanticscholar.org/paper/f91c7ab225ecc2d53ff5324c63d03a476fce7bdc,49,f91c7ab225ecc2d53ff5324c63d03a476fce7bdc,"We study fairness in linear bandit problems. Starting from the notion of meritocratic fairness introduced in~\citeJKMR16, we carry out a more refined analysis of a more general problem, achieving better performance guarantees with fewer modelling assumptions on the number and structure of available choices as well as the number selected. We also analyze the previously-unstudied question of fairness in infinite linear bandit problems, obtaining instance-dependent regret upper bounds as well as lower bounds demonstrating that this instance-dependence is necessary. The result is a framework for meritocratic fairness in an online linear setting that is substantially more powerful, general, and realistic than the current state of the art.",90.46774193548389,228.93937330061112,-0.1811297957954757,0.1328867157898256,Top 15%
Toward Non-Intuition-Based Machine and Artificial Intelligence Ethics: A Deontological Approach Based on Modal Logic,"J. Hooker, Tae wan Kim",2018,"AAAI/ACM Conference on AI, Ethics, and Society",10.1145/3278721.3278753,https://www.semanticscholar.org/paper/cd44787e20d05677377e577d4a0cdb3e4b33e5d9,48,cd44787e20d05677377e577d4a0cdb3e4b33e5d9,"We propose a deontological approach to machine (or AI) ethics that avoids some weaknesses of an intuition-based system, such as that of Anderson and Anderson. In particular, it has no need to deal with conflicting intuitions, and it yields a more satisfactory account of when autonomy should be respected. We begin with a ""dual standpoint'' theory of action that regards actions as grounded in reasons and therefore as having a conditional form that is suited to machine instructions. We then derive ethical principles based on formal properties that the reasons must exhibit to be coherent, and formulate the principles using quantified modal logic. We conclude that deontology not only provides a more satisfactory basis for machine ethics but endows the machine with an ability to explain its actions, thus contributing to transparency in AI.",90.46774193548389,228.93937330061112,-0.1854977644222044,0.1234177779881843,Top 30%
User Tampering in Reinforcement Learning Recommender Systems,"Atoosa Kasirzadeh, Charles Evans",2021,"AAAI/ACM Conference on AI, Ethics, and Society",10.1145/3600211.3604669,https://www.semanticscholar.org/paper/d31b107211eda7c40e228f47c544690616c5ed79,48,d31b107211eda7c40e228f47c544690616c5ed79,"In this paper, we introduce new formal methods and provide empirical evidence to highlight a unique safety concern prevalent in reinforcement learning (RL)-based recommendation algorithms – ’user tampering.’ User tampering is a situation where an RL-based recommender system may manipulate a media user’s opinions through its suggestions as part of a policy to maximize long-term user engagement. We use formal techniques from causal modeling to critically analyze prevailing solutions proposed in the literature for implementing scalable RL-based recommendation systems, and we observe that these methods do not adequately prevent user tampering. Moreover, we evaluate existing mitigation strategies for reward tampering issues, and show that these methods are insufficient in addressing the distinct phenomenon of user tampering within the context of recommendations. We further reinforce our findings with a simulation study of an RL-based recommendation system focused on the dissemination of political content. Our study shows that a Q-learning algorithm consistently learns to exploit its opportunities to polarize simulated users with its early recommendations in order to have more consistent success with subsequent recommendations that align with this induced polarization. Our findings emphasize the necessity for developing safer RL-based recommendation systems and suggest that achieving such safety would require a fundamental shift in the design away from the approaches we have seen in the recent literature.",40.458333333333336,35.57475798648673,0.2119948832689574,0.1234177779881843,Top 30%
Counterfactual Explanations for Prediction and Diagnosis in XAI,"Xinyue Dai, Mark T. Keane, L. Shalloo, E. Ruelle, R. Byrne",2022,"AAAI/ACM Conference on AI, Ethics, and Society",10.1145/3514094.3534144,https://www.semanticscholar.org/paper/9345c40a23b6fe15e2fe9af5c2d029fd28f8c4ef,46,9345c40a23b6fe15e2fe9af5c2d029fd28f8c4ef,"We compared two sorts of explanations for decisions made by an AI system: counterfactual explanations about how an outcome could have been different in the past, and prefactual explanations about how it could be different in the future. We examined the effects of these alternative explanation strategies on the accuracy of users' judgments about the AI app's predictions about an outcome (inferred from information about the causes), compared to the accuracy of their judgments about the app's diagnoses of a cause (inferred from information about the outcome). The tasks were based on a simulated SmartAgriculture decision support system for grass growth outcomes on dairy farms in Experiment 1, and for an analogous alien planet domain in Experiment 2. The two experiments, with 243 participants, also tested users' confidence in their decisions, and their satisfaction with the explanations. Users made more accurate diagnoses of the presence of causes based on information about their outcome, compared to predictions of an outcome given information about the presence of causes. Their predictions and diagnoses were helped equally by counterfactual explanations and prefactual ones.",26.925925925925927,39.8625067506353,0.4784966031713518,0.1044799023849018,Top 30%
Opportunities and Challenges for Artificial Intelligence in India,"Shivaram Kalyanakrishnan, R. Panicker, S. Natarajan, Shreya Rao",2018,"AAAI/ACM Conference on AI, Ethics, and Society",10.1145/3278721.3278738,https://www.semanticscholar.org/paper/26c3f4e7b64015e93c0a2cddc184fefdd9b4dd38,46,26c3f4e7b64015e93c0a2cddc184fefdd9b4dd38,"In the future of India lies the future of a sixth of the world's population. As the Artificial Intelligence (AI) revolution sweeps through societies and enters daily life, its role in shaping India's development and growth is bound to be substantial. For India, AI holds promise as a catalyst to accelerate progress, while providing mechanisms to leapfrog traditional hurdles such as poor infrastructure and bureaucracy. At the same time, an investment in AI is accompanied by risk factors with long-term implications on society: it is imperative that risks be vetted at this early stage. In this paper, we describe opportunities and challenges for AI in India. We detail opportunities that are cross-cutting (bridging India's linguistic divisions, mining public data), and also specific to one particular sector (healthcare). We list challenges that originate from existing social conditions (such as equations of caste and gender). Thereafter we distill out concrete steps and safeguards, which we believe are necessary for robust and inclusive development as India enters the AI era.",90.46774193548389,228.93937330061112,-0.1942337016756617,0.1044799023849018,Top 30%
Preferences and Ethical Principles in Decision Making,"Andrea Loreggia, Nicholas Mattei, F. Rossi, K. Venable",2018,AAAI Spring Symposia,10.1145/3278721.3278723,https://www.semanticscholar.org/paper/9527352b925f9fa36c40966ed755afd22301b0aa,46,9527352b925f9fa36c40966ed755afd22301b0aa,"If we want people to trust AI systems, we need to provide the systems we create with the ability to discriminate between what humans would consider good and bad decisions. The quality of a decision should not be based only on the preferences or optimization criteria of the decision makers, but also on other properties related to the impact of the decision, such as whether it is ethical, or if it complies to constraints and priorities given by feasibility constraints or safety regulations. The CP-net formalism [2] is a convenient and expressive way to model preferences, providing an effective compact way to qualitatively model preferences over outcomes, i.e., decisions, with a combinatorial structure [3, 7]. If we wish to incorporate ethical, moral, or norms based constraints to a decision context, it means that the subjective preferences of the decision makers are not the only source of information we should consider [1, 8]. Indeed, depending on the context, we may have to consider specific ethical principles derived from an appropriate ethical theory or various laws and norms. While preferences are important, when preferences and ethical principles are in conflict, the principles should override the subjective preferences of the decision maker. Therefore, it is essential to have well founded techniques to evaluate whether preferences are compatible with a set of ethical principles, and to measure how much these preferences deviate from the ethical principles.",90.46774193548389,228.93937330061112,-0.1942337016756617,0.1044799023849018,Top 30%
Jill Watson Doesn't Care if You're Pregnant: Grounding AI Ethics in Empirical Studies,"B. Eicher, Lalith Polepeddi, Ashok K. Goel",2018,"AAAI/ACM Conference on AI, Ethics, and Society",10.1145/3278721.3278760,https://www.semanticscholar.org/paper/3b5773dd446210c80edc2c7a81e7283ac7f931cc,46,3b5773dd446210c80edc2c7a81e7283ac7f931cc,"Jill Watson is our name for a virtual teaching assistant for a Georgia Tech course on artificial intelligence: Jill answers routine, frequently asked questions on the class discussion forum. In this paper, we outline some of the ethical issues that arose in the development and deployment of the virtual teaching assistant. We posit that experiments such as Jill Watson are critical for deeply understanding AI ethics.",90.46774193548389,228.93937330061112,-0.1942337016756617,0.1044799023849018,Top 30%
Current and Near-Term AI as a Potential Existential Risk Factor,"Benjamin Bucknall, Shiri Dori-Hacohen",2022,"AAAI/ACM Conference on AI, Ethics, and Society",10.1145/3514094.3534146,https://www.semanticscholar.org/paper/5f597c8ac2d1a033c1cbc78511177be29f336dee,45,5f597c8ac2d1a033c1cbc78511177be29f336dee,"There is a substantial and ever-growing corpus of evidence and literature exploring the impacts of Artificial intelligence (AI) technologies on society, politics, and humanity as a whole. A separate, parallel body of work has explored existential risks to humanity, including but not limited to that stemming from unaligned Artificial General Intelligence (AGI). In this paper, we problematise the notion that current and near-term artificial intelligence technologies have the potential to contribute to existential risk by acting as intermediate risk factors, and that this potential is not limited to the unaligned AGI scenario. We propose the hypothesis that certain already-documented effects of AI can act as existential risk factors, magnifying the likelihood of previously identified sources of existential risk. Moreover, future developments in the coming decade hold the potential to significantly exacerbate these risk factors, even in the absence of artificial general intelligence. Our main contribution is a (non-exhaustive) exposition of potential AI risk factors and the causal relationships between them, focusing on how AI can affect power dynamics and information security. This exposition demonstrates that there exist causal pathways from AI systems to existential risks that do not presuppose hypothetical future AI capabilities.",26.925925925925927,39.8625067506353,0.4534103734905237,0.0950109645832606,Top 30%
On the Validity of Arrest as a Proxy for Offense: Race and the Likelihood of Arrest for Violent Crimes,"Riccardo Fogliato, Alice Xiang, Zachary C. Lipton, D. Nagin, Alexandra Chouldechova",2021,"AAAI/ACM Conference on AI, Ethics, and Society",10.1145/3461702.3462538,https://www.semanticscholar.org/paper/819feafe5071816b96e75a99b8eae95980a9e956,44,819feafe5071816b96e75a99b8eae95980a9e956,"Re-offense risk is considered in decision-making at many stages of the criminal justice system, from pre-trial, to sentencing, to parole. To aid decision-makers in their assessments, institutions increasingly rely on algorithmic risk assessment instruments (RAIs). These tools assess the likelihood that an individual will be arrested for a new criminal offense within some time window following their release. However, since not all crimes result in arrest, RAIs do not directly assess the risk of re-offense. Furthermore, disparities in the likelihood of arrest can potentially lead to biases in the resulting risk scores. Several recent validations of RAIs have therefore focused on arrests for violent offenses, which are viewed as being more accurate and less biased reflections of offending behavior. In this paper, we investigate biases in violent arrest data by analysing racial disparities in the likelihood of arrest for White and Black violent offenders. We focus our study on 2007--2016 incident-level data of violent offenses from 16 US states as recorded in the National Incident Based Reporting System (NIBRS). Our analysis shows that the magnitude and direction of the racial disparities depend on various characteristics of the crimes. In addition, our investigation reveals large variations in arrest rates across geographical locations and offense types. We discuss the implications of the observed disconnect between re-arrest and re-offense in the context of RAIs and the challenges around the use of data from NIBRS to correct for the sampling bias.",40.458333333333336,35.57475798648673,0.0995556081649799,0.0855420267816194,Top 30%
The Worst of Both Worlds: A Comparative Analysis of Errors in Learning from Data in Psychology and Machine Learning,"J. Hullman, Sayash Kapoor, Priyanka Nanayakkara, A. Gelman, Arvind Narayanan",2022,"AAAI/ACM Conference on AI, Ethics, and Society",10.1145/3514094.3534196,https://www.semanticscholar.org/paper/cb20d389dd4c68fc4d124165adc1598e0377c472,43,cb20d389dd4c68fc4d124165adc1598e0377c472,"Arguments that machine learning (ML) is facing a reproducibility and replication crisis suggest that some published claims in research cannot be taken at face value. Concerns inspire analogies to the replication crisis affecting the social and medical sciences. A deeper understanding of what reproducibility concerns in supervised ML research have in common with the replication crisis in experimental science puts the new concerns in perspective, and helps researchers avoid ""the worst of both worlds,"" where ML researchers begin borrowing methodologies from explanatory modeling without understanding their limitations and vice versa. We contribute a comparative analysis of concerns about inductive learning that arise in causal attribution as exemplified in psychology versus predictive modeling as exemplified in ML. We identify common themes in reform discussions, like overreliance on asymptotic theory and non-credible beliefs about real-world data generating processes. We argue that in both fields, claims from learning are implied to generalize outside the specific environment studied (e.g., the input dataset or subject sample, modeling implementation, etc.) but are often difficult to refute due to underspecification of key parts of the learning pipeline. We conclude by discussing risks that arise when sources of errors are misdiagnosed and the need to acknowledge the role of human inductive biases in learning and reform.",26.925925925925927,39.8625067506353,0.4032379141288674,0.0760730889799781,Top 30%
Write It Like You See It: Detectable Differences in Clinical Notes by Race Lead to Differential Model Recommendations,"Hammaad Adam, Ming Yang, K. Cato, Ioana Baldini, C. Senteio, L. Celi, J. Zeng, Moninder Singh, M. Ghassemi",2022,"AAAI/ACM Conference on AI, Ethics, and Society",10.1145/3514094.3534203,https://www.semanticscholar.org/paper/e4f09319ca3f7bca69c183952da80778705e4d2d,41,e4f09319ca3f7bca69c183952da80778705e4d2d,"Clinical notes are becoming an increasingly important data source for machine learning (ML) applications in healthcare. Prior research has shown that deploying ML models can perpetuate existing biases against racial minorities, as bias can be implicitly embedded in data. In this study, we investigate the level of implicit race information available to ML models and human experts and the implications of model-detectable differences in clinical notes. Our work makes three key contributions. First, we find that models can identify patient self-reported race from clinical notes even when the notes are stripped of explicit indicators of race. Second, we determine that human experts are not able to accurately predict patient race from the same redacted clinical notes. Finally, we demonstrate the potential harm of this implicit information in a simulation study, and show that models trained on these race-redacted clinical notes can still perpetuate existing biases in clinical treatment decisions.",26.925925925925927,39.8625067506353,0.3530654547672111,0.0571352133766956,Top 30%
Learning Norms from Stories: A Prior for Value Aligned Agents,"Spencer J. Frazier, Md Sultan Al Nahian, Mark O. Riedl, Brent Harrison",2019,"AAAI/ACM Conference on AI, Ethics, and Society",10.1145/3375627.3375825,https://www.semanticscholar.org/paper/47f8fc90b8a977022caba627b82e492d9c588744,41,47f8fc90b8a977022caba627b82e492d9c588744,"Value alignment is a property of an intelligent agent indicating that it can only pursue goals and activities that are beneficial to humans. Traditional approaches to value alignment use imitation learning or preference learning to infer the values of humans by observing their behavior. We introduce a complementary technique in which a value-aligned prior is learned from naturally occurring stories which encode societal norms. Training data is sourced from the children's educational comic strip, Goofus & Gallant. In this work, we train multiple machine learning models to classify natural language descriptions of situations found in the comic strip as normative or non-normative by identifying if they align with the main characters' behavior. We also report the models' performance when transferring to two unrelated tasks with little to no additional training on the new task.",87.5909090909091,155.04430902886364,-0.3005006077471412,0.0571352133766956,Top 30%
AI + Art = Human,"A. Daniele, Yi-Zhe Song",2019,"AAAI/ACM Conference on AI, Ethics, and Society",10.1145/3306618.3314233,https://www.semanticscholar.org/paper/f9e641bee7b0ae73237f7a42924e13480aae1332,41,f9e641bee7b0ae73237f7a42924e13480aae1332,"Over the past few years, specialised online and offline press blossomed with articles about art made ""with"" Artificial Intelligence (AI) but the narrative is rapidly changing. In fact, in October 2018, the auction house Christie's sold an art piece allegedly made ""by"" an AI. We draw from philosophy of art and science arguing that AI as a technical object is always intertwined with human nature despite its level of autonomy. However, the use of creative autonomous agents has cultural and social implications in the way we experience art as creators as well as audience. Therefore, we highlight the importance of an interdisciplinary dialogue by promoting a culture of transparency of the technology used, awareness of the meaning of technology in our society and the value of creativity in our lives.",87.5909090909091,155.04430902886364,-0.3005006077471412,0.0571352133766956,Top 30%
How Open Source Machine Learning Software Shapes AI,"Max Langenkamp, Daniel N. Yue",2022,"AAAI/ACM Conference on AI, Ethics, and Society",10.1145/3514094.3534167,https://www.semanticscholar.org/paper/2c119f63cf0aba186b93de3e26aaca2f499c65b0,41,2c119f63cf0aba186b93de3e26aaca2f499c65b0,"If we want a future where AI serves a plurality of interests, then we should pay attention to the factors that drive its success. While others have studied the importance of data, hardware, and models in directing the trajectory of AI, we argue that open source software is a neglected factor shaping AI as a discipline. We start with the observation that almost all AI research and applications are built on machine learning open source software (MLOSS). This paper presents three contributions. First, it quantifies the outsized impact of MLOSS by using Github contributions data. By contrasting the costs of MLOSS and its economic benefits, we find that the average dollar of MLOSS investment corresponds to at least \$100 of global economic value created, corresponding to \$30B of economic value created this year. Second, we leverage interviews with AI researchers and developers to develop a causal model of the effect of open sourcing on economic value. We argue that open sourcing creates value through three primary mechanisms: standardization of MLOSS tools, increased experimentation in AI research, and creation of communities. Finally, we consider the incentives for developing MLOSS and the broader implications of these effects. We intend this paper to be useful for technologists and academics who want to analyze and critique AI, and policymakers who want to better understand and regulate AI systems.",26.925925925925927,39.8625067506353,0.3530654547672111,0.0571352133766956,Top 30%
When Do People Want AI to Make Decisions?,"Max F. Kramer, Jana Schaich Borg, Vincent Conitzer, Walter Sinnott-Armstrong",2018,"AAAI/ACM Conference on AI, Ethics, and Society",10.1145/3278721.3278752,https://www.semanticscholar.org/paper/ff8620e82598095f4c729feaa1add6f6bdbdc355,40,ff8620e82598095f4c729feaa1add6f6bdbdc355,"AI systems are now or will soon be sophisticated enough to make consequential decisions. Although this technology has flourished, we also need public appraisals of AI systems playing these more important roles. This article reports surveys of preferences for and against AI systems making decisions in various domains as well as experiments that intervene on these preferences. We find that these preferences are contingent on subjects' previous exposure to computer systems making these kinds of decisions, and some interventions designed to mimic previous exposure successfully encourage subjects to be more hospitable to computer systems making these weighty decisions.",90.46774193548389,228.93937330061112,-0.220441513436034,0.0476662755750544,Top 30%
Normative Principles for Evaluating Fairness in Machine Learning,Derek Leben,2020,"AAAI/ACM Conference on AI, Ethics, and Society",10.1145/3375627.3375808,https://www.semanticscholar.org/paper/2008f088f0b727d20776829045bfd49052471d76,40,2008f088f0b727d20776829045bfd49052471d76,"There are many incompatible ways to measure fair outcomes for machine learning algorithms. The goal of this paper is to characterize rates of success and error across protected groups (race, gender, sexual orientation) as a distribution problem, and describe the possible solutions to this problem according to different normative principles from moral and political philosophy. These normative principles are based on various competing attributes within a distribution problem: intentions, compensation, desert, consent, and consequences. Each principle will be applied to a sample risk-assessment classifier to demonstrate the philosophical arguments underlying different sets of fairness metrics.",50.56,77.12710288867332,-0.1369168502963543,0.0476662755750544,Top 30%
Reward Reports for Reinforcement Learning,"T. Gilbert, Sarah Dean, Nathan Lambert, T. Zick, Aaron J. Snoswell",2022,"AAAI/ACM Conference on AI, Ethics, and Society",10.1145/3600211.3604698,https://www.semanticscholar.org/paper/4c868a92c615df3859433e28b2441bbce9e65fb3,40,4c868a92c615df3859433e28b2441bbce9e65fb3,"Building systems that are good for society in the face of complex societal effects requires a dynamic approach. Recent approaches to machine learning (ML) documentation have demonstrated the promise of discursive frameworks for deliberation about these complexities. However, these developments have been grounded in a static ML paradigm, leaving the role of feedback and post-deployment performance unexamined. Meanwhile, recent work in reinforcement learning has shown that the effects of feedback and optimization objectives on system behavior can be wide-ranging and unpredictable. In this paper we sketch a framework for documenting deployed and iteratively updated learning systems, which we call Reward Reports. Taking inspiration from technical concepts in reinforcement learning, we outline Reward Reports as living documents that track updates to design choices and assumptions behind what a particular automated system is optimizing for. They are intended to track dynamic phenomena arising from system deployment, rather than merely static properties of models or data. After presenting the elements of a Reward Report, we discuss a concrete example: Meta’s BlenderBot 3 chatbot. Several others for game-playing (DeepMind’s MuZero), content recommendation (MovieLens), and traffic control (Project Flow) are included in the appendix.",26.925925925925927,39.8625067506353,0.3279792250863829,0.0476662755750544,Top 30%
Human Trust Measurement Using an Immersive Virtual Reality Autonomous Vehicle Simulator,"Shervin Shahrdar, Corey Park, Mehrdad Nojoumian",2019,"AAAI/ACM Conference on AI, Ethics, and Society",10.1145/3306618.3314264,https://www.semanticscholar.org/paper/c8a31d86438d8dcdbdc8bd4f34eef144b08ec981,39,c8a31d86438d8dcdbdc8bd4f34eef144b08ec981,"Recent studies indicate that people are negatively predisposed toward utilizing autonomous systems. These findings highlight the necessity of conducting research to better understand the evolution of trust between humans and growing autonomous technologies such as self-driving cars (SDC). This research presents a new approach for real-time trust measurement between passengers and SDCs. We utilized a new structured data collection approach along with a virtual reality SDC simulator to understand how various autonomous driving scenarios can increase or decrease human trust and how trust can be re-built in the case of incidental failures. To verify our methodology, we designed and conducted an empirical experiment on 50 human subjects. The results of this experiment indicated that most subjects could rebuild trust during a reasonable time frame after the system demonstrated faulty behavior. Our analysis showed that this approach is highly effective for collecting real-time data from human subjects and lays the foundation for more-involved future research in the domain of human trust and autonomous driving.",87.5909090909091,155.04430902886364,-0.3134001460309209,0.0381973377734131,Top 30%
Mapping Missing Population in Rural India: A Deep Learning Approach with Satellite Imagery,"Wenjie Hu, Jay Patel, Zoe-Alanah Robert, P. Novosad, S. Asher, Zhongyi Tang, M. Burke, D. Lobell, Stefano Ermon",2019,"AAAI/ACM Conference on AI, Ethics, and Society",10.1145/3306618.3314263,https://www.semanticscholar.org/paper/d1b33d3cb80d62317680c575cd9f1cd8fe73b704,39,d1b33d3cb80d62317680c575cd9f1cd8fe73b704,"Millions of people worldwide are absent from their country's census. Accurate, current, and granular population metrics are critical to improving government allocation of resources, to measuring disease control, to responding to natural disasters, and to studying any aspect of human life in these communities. Satellite imagery can provide sufficient information to build a population map without the cost and time of a government census. We present two Convolutional Neural Network (CNN) architectures which efficiently and effectively combine satellite imagery inputs from multiple sources to accurately predict the population density of a region. In this paper, we use satellite imagery from rural villages in India and population labels from the 2011 SECC census. Our best model achieves better performance than previous papers as well as LandScan, a community standard for global population distribution.",87.5909090909091,155.04430902886364,-0.3134001460309209,0.0381973377734131,Top 30%
FairOD: Fairness-aware Outlier Detection,"Shubhranshu Shekhar, Neil Shah, L. Akoglu",2020,"AAAI/ACM Conference on AI, Ethics, and Society",10.1145/3461702.3462517,https://www.semanticscholar.org/paper/2324d25fcbeb11d04dd2956026a5c4d68eac54dd,39,2324d25fcbeb11d04dd2956026a5c4d68eac54dd,"Fairness and Outlier Detection (OD) are closely related, as it is exactly the goal of OD to spot rare, minority samples in a given population. However, when being a minority (as defined by protected variables, such as race/ethnicity/sex/age) does not reflect positive-class membership (such as criminal/fraud), OD produces unjust outcomes. Surprisingly, fairness-aware OD has been almost untouched in prior work, as fair machine learning literature mainly focuses on supervised settings. Our work aims to bridge this gap. Specifically, we develop desiderata capturing well-motivated fairness criteria for OD, and systematically formalize the fair OD problem. Further, guided by our desiderata, we propose FairOD, a fairness-aware outlier detector that has the following desirable properties: FairOD (1) exhibits treatment parity at test time, (2) aims to flag equal proportions of samples from all groups (i.e. obtain group fairness, via statistical parity), and (3) strives to flag truly high-risk samples within each group. Extensive experiments on a diverse set of synthetic and real world datasets show that FairOD produces outcomes that are fair with respect to protected variables, while performing comparable to (and in some cases, even better than) fairness-agnostic detectors in terms of detection performance.",50.56,77.12710288867332,-0.1498824611198727,0.0381973377734131,Top 30%
Scaling Guarantees for Nearest Counterfactual Explanations,"Kiarash Mohammadi, Amir-Hossein Karimi, G. Barthe, Isabel Valera",2020,"AAAI/ACM Conference on AI, Ethics, and Society",10.1145/3461702.3462514,https://www.semanticscholar.org/paper/92923234f562dd589e7bf5872898ecaa9ef54501,38,92923234f562dd589e7bf5872898ecaa9ef54501,"Counterfactual explanations (CFE) are being widely used to explain algorithmic decisions, especially in consequential decision-making contexts (e.g., loan approval or pretrial bail). In this context, CFEs aim to provide individuals affected by an algorithmic decision with the most similar individual (i.e., nearest individual) with a different outcome. However, while an increasing number of works propose algorithms to compute CFEs, such approaches either lack in optimality of distance (i.e., they do not return the nearest individual) and perfect coverage (i.e., they do not provide a CFE for all individuals); or they do not scale to complex models such as neural networks. In this work, we provide a framework based on Mixed-Integer Programming (MIP) to compute nearest counterfactual explanations for the outcomes of neural networks, with both provable guarantees and runtimes comparable to gradient-based approaches. Our experiments on the Adult, COMPAS, and Credit datasets show that, in contrast with previous methods, our approach allows for efficiently computing diverse CFEs with both distance guarantees and perfect coverage.",50.56,77.12710288867332,-0.1628480719433911,0.0287283999717719,Top 30%
(When) Can AI Bots Lie?,"Tathagata Chakraborti, S. Kambhampati",2019,"AAAI/ACM Conference on AI, Ethics, and Society",10.1145/3306618.3314281,https://www.semanticscholar.org/paper/60bbcb24e7794b5a1a64f8f544abb177958919c6,38,60bbcb24e7794b5a1a64f8f544abb177958919c6,"The ability of an AI agent to build mental models can open up pathways for manipulating and exploiting the human in the hopes of achieving some greater good. In fact, such behavior does not necessarily require any malicious intent but can rather be borne out of cooperative scenarios. It is also beyond the scope of misinterpretation of intents, as in the case of value alignment problems, and thus can be effectively engineered if desired (i.e. algorithms exist that can optimize such behavior not because models were misspecified but because they were misused). Such techniques pose several unresolved ethical and moral questions with regards to the design of autonomy. In this paper, we illustrate some of these issues in a teaming scenario and investigate how they are perceived by participants in a thought experiment. Finally, we end with a discussion on the moral implications of such behavior from the perspective of the doctor-patient relationship.",87.5909090909091,155.04430902886364,-0.3198499151728107,0.0287283999717719,Top 30%
Gender Bias and Under-Representation in Natural Language Processing Across Human Languages,"Abigail V. Matthews, Yan Chen, Christopher Mahoney, Isabella Grasso, Esma Wali, Abigail V. Matthews, Thomas Middleton, Mariama Njie, J. Matthews",2021,"AAAI/ACM Conference on AI, Ethics, and Society",10.1145/3461702.3462530,https://www.semanticscholar.org/paper/89d17b41448ab85a13931eb72482eb7017063199,37,89d17b41448ab85a13931eb72482eb7017063199,"Natural Language Processing (NLP) systems are at the heart of many critical automated decision-making systems making crucial recommendations about our future world. However, these systems reflect a wide range of biases, from gender bias to a bias in which voices they represent. In this paper, a team including speakers of 9 languages - Chinese, Spanish, English, Arabic, German, French, Farsi, Urdu, and Wolof - reports and analyzes measurements of gender bias in the Wikipedia corpora for these 9 languages. In the process, we also document how our work exposes crucial gaps in the NLP-pipeline for many languages. Despite substantial investments in multilingual support, the modern NLP-pipeline still systematically and dramatically under-represents the majority of human voices in the NLP-guided decisions that are shaping our collective future. We develop extensions to profession-level and corpus-level gender bias metric calculations originally designed for English and apply them to 8 other languages, including languages like Spanish, Arabic, German, French and Urdu that have grammatically gendered nouns including different feminine, masculine and neuter profession words. We compare these gender bias measurements across the Wikipedia corpora in different languages as well as across some corpora of more traditional literature.",40.458333333333336,35.57475798648673,-0.0972131232669805,0.0192594621701306,Top 30%
Tact in Noncompliance: The Need for Pragmatically Apt Responses to Unethical Commands,"R. Jackson, Ruchen Wen, T. Williams",2019,"AAAI/ACM Conference on AI, Ethics, and Society",10.1145/3306618.3314241,https://www.semanticscholar.org/paper/b3df1821576acdb729f80722adbb650c45b3a066,36,b3df1821576acdb729f80722adbb650c45b3a066,"There is a significant body of research seeking to enable moral decision making and ensure moral conduct in robots. One aspect of moral conduct is rejecting immoral human commands. For social robots, which are expected to follow and maintain human moral and sociocultural norms, it is especially important not only to engage in moral decision making, but also to properly communicate moral reasoning. We thus argue that it is critical for robots to carefully phrase command rejections. Specifically, the degree of politeness-theoretic face threat in a command rejection should be proportional to the severity of the norm violation motivating that rejection. We present a human subjects experiment showing some of the consequences of miscalibrated responses, including perceptions of the robot as inappropriately polite, direct, or harsh, and reduced robot likeability. This experiment intends to motivate and inform the design of algorithms to tactfully tune pragmatic aspects of command rejections autonomously.",87.5909090909091,155.04430902886364,-0.3327494534565905,0.0097905243684894,Top 30%
IMLI: An Incremental Framework for MaxSAT-Based Learning of Interpretable Classification Rules,"Bishwamittra Ghosh, Kuldeep S. Meel",2019,"AAAI/ACM Conference on AI, Ethics, and Society",10.1145/3306618.3314283,https://www.semanticscholar.org/paper/f52d22d1bb0394b7c26d955a6bbadbfe7f60d191,36,f52d22d1bb0394b7c26d955a6bbadbfe7f60d191,"The wide adoption of machine learning in the critical domains such as medical diagnosis, law, education had propelled the need for interpretable techniques due to the need for end users to understand the reasoning behind decisions due to learning systems. The computational intractability of interpretable learning led practitioners to design heuristic techniques, which fail to provide sound handles to tradeoff accuracy and interpretability. Motivated by the success of MaxSAT solvers over the past decade, recently MaxSAT-based approach, called MLIC, was proposed that seeks to reduce the problem of learning interpretable rules expressed in Conjunctive Normal Form (CNF) to a MaxSAT query. While MLIC was shown to achieve accuracy similar to that of other state of the art black-box classifiers while generating small interpretable CNF formulas, the runtime performance of MLIC is significantly lagging and renders approach unusable in practice. In this context, authors raised the question: Is it possible to achieve the best of both worlds, i.e., a sound framework for interpretable learning that can take advantage of MaxSAT solvers while scaling to real-world instances? In this paper, we take a step towards answering the above question in affirmation. We propose IMLI: an incremental approach to MaxSAT based framework that achieves scalable runtime performance via partition-based training methodology. Extensive experiments on benchmarks arising from UCI repository demonstrate that IMLI achieves up to three orders of magnitude runtime improvement without loss of accuracy and interpretability.",87.5909090909091,155.04430902886364,-0.3327494534565905,0.0097905243684894,Top 30%
Enhancing Fairness in Face Detection in Computer Vision Systems by Demographic Bias Mitigation,"Yu Yang, Aayush Gupta, Jianfeng Feng, Prateek Singhal, Vivek Yadav, Yue Wu, P. Natarajan, Varsha Hedau, Jungseock Joo",2022,"AAAI/ACM Conference on AI, Ethics, and Society",10.1145/3514094.3534153,https://www.semanticscholar.org/paper/e1d53567b15d50cc1f58729083cbff0460cd395b,35,e1d53567b15d50cc1f58729083cbff0460cd395b,"Fairness has become an important agenda in computer vision and artificial intelligence. Recent studies have shown that many computer vision models and datasets exhibit demographic biases and proposed mitigation strategies. These works attempt to address accuracy disparity, spurious correlations, or unbalanced representations in datasets in tasks such as face recognition, verification and expression and attribute classification. These tasks, however, all require face detection as the first preprocessing step, and surprisingly, there has been little effort in identifying or mitigating biases in face detection. Biased face detectors themselves pose a threat against fair and ethical AI systems, and their biases may be further passed on to subsequent downstream tasks such as face recognition in a computer vision pipeline. This paper therefore investigates the problem of biases in face detection, focusing on accuracy disparity of detectors between demographic groups including gender, age group, and skin tone. We collect perceived demographic attributes on a popular face detection benchmark dataset, WIDER FACE, report skewed demographic distributions, and compare detection performance between groups. In order to mitigate the biases, we apply three mitigation methods that have been introduced in the recent literature and also propose two novel methods. Experimental results show that these methods are effective in reducing demographic biases. We also discuss how the effectiveness varies by demographic attributes, detection easiness, and multiple detectors, which will shed light on this new topic of addressing face detection bias.",26.925925925925927,39.8625067506353,0.2025480766822421,0.0003215865668481,Top 30%
"“☑ Fairness Toolkits, A Checkbox Culture?” On the Factors that Fragment Developer Practices in Handling Algorithmic Harms","Agathe Balayn, Mireia Yurrita, Jie Yang, U. Gadiraju",2023,"AAAI/ACM Conference on AI, Ethics, and Society",10.1145/3600211.3604674,https://www.semanticscholar.org/paper/d9b650fea9371686113f678799296401a1dcf1dc,35,d9b650fea9371686113f678799296401a1dcf1dc,"Fairness toolkits are developed to support machine learning (ML) practitioners in using algorithmic fairness metrics and mitigation methods. Past studies have investigated practical challenges for toolkit usage, which are crucial to understanding how to support practitioners. However, the extent to which fairness toolkits impact practitioners’ practices and enable reflexivity around algorithmic harms remains unclear (i.e., distributive unfairness beyond algorithmic fairness, and harms that are not related to the outputs of ML systems). Little is currently understood about the root factors that fragment practices when using fairness toolkits and how practitioners reflect on algorithmic harms. Yet, a deeper understanding of these facets is essential to enable the design of support tools for practitioners. To investigate the impact of toolkits on practices and identify factors that shape these practices, we carried out a qualitative study with 30 ML practitioners with varying backgrounds. Through a mixed within and between-subjects design, we tasked the practitioners with developing an ML model, and analyzed their reported practices to surface potential factors that lead to differences in practices. Interestingly, we found that fairness toolkits act as double-edge swords — with potentially positive and negative impacts on practices. Our findings showcase a plethora of human and organizational factors that play a key role in the way toolkits are envisioned and employed. These results bear implications for the design of future toolkits and educational training for practitioners and call for the creation of new policies to handle the organizational constraints faced by practitioners.",26.6,45.93699388736063,0.182859157492916,0.0003215865668481,Top 30%
Ground Truth Or Dare: Factors Affecting The Creation Of Medical Datasets For Training AI,"H. D. Zając, Natalia-Rozalia Avlona, F. Kensing, T. Andersen, Irina Shklovski",2023,"AAAI/ACM Conference on AI, Ethics, and Society",10.1145/3600211.3604766,https://www.semanticscholar.org/paper/8a0f9c0f407ea24e062172687b833aad0df96284,34,8a0f9c0f407ea24e062172687b833aad0df96284,"One of the core goals of responsible AI development is ensuring high-quality training datasets. Many researchers have pointed to the importance of the annotation step in the creation of high-quality data, but less attention has been paid to the work that enables data annotation. We define this work as the design of ground truth schema and explore the challenges involved in the creation of datasets in the medical domain even before any annotations are made. Based on extensive work in three health-tech organisations, we describe five external and internal factors that condition medical dataset creation processes. Three external factors include regulatory constraints, the context of creation and use, and commercial and operational pressures. These factors condition medical data collection and shape the ground truth schema design. Two internal factors include epistemic differences and limits of labelling. These directly shape the design of the ground truth schema. Discussions of what constitutes high-quality data need to pay attention to the factors that shape and constrain what is possible to be created, to ensure responsible AI design.",26.6,45.93699388736063,0.1610902101723308,-0.009147351234793,Top 30%
Fairness in Relational Domains,"G. Farnadi, Behrouz Babaki, L. Getoor",2018,"AAAI/ACM Conference on AI, Ethics, and Society",10.1145/3278721.3278733,https://www.semanticscholar.org/paper/14750ffbe40ca5bc2beafa3e3cade63fbdac1d7d,34,14750ffbe40ca5bc2beafa3e3cade63fbdac1d7d,"AI and machine learning tools are being used with increasing frequency for decision making in domains that affect peoples' lives such as employment, education, policing and loan approval. These uses raise concerns about biases of algorithmic discrimination and have motivated the development of fairness-aware machine learning. However, existing fairness approaches are based solely on attributes of individuals. In many cases, discrimination is much more complex, and taking into account the social, organizational, and other connections between individuals is important. We introduce new notions of fairness that are able to capture the relational structure in a domain. We use first-order logic to provide a flexible and expressive language for specifying complex relational patterns of discrimination. Furthermore, we extend an existing statistical relational learning framework, probabilistic soft logic (PSL), to incorporate our definition of relational fairness. We refer to this fairness-aware framework FairPSL. FairPSL makes use of the logical definitions of fairnesss but also supports a probabilistic interpretation. In particular, we show how to perform maximum a posteriori(MAP) inference by exploiting probabilistic dependencies within the domain while avoiding violation of fairness guarantees. Preliminary empirical evaluation shows that we are able to make both accurate and fair decisions.",90.46774193548389,228.93937330061112,-0.2466493251964062,-0.009147351234793,Top 30%
Toward the Engineering of Virtuous Machines,"Naveen Sundar Govindarajulu, S. Bringsjord, Rikhiya Ghosh, Vasanth Sarathy",2018,"AAAI/ACM Conference on AI, Ethics, and Society",10.1145/3306618.3314256,https://www.semanticscholar.org/paper/6a48223c77e679e1ca486f88779da2fb4ee7fac7,34,6a48223c77e679e1ca486f88779da2fb4ee7fac7,"While various traditions under the 'virtue ethics' umbrella have been studied extensively and advocated by ethicists, it has not been clear that there exists a version of virtue ethics rigorous enough to be a target for machine ethics (which we take to include the engineering of an ethical sensibility in a machine or robot itself, not only the study of ethics in the humans who might create artificial agents). We begin to address this by presenting an embryonic formalization of a key part of any virtue-ethics theory: namely, the learning of virtue by a focus on exemplars of moral virtue. Our work is based in part on a computational formal logic previously used to formally model other ethical theories and principles therein, and to implement these models in artificial agents.",90.46774193548389,228.93937330061112,-0.2466493251964062,-0.009147351234793,Top 30%
The Offense-Defense Balance of Scientific Knowledge: Does Publishing AI Research Reduce Misuse?,"Toby Shevlane, Allan Dafoe",2019,"AAAI/ACM Conference on AI, Ethics, and Society",10.1145/3375627.3375815,https://www.semanticscholar.org/paper/0ef6b858f36002c2b38adac855fd1c5903d3edf1,33,0ef6b858f36002c2b38adac855fd1c5903d3edf1,"There is growing concern over the potential misuse of artificial intelligence (AI) research. Publishing scientific research can facilitate misuse of the technology, but the research can also contribute to protections against misuse. This paper addresses the balance between these two effects. Our theoretical framework elucidates the factors governing whether the published research will be more useful for attackers or defenders, such as the possibility for adequate defensive measures, or the independent discovery of the knowledge outside of the scientific community. The balance will vary across scientific fields. However, we show that the existing conversation within AI has imported concepts and conclusions from prior debates within computer security over the disclosure of software vulnerabilities. While disclosure of software vulnerabilities often favours defence, this cannot be assumed for AI research. The AI research community should consider concepts and policies from a broad set of adjacent fields, and ultimately needs to craft policy well-suited to its particular challenges.",87.5909090909091,155.04430902886364,-0.35209876088226,-0.0186162890364342,Top 30%
An Ontology for Fairness Metrics,"Jade S. Franklin, Karan Bhanot, Mohamed F. Ghalwash, Kristin P. Bennett, Jamie McCusker, Deborah L. McGuinness",2022,"AAAI/ACM Conference on AI, Ethics, and Society",10.1145/3514094.3534137,https://www.semanticscholar.org/paper/87d7c4ba8ea7dc2222502f9d43ab39fdf5482811,33,87d7c4ba8ea7dc2222502f9d43ab39fdf5482811,"Recent research has revealed that many machine-learning models and the datasets they are trained on suffer from various forms of bias, and a large number of different fairness metrics have been created to measure this bias. However, determining which metrics to use, as well as interpreting their results, is difficult for a non-expert due to a lack of clear guidance and issues of ambiguity or alternate naming schemes between different research papers. To address this knowledge gap, we present the Fairness Metrics Ontology (FMO), a comprehensive and extensible knowledge resource that defines each fairness metric, describes their use cases, and details the relationships between them. We include additional concepts related to fairness and machine learning models, enabling the representation of specific fairness information within a resource description framework (RDF) knowledge graph. We evaluate the ontology by examining the process of how reasoning-based queries to the ontology were used to guide the fairness metric-based evaluation of a synthetic data model.",26.925925925925927,39.8625067506353,0.1523756173205858,-0.0186162890364342,Top 30%
Building Jiminy Cricket: An Architecture for Moral Agreements Among Stakeholders,"B. Liao, M. Slavkovik, Leendert van der Torre",2018,"AAAI/ACM Conference on AI, Ethics, and Society",10.1145/3306618.3314257,https://www.semanticscholar.org/paper/8dd1a9c2dddcf4f4010ea861107847545c9146c1,32,8dd1a9c2dddcf4f4010ea861107847545c9146c1,"An autonomous system is constructed by a manufacturer, operates in a society subject to norms and laws, and is interacting with end-users. We address the challenge of how the moral values and views of all stakeholders can be integrated and reflected in the moral behavior of the autonomous system. We propose an artificial moral agent architecture that uses techniques from normative systems and formal argumentation to reach moral agreements among stakeholders. We show how our architecture can be used not only for ethical practical reasoning and collaborative decision-making, but also for the explanation of such moral behavior.",90.46774193548389,228.93937330061112,-0.2553852624498636,-0.0280852268380755,Top 30%
From Preference Elicitation to Participatory ML: A Critical Survey & Guidelines for Future Research,"Michael Feffer, M. Skirpan, Zachary C. Lipton, Hoda Heidari",2023,"AAAI/ACM Conference on AI, Ethics, and Society",10.1145/3600211.3604661,https://www.semanticscholar.org/paper/fc4bb54cbbbc08280a836fa9f7d2645f4b87875a,32,fc4bb54cbbbc08280a836fa9f7d2645f4b87875a,"The AI Ethics community faces an imperative to empower stakeholders and impacted community members so that they can scrutinize and influence the design, development, and use of AI systems in high-stakes domains. While a growing chorus of recent papers has kindled interest in so-called “participatory ML” methods, precisely what form participation ought to take and how to operationalize these ambitions are seldom addressed. Our survey of the relevant literature shows that in many papers, participation is reduced to highly structured, computational mechanisms designed to elicit mathematically tractable approximations of narrowly-defined moral values. Of papers that actually engage with real people, these engagements typically consist of one-time interactions with individuals that are often unrepresentative of the relevant stakeholders. Motivated by these clear limitations, we introduce a consolidated set of axes to evaluate and improve participatory approaches. We use these axes to analyze contemporary work in this space and outline future AI research directions that could meaningfully contribute to operationalizing the ideal of participation.",26.6,45.93699388736063,0.1175523155311603,-0.0280852268380755,Top 30%
Why We Need to Know More: Exploring the State of AI Incident Documentation Practices,"Violet Turri, R. Dzombak",2023,"AAAI/ACM Conference on AI, Ethics, and Society",10.1145/3600211.3604700,https://www.semanticscholar.org/paper/99073a85e4aef1bac90220c5cf3ebedd5f0cf600,31,99073a85e4aef1bac90220c5cf3ebedd5f0cf600,"To enable the development and use of safe and equitable artificial intelligence (AI) systems, AI engineers must monitor deployed AI systems and learn from past AI incidents where failures have occurred. Around the world, public databases for cataloging AI systems and resulting harms are instrumental in promoting awareness of potential AI harms among policymakers, researchers, and the public. However, despite growing recognition of the potential of AI systems to produce harms, causes of AI systems failure remain elusive and AI incidents continue to occur. For example, incidents of AI bias are frequently reported and discussed, yet biased systems continue to be developed and deployed. This raises the question – how are we learning from documented incidents? What information do we need to analyze AI incidents and develop new AI engineering best practices? This paper examines reporting techniques from a variety of AI stakeholders and across different industries, identifies requirements towards the design of effective AI incident documentation, and proposes policy recommendations for augmenting current practice.",26.6,45.93699388736063,0.095783368210575,-0.0375541646397167,Top 30%
Unmasking Nationality Bias: A Study of Human Perception of Nationalities in AI-Generated Articles,"Pranav Narayanan Venkit, Sanjana Gautam, Ruchi Panchanadikar, Tingting Huang, Shomir Wilson",2023,"AAAI/ACM Conference on AI, Ethics, and Society",10.1145/3600211.3604667,https://www.semanticscholar.org/paper/ea999bf65d8c3aaf6b930e9bc22e5fcd39368d02,31,ea999bf65d8c3aaf6b930e9bc22e5fcd39368d02,"We investigate the potential for nationality biases in natural language processing (NLP) models using human evaluation methods. Biased NLP models can perpetuate stereotypes and lead to algorithmic discrimination, posing a significant challenge to the fairness and justice of AI systems. Our study employs a two-step mixed-methods approach that includes both quantitative and qualitative analysis to identify and understand the impact of nationality bias in a text generation model. Through our human-centered quantitative analysis, we measure the extent of nationality bias in articles generated by AI sources. We then conduct open-ended interviews with participants, performing qualitative coding and thematic analysis to understand the implications of these biases on human readers. Our findings reveal that biased NLP models tend to replicate and amplify existing societal biases, which can translate to harm if used in a sociotechnical setting. The qualitative analysis from our interviews offers insights into the experience readers have when encountering such articles, highlighting the potential to shift a reader’s perception of a country. These findings emphasize the critical role of public perception in shaping AI’s impact on society and the need to correct biases in AI systems.",26.6,45.93699388736063,0.095783368210575,-0.0375541646397167,Top 30%
Equalizing Credit Opportunity in Algorithms: Aligning Algorithmic Fairness Research with U.S. Fair Lending Regulation,"Indra Elizabeth Kumar, Keegan E. Hines, John P. Dickerson",2022,"AAAI/ACM Conference on AI, Ethics, and Society",10.1145/3514094.3534154,https://www.semanticscholar.org/paper/3292daf27638b9ef80a160b7166eb87248a8ad9a,30,3292daf27638b9ef80a160b7166eb87248a8ad9a,"Credit is an essential component of financial wellbeing in America, and unequal access to it is a large factor in the economic disparities between demographic groups that exist today. Today, machine learning algorithms, sometimes trained on alternative data, are increasingly being used to determine access to credit, yet research has shown that machine learning can encode many different versions of ""unfairness,"" thus raising the concern that banks and other financial institutions could---potentially unwittingly---engage in illegal discrimination through the use of this technology. In the US, there are laws in place to make sure discrimination does not happen in lending and agencies charged with enforcing them. However, conversations around fair credit models in computer science and in policy are often misaligned: fair machine learning research often lacks legal and practical considerations specific to existing fair lending policy, and regulators have yet to issue new guidance on how, if at all, credit risk models should be utilizing practices and techniques from the research community. This paper aims to better align these sides of the conversation. We describe the current state of credit discrimination regulation in the United States, contextualize results from fair ML research to identify the specific fairness concerns raised by the use of machine learning in lending, and discuss regulatory opportunities to address these concerns.",26.925925925925927,39.8625067506353,0.0771169282781013,-0.047023102441358,Top 30%
Fair Allocation through Selective Information Acquisition,"William Cai, Johann D. Gaebler, Nikhil Garg, Sharad Goel",2019,"AAAI/ACM Conference on AI, Ethics, and Society",10.1145/3375627.3375823,https://www.semanticscholar.org/paper/e951d371dc746f58b56d642eac4852df42bc3bf1,30,e951d371dc746f58b56d642eac4852df42bc3bf1,"Public and private institutions must often allocate scarce resources under uncertainty. Banks, for example, extend credit to loan applicants based in part on their estimated likelihood of repaying a loan. But when the quality of information differs across candidates (e.g., if some applicants lack traditional credit histories), common lending strategies can lead to disparities across groups. Here we consider a setting in which decision makers---before allocating resources---can choose to spend some of their limited budget further screening select individuals. We present a computationally efficient algorithm for deciding whom to screen that maximizes a standard measure of social welfare. Intuitively, decision makers should screen candidates on the margin, for whom the additional information could plausibly alter the allocation. We formalize this idea by showing the problem can be reduced to solving a series of linear programs. Both on synthetic and real-world datasets, this strategy improves utility, illustrating the value of targeted information acquisition in such decisions. Further, when there is social value for distributing resources to groups for whom we have a priori poor information---like those without credit scores---our approach can substantially improve the allocation of limited assets.",87.5909090909091,155.04430902886364,-0.3714480683079296,-0.047023102441358,Top 30%
Modeling Epistemological Principles for Bias Mitigation in AI Systems: An Illustration in Hiring Decisions,"Marisa Vasconcelos, C. Cardonha, Bernardo Gonçalves",2017,"AAAI/ACM Conference on AI, Ethics, and Society",10.1145/3278721.3278751,https://www.semanticscholar.org/paper/bf3e147b92aeb91f52bbccee5d9127cf9da10c5d,30,bf3e147b92aeb91f52bbccee5d9127cf9da10c5d,"Artificial Intelligence (AI) has been used extensively in automatic decision making in a broad variety of scenarios, ranging from credit ratings for loans to recommendations of movies. Traditional design guidelines for AI models focus essentially on accuracy maximization, but recent work has shown that economically irrational and socially unacceptable scenarios of discrimination and unfairness are likely to arise unless these issues are explicitly addressed. This undesirable behavior has several possible sources, such as biased datasets used for training that may not be detected in black-box models. After pointing out connections between such bias of AI and the problem of induction, we focus on Popper's contributions after Hume's, which offer a logical theory of preferences. An AI model can be preferred over others on purely rational grounds after one or more attempts at refutation based on accuracy and fairness. Inspired by such epistemological principles, this paper proposes a structured approach to mitigate discrimination and unfairness caused by bias in AI systems. In the proposed computational framework, models are selected and enhanced after attempts at refutation. To illustrate our discussion, we focus on hiring decision scenarios where an AI system filters in which job applicants should go to the interview phase.",84.08333333333333,80.16512315026385,-0.67464916422517,-0.047023102441358,Top 30%
Evaluating Biased Attitude Associations of Language Models in an Intersectional Context,"Shiva Omrani Sabbaghi, R. Wolfe, Aylin Caliskan",2023,"AAAI/ACM Conference on AI, Ethics, and Society",10.1145/3600211.3604666,https://www.semanticscholar.org/paper/949842a2531ccbd47e650980ceebc5e0a9a90b1f,29,949842a2531ccbd47e650980ceebc5e0a9a90b1f,"Language models are trained on large-scale corpora that embed implicit biases documented in psychology. Valence associations (pleasantness/unpleasantness) of social groups determine the biased attitudes towards groups and concepts in social cognition. Building on this established literature, we quantify how social groups are valenced in English language models using a sentence template that provides an intersectional context. We study biases related to age, education, gender, height, intelligence, literacy, race, religion, sex, sexual orientation, social class, and weight. We present a concept projection approach to capture the valence subspace through contextualized word embeddings of language models. Adapting the projection-based approach to embedding association tests that quantify bias, we find that language models exhibit the most biased attitudes against gender identity, social class, and sexual orientation signals in language. We find that the largest and better-performing model that we study is also more biased as it effectively captures bias embedded in sociocultural data. We validate the bias evaluation method by overperforming on an intrinsic valence evaluation task. The approach enables us to measure complex intersectional biases as they are known to manifest in the outputs and applications of language models that perpetuate historical biases. Moreover, our approach contributes to design justice as it studies the associations of groups underrepresented in language such as transgender and homosexual individuals.",26.6,45.93699388736063,0.0522454735694045,-0.0564920402429992,Top 30%
Reflexive Design for Fairness and Other Human Values in Formal Models,"Benjamin Fish, Luke Stark",2020,"AAAI/ACM Conference on AI, Ethics, and Society",10.1145/3461702.3462518,https://www.semanticscholar.org/paper/14dcde3a61cb40e31d54237263aa8070a66e02d3,29,14dcde3a61cb40e31d54237263aa8070a66e02d3,"Algorithms and other formal models purportedly incorporating human values like fairness have grown increasingly popular in computer science. In response to sociotechnical challenges in the use of these models, designers and researchers have taken widely divergent positions on how formal models incorporating aspects of human values should be used: encouraging their use, moving away from them, or ignoring the normative consequences altogether. In this paper, we seek to resolve these divergent positions by identifying the main conceptual limits of formal modeling, and develop four reflexive values--value fidelity, appropriate accuracy, value legibility, and value contestation--vital for incorporating human values adequately into formal models. We then provide a brief methodology for reflexively designing formal models incorporating human values.",50.56,77.12710288867332,-0.2795385693550567,-0.0564920402429992,Top 30%
Purple Feed: Identifying High Consensus News Posts on Social Media,"Mahmoudreza Babaei, Juhi Kulshrestha, Abhijnan Chakraborty, Fabrício Benevenuto, K. Gummadi, Adrian Weller",2018,"AAAI/ACM Conference on AI, Ethics, and Society",10.1145/3278721.3278761,https://www.semanticscholar.org/paper/9b23a0ce202e9e2ab7ccae4c9892143e21eba221,29,9b23a0ce202e9e2ab7ccae4c9892143e21eba221,"Although diverse news stories are actively posted on social media, readers often focus on the news which reinforces their pre-existing views, leading to 'filter bubble' effects. To combat this, some recent systems expose and nudge readers toward stories with different points of view. One example is the Wall Street Journal's 'Blue Feed, Red Feed' system, which presents posts from biased publishers on each side of a topic. However, these systems have had limited success. We present a complementary approach which identifies high consensus 'purple' posts that generate similar reactions from both 'blue' and 'red' readers. We define and operationalize consensus for news posts on Twitter in the context of US politics. We show that high consensus posts can be identified and discuss their empirical properties. We present a method for automatically identifying high and low consensus news posts on Twitter, which can work at scale across many publishers. To do this, we propose a novel category of audience leaning based features, which we show are well suited to this task. Finally, we present our 'Purple Feed' system which highlights high consensus posts from publishers on both sides of the political spectrum.",90.46774193548389,228.93937330061112,-0.2684891683300497,-0.0564920402429992,Top 30%
No Rage Against the Machines: Threat of Automation Does Not Change Policy Preferences,Baobao Zhang,2019,"AAAI/ACM Conference on AI, Ethics, and Society",10.1145/3514094.3534179,https://www.semanticscholar.org/paper/36680b2544227be47994b61ddbe42aee108d2618,28,36680b2544227be47994b61ddbe42aee108d2618,"Labor-saving technology has already decreased employment opportunities for middle-skill workers. Experts anticipate that advances in AI and robotics will cause even more significant disruptions in the labor market over the next two decades. This paper presents three experimental studies that investigate how this profound economic change could affect mass politics. Recent observational studies suggest that workers' exposure to automation risk predicts their support not only for redistribution but also for right-wing populist policies and candidates. Other observational studies, including my own, find that workers underestimate the impact of automation on their job security. Misdirected blame towards immigrants and workers in foreign countries, rather than concerns about workplace automation, could be driving support for right-wing populism. To correct American workers' beliefs about the threats to their jobs, I conducted three survey experiments in which I informed workers about the existent and future impact of workplace automation. While these informational treatments convinced workers that automation threatens American jobs, they failed to change respondents' preferences on welfare, immigration, and trade policies. My research finds that raising awareness about workplace automation did not decrease opposition to globalization or increase support for policies that will prepare workers for future technological disruptions.",87.5909090909091,155.04430902886364,-0.3843476065917093,-0.0659609780446405,Top 30%
"Transparency, Governance and Regulation of Algorithmic Tools Deployed in the Criminal Justice System: a UK Case Study","Miri Zilka, Holli Sargeant, Adrian Weller",2022,"AAAI/ACM Conference on AI, Ethics, and Society",10.1145/3514094.3534200,https://www.semanticscholar.org/paper/8ed028152ab2d017ca70392824529ab24d9f682c,28,8ed028152ab2d017ca70392824529ab24d9f682c,"We present a survey of tools used in the criminal justice system in the UK in three categories: data infrastructure, data analysis, and risk prediction. Many tools are currently in deployment, offering potential benefits, including improved efficiency and consistency. However, there are also important concerns. Transparent information about these tools, their purpose, how they are used, and by whom is difficult to obtain. Even when information is available, it is often insufficient to enable a satisfactory evaluation. More work is needed to establish governance mechanisms to ensure that tools are deployed in a transparent, safe and ethical way. We call for more engagement with stakeholders and greater documentation of the intended goal of a tool, how it will achieve this goal compared to other options, and how it will be monitored in deployment. We highlight additional points to consider when evaluating the trustworthiness of deployed tools and make concrete proposals for policy.",26.925925925925927,39.8625067506353,0.026944468916445,-0.0659609780446405,Top 30%
Socially-Aware Navigation Using Topological Maps and Social Norm Learning,"Collin Johnson, B. Kuipers",2018,"AAAI/ACM Conference on AI, Ethics, and Society",10.1145/3278721.3278772,https://www.semanticscholar.org/paper/caa8c6a1edf31aa22137b1df16c13b8d70fb77a6,28,caa8c6a1edf31aa22137b1df16c13b8d70fb77a6,"We present socially-aware navigation for an intelligent robot wheelchair in an environment with many pedestrians. The robot learns social norms by observing the behaviors of human pedestrians, interpreting detected biases as social norms, and incorporating those norms into its motion planning. We compare our socially-aware motion planner with a baseline motion planner that produces safe, collision-free motion. The ability of our robot to learn generalizable social norms depends on our use of a topological map abstraction, so that a practical number of observations can allow learning of a social norm applicable in a wide variety of circumstances. We show that the robot can detect biases in observed human behavior that support learning the social norm of driving on the right. Furthermore, we show that when the robot follows these social norms, its behavior influences the behavior of pedestrians around it, increasing their adherence to the same norms. We conjecture that the legibility of the robot's normative behavior improves human pedestrians' ability to predict the robot's future behavior, making them more likely to follow the same norm.",90.46774193548389,228.93937330061112,-0.2728571369567784,-0.0659609780446405,Top 30%
Modelling and Influencing the AI Bidding War: A Research Agenda,"H. Anh, L. Pereira, T. Lenaerts",2019,"AAAI/ACM Conference on AI, Ethics, and Society",10.1145/3306618.3314265,https://www.semanticscholar.org/paper/0eca74b8f244a2329baccf5dd18fe91e260f152f,28,0eca74b8f244a2329baccf5dd18fe91e260f152f,"A race for technological supremacy in AI could lead to serious negative consequences, especially whenever ethical and safety procedures are underestimated or even ignored, leading potentially to the rejection of AI in general. For all to enjoy the benefits provided by safe, ethical and trustworthy AI systems, it is crucial to incentivise participants with appropriate strategies that ensure mutually beneficial normative behaviour and safety-compliance from all parties involved. Little attention has been given to understanding the dynamics and emergent behaviours arising from this AI bidding war, and moreover, how to influence it to achieve certain desirable outcomes (e.g. AI for public good and participant compliance). To bridge this gap, this paper proposes a research agenda to develop theoretical models that capture key factors of the AI race, revealing which strategic behaviours may emerge and hypothetical scenarios therein. Strategies from incentive and agreement modelling are directly applicable to systematically analyse how different types of incentives (namely, positive vs. negative, peer vs. institutional, and their combinations) influence safety-compliant behaviours over time, and how such behaviours should be configured to ensure desired global outcomes, studying at the same time how these mechanisms influence AI development. This agenda will provide actionable policies, showing how they need to be employed and deployed in order to achieve compliance and thereby avoid disasters as well as loosing confidence and trust in AI in general.",87.5909090909091,155.04430902886364,-0.3843476065917093,-0.0659609780446405,Top 30%
Measuring Automated Influence: Between Empirical Evidence and Ethical Values,"Daniel Susser, Vincent Grimaldi",2021,"AAAI/ACM Conference on AI, Ethics, and Society",10.1145/3461702.3462532,https://www.semanticscholar.org/paper/68b61caaaeafbefcc7a6e460be354c395130351b,28,68b61caaaeafbefcc7a6e460be354c395130351b,"Automated influence, delivered by digital targeting technologies such as targeted advertising, digital nudges, and recommender systems, has attracted significant interest from both empirical researchers, on one hand, and critical scholars and policymakers on the other. In this paper, we argue for closer integration of these efforts. Critical scholars and policymakers, who focus primarily on the social, ethical, and political effects of these technologies, need empirical evidence to substantiate and motivate their concerns. However, existing empirical research investigating the effectiveness of these technologies (or lack thereof), neglects other morally relevant effects-which can be felt regardless of whether or not the technologies ""work"" in the sense of fulfilling the promises of their designers. Drawing from the ethics and policy literature, we enumerate a range of questions begging for empirical analysis-the outline of a research agenda bridging these fields---and issue a call to action for more empirical research that takes these urgent ethics and policy questions as their starting point.",40.458333333333336,35.57475798648673,-0.3502014922509298,-0.0659609780446405,Top 30%
Beyond Near- and Long-Term: Towards a Clearer Account of Research Priorities in AI Ethics and Society,"Carina Prunkl, Jess Whittlestone",2020,"AAAI/ACM Conference on AI, Ethics, and Society",10.1145/3375627.3375803,https://www.semanticscholar.org/paper/6384b3013eb4e7868c0853a1b12a10175abebaaf,27,6384b3013eb4e7868c0853a1b12a10175abebaaf,"One way of carving up the broad 'AI ethics and society' research space that has emerged in recent years is to distinguish between 'near-term' and 'long-term' research. While such ways of breaking down the research space can be useful, we put forward several concerns about the near/long-term distinction gaining too much prominence in how research questions and priorities are framed. We highlight some ambiguities and inconsistencies in how the distinction is used, and argue that while there are differing priorities within this broad research community, these differences are not well-captured by the near/long-term distinction. We unpack the near/long-term distinction into four different dimensions, and propose some ways that researchers can communicate more clearly about their work and priorities using these dimensions. We suggest that moving towards a more nuanced conversation about research priorities can help establish new opportunities for collaboration, aid the development of more consistent and coherent research agendas, and enable identification of previously neglected research areas.",50.56,77.12710288867332,-0.3054697910020935,-0.0754299158462817,Top 30%
"Algorithms that ""Don't See Color"": Measuring Biases in Lookalike and Special Ad Audiences","Piotr Sapiezynski, A. Ghosh, Lev Kaplan, A. Mislove, A. Rieke",2019,"AAAI/ACM Conference on AI, Ethics, and Society",10.1145/3514094.3534135,https://www.semanticscholar.org/paper/ff941a2efffd8e7468326be759a9a045f9e695a3,27,ff941a2efffd8e7468326be759a9a045f9e695a3,"Researchers and journalists have repeatedly shown that algorithms commonly used in domains such as credit, employment, healthcare, or criminal justice can have discriminatory effects. Some organizations have tried to mitigate these effects by simply removing sensitive features from an algorithm's inputs. In this paper, we explore the limits of this approach using a unique opportunity. In 2019, Facebook agreed to settle a lawsuit by removing certain sensitive features from inputs of an algorithm that identifies users similar to those provided by an advertiser for ad targeting, making both the modified and unmodified versions of the algorithm available to advertisers. We develop methodologies to measure biases along the lines of gender, age, and race in the audiences created by this modified algorithm, relative to the unmodified one. Our results provide experimental proof that merely removing demographic features from a real-world algorithmic system's inputs can fail to prevent biased outputs. As a result, organizations using algorithms to help mediate access to important life opportunities should consider other approaches to mitigating discriminatory effects.",87.5909090909091,155.04430902886364,-0.3907973757335992,-0.0754299158462817,Top 30%
"Learning Optimal Fair Decision Trees: Trade-offs Between Interpretability, Fairness, and Accuracy","Nathanael Jo, S. Aghaei, Jack Benson, A. G'omez, Phebe Vayanos",2022,"AAAI/ACM Conference on AI, Ethics, and Society",10.1145/3600211.3604664,https://www.semanticscholar.org/paper/f121832e8b43e4da2988e26cc812d92293619c7d,27,f121832e8b43e4da2988e26cc812d92293619c7d,"The increasing use of machine learning in high-stakes domains – where people’s livelihoods are impacted – creates an urgent need for interpretable, fair, and highly accurate algorithms. With these needs in mind, we propose a mixed integer optimization (MIO) framework for learning optimal classification trees – one of the most interpretable models – that can be augmented with arbitrary fairness constraints. In order to better quantify the “price of interpretability”, we also propose a new measure of model interpretability called decision complexity that allows for comparisons across different classes of machine learning models. We benchmark our method against state-of-the-art approaches for fair classification on popular datasets; in doing so, we conduct one of the first comprehensive analyses of the trade-offs between interpretability, fairness, and predictive accuracy. Given a fixed disparity threshold, our method has a price of interpretability of about 4.2 percentage points in terms of out-of-sample accuracy compared to the best performing, complex models. However, our method consistently finds decisions with almost full parity, while other methods rarely do.",26.925925925925927,39.8625067506353,0.0018582392356168,-0.0754299158462817,Top 30%
Regulating for 'Normal AI Accidents': Operational Lessons for the Responsible Governance of Artificial Intelligence Deployment,M. Maas,2018,"AAAI/ACM Conference on AI, Ethics, and Society",10.1145/3278721.3278766,https://www.semanticscholar.org/paper/83d1769a9aee035698b13273130841af03e66a87,27,83d1769a9aee035698b13273130841af03e66a87,"New technologies, particularly those which are deployed rapidly across sectors, or which have to operate in competitive conditions, can disrupt previously stable technology governance regimes. This leads to a precarious need to balance caution against performance while exploring the resulting 'safe operating space'. This paper will argue that Artificial Intelligence is one such critical technology, the responsible deployment of which is likely to prove especially complex, because even narrow AI applications often involve networked (tightly coupled, opaque) systems operating in complex or competitive environments. This ensures such systems are prone to 'normal accident'-type failures which can cascade rapidly, and are hard to contain or even detect in time. Legal and governance approaches to the deployment of AI will have to reckon with the specific causes and features of such 'normal accidents'. While this suggests that large-scale, cascading errors in AI systems are inevitable, an examination of the operational features that lead technologies to exhibit 'normal accidents' enables us to derive both tentative principles for precautionary policymaking, and practical recommendations for the safe(r) deployment of AI systems. This may help enhance the safety and security of these systems in the public sphere, both in the short- and in the long term.",90.46774193548389,228.93937330061112,-0.2772251055835071,-0.0754299158462817,Top 30%
"Blacklists and Redlists in the Chinese Social Credit System: Diversity, Flexibility, and Comprehensiveness","Severin Engelmann, Mo Chen, Lorenz Dang, Jens Grossklags",2021,"AAAI/ACM Conference on AI, Ethics, and Society",10.1145/3461702.3462535,https://www.semanticscholar.org/paper/4c78bc9ece7a834e41dfa77c708b0b81ae0cfd4a,26,4c78bc9ece7a834e41dfa77c708b0b81ae0cfd4a,"The Chinese Social Credit System (SCS) is a novel digital socio-technical credit system. The SCS aims to regulate societal behavior by reputational and material devices. Scholarship on the SCS has offered a variety of legal and theoretical perspectives. However, little is known about its actual implementation. Here, we provide the first comprehensive empirical study of digital blacklists (listing ""bad"" behavior) and redlists (listing ""good"" behavior) in the Chinese SCS. Based on a unique data set of reputational blacklists and redlists in 30 Chinese provincial-level administrative divisions (ADs), we show the diversity, flexibility, and comprehensiveness of the SCS listing infrastructure. First, our results demonstrate that the Chinese SCS unfolds in a highly diversified manner: we find differences in accessibility, interface design and credit information across provincial-level SCS blacklists and redlists. Second, SCS listings are flexible. During the COVID-19 outbreak, we observe a swift addition of blacklists and redlists that helps strengthen the compliance with coronavirus-related norms and regulations. Third, the SCS listing infrastructure is comprehensive. Overall, we identify 273 blacklists and 154 redlists across provincial-level ADs. Our blacklist and redlist taxonomy highlights that the SCS listing infrastructure prioritizes law enforcement and industry regulations. We also identify redlists that reward political and moral behavior. Our study substantiates the enormous scale and diversity of the Chinese SCS and puts the debate on its reach and societal impact on firmer ground. Finally, we initiate a discussion on the ethical dimensions of data-driven research on the SCS.",40.458333333333336,35.57475798648673,-0.4064211298029185,-0.084898853647923,Top 30%
Learning Occupational Task-Shares Dynamics for the Future of Work,"Subhro Das, Sebastian Steffen, Wyatt Clarke, Prabhat Reddy, Erik Brynjolfsson, M. Fleming",2020,"AAAI/ACM Conference on AI, Ethics, and Society",10.1145/3375627.3375826,https://www.semanticscholar.org/paper/49bd8a1fed7923934f72be291005bd6be18b73eb,26,49bd8a1fed7923934f72be291005bd6be18b73eb,"The recent wave of AI and automation has been argued to differ from previous General Purpose Technologies (GPTs), in that it may lead to rapid change in occupations' underlying task requirements and persistent technological unemployment. In this paper, we apply a novel methodology of dynamic task shares to a large dataset of online job postings to explore how exactly occupational task demands have changed over the past decade of AI innovation, especially across high, mid and low wage occupations. Notably, big data and AI have risen significantly among high wage occupations since 2012 and 2016, respectively. We built an ARIMA model to predict future occupational task demands and showcase several relevant examples in Healthcare, Administration, and IT. Such task demands predictions across occupations will play a pivotal role in retraining the workforce of the future.",50.56,77.12710288867332,-0.3184354018256119,-0.084898853647923,Top 30%
A Systematic Review of Ethical Concerns with Voice Assistants,"W. Seymour, Xiao Zhan, Mark Coté, J. Such",2022,"AAAI/ACM Conference on AI, Ethics, and Society",10.1145/3600211.3604679,https://www.semanticscholar.org/paper/51da54a7df739e48b385977c4fa313d67bee6801,26,51da54a7df739e48b385977c4fa313d67bee6801,"Since Siri’s release in 2011 there have been a growing number of AI-driven domestic voice assistants that are increasingly being integrated into devices such as smartphones and TVs. But as their presence has expanded, a range of ethical concerns have been identified around the use of voice assistants, such as the privacy implications of having devices that are always listening and the ways that these devices are integrated into the existing social order of the home. This has created a burgeoning area of research across a range of fields including computer science, social science, and psychology. This paper takes stock of the foundations and frontiers of this work through a systematic literature review of 117 papers on ethical concerns with voice assistants. In addition to analysis of nine specific areas of concern, the review measures the distribution of methods and participant demographics across the literature. We show how some concerns, such as privacy, are operationalized to a much greater extent than others like accessibility, and how study participants are overwhelmingly drawn from a small handful of Western nations. In so doing we hope to provide an outline of the rich tapestry of work around these concerns and highlight areas where current research efforts are lacking.",26.925925925925927,39.8625067506353,-0.0232279904452112,-0.084898853647923,Top 30%
Exploiting Moral Values to Choose the Right Norms,"Marc Serramia, M. López-Sánchez, J. Rodríguez-Aguilar, Javier Morales, M. Wooldridge, C. Ansótegui",2018,"AAAI/ACM Conference on AI, Ethics, and Society",10.1145/3278721.3278735,https://www.semanticscholar.org/paper/39cab6d4479adfc8004f9297885d17b40af7198c,26,39cab6d4479adfc8004f9297885d17b40af7198c,"Norms constitute regulative mechanisms extensively enacted in groups, organisations, and societies. However, 'choosing the right norms to establish' constitutes an open problem that requires the consideration of a number of constraints (such as norm relations) and preference criteria (e.g over involved moral values). This paper advances the state of the art in the Normative Multiagent Systems literature by formally defining this problem and by proposing its encoding as a linear program so that it can be automatically solved.",90.46774193548389,228.93937330061112,-0.2815930742102358,-0.084898853647923,Top 30%
Incorrigibility in the CIRL Framework,Ryan Carey,2017,"AAAI/ACM Conference on AI, Ethics, and Society",10.1145/3278721.3278750,https://www.semanticscholar.org/paper/7ba22bc1cc37336a2a4e769c9798c47c8cad0b11,26,7ba22bc1cc37336a2a4e769c9798c47c8cad0b11,"A value learning system has incentives to follow shutdown instructions, assuming the shutdown instruction provides information (in the technical sense) about which actions lead to valuable outcomes. However, this assumption is not robust to model mis-specification (e.g., in the case of programmer errors). We demonstrate this by presenting some Supervised POMDP scenarios in which errors in the parameterized reward function remove the incentive to follow shutdown commands. These difficulties parallel those discussed by Soares et al. 2015 in their paper on corrigibility. We argue that it is important to consider systems that follow shutdown commands under some weaker set of assumptions (e.g., that one small verified module is correctly implemented; as opposed to an entire prior probability distribution and/or parameterized reward function). We discuss some difficulties with simple ways to attempt to attain these sorts of guarantees in a value learning framework.",84.08333333333333,80.16512315026385,-0.7245461748304213,-0.084898853647923,Top 30%
Towards Composable Bias Rating of AI Services,"B. Srivastava, F. Rossi",2018,"AAAI/ACM Conference on AI, Ethics, and Society",10.1145/3278721.3278744,https://www.semanticscholar.org/paper/0b0ba939b8c2852a74cfa309c80cba8ac801b61e,26,0b0ba939b8c2852a74cfa309c80cba8ac801b61e,"A new wave of decision-support systems are being built today using AI services that draw insights from data (like text and video) and incorporate them in human-in-the-loop assistance. However, just as we expect humans to be ethical, the same expectation needs to be met by automated systems that increasingly get delegated to act on their behalf. A very important aspect of an ethical behavior is to avoid (intended, perceived, or accidental) bias. Bias occurs when the data distribution is not representative enough of the natural phenomenon one wants to model and reason about. The possibly biased behavior of a service is hard to detect and handle if the AI service is merely being used and not developed from scratch, since the training data set is not available. In this situation, we envisage a 3rd party rating agency that is independent of the API producer or consumer and has its own set of biased and unbiased data, with customizable distributions. We propose a 2-step rating approach that generates bias ratings signifying whether the AI service is unbiased compensating, data-sensitive biased, or biased. The approach also works on composite services. We implement it in the context of text translation and report interesting results.",90.46774193548389,228.93937330061112,-0.2815930742102358,-0.084898853647923,Top 30%
Requirements for an Artificial Agent with Norm Competence,"B. Malle, P. Bello, Matthias Scheutz",2019,"AAAI/ACM Conference on AI, Ethics, and Society",10.1145/3306618.3314252,https://www.semanticscholar.org/paper/ecf409c57bc03808642626168df1c5ae79293219,26,ecf409c57bc03808642626168df1c5ae79293219,"Human behavior is frequently guided by social and moral norms, and no human community can exist without norms. Robots that enter human societies must therefore behave in norm-conforming ways as well. However, currently there is no solid cognitive or computational model available of how human norms are represented, activated, and learned. We provide a conceptual and psychological analysis of key properties of human norms and identify the demands these properties put on any artificial agent that incorporates norms-demands on the format of norm representations, their structured organization, and their learning algorithms.",87.5909090909091,155.04430902886364,-0.397247144875489,-0.084898853647923,Top 30%
A Comparative Analysis of Emotion-Detecting AI Systems with Respect to Algorithm Performance and Dataset Diversity,"De'Aira G. Bryant, A. Howard",2019,"AAAI/ACM Conference on AI, Ethics, and Society",10.1145/3306618.3314284,https://www.semanticscholar.org/paper/455626573013a77ca1b719ed06ca138594b24dbf,26,455626573013a77ca1b719ed06ca138594b24dbf,"In recent news, organizations have been considering the use of facial and emotion recognition for applications involving youth such as tackling surveillance and security in schools. However, the majority of efforts on facial emotion recognition research have focused on adults. Children, particularly in their early years, have been shown to express emotions quite differently than adults. Thus, before such algorithms are deployed in environments that impact the wellbeing and circumstance of youth, a careful examination should be made on their accuracy with respect to appropriateness for this target demographic. In this work, we utilize several datasets that contain facial expressions of children linked to their emotional state to evaluate eight different commercial emotion classification systems. We compare the ground truth labels provided by the respective datasets to the labels given with the highest confidence by the classification systems and assess the results in terms of matching score (TPR), positive predictive value, and failure to compute rate. Overall results show that the emotion recognition systems displayed subpar performance on the datasets of children's expressions compared to prior work with adult datasets and initial human ratings. We then identify limitations associated with automated recognition of emotions in children and provide suggestions on directions with enhancing recognition accuracy through data diversification, dataset accountability, and algorithmic regulation.",87.5909090909091,155.04430902886364,-0.397247144875489,-0.084898853647923,Top 30%
Robots Can Be More Than Black And White: Examining Racial Bias Towards Robots,"A. Addison, C. Bartneck, K. Yogeeswaran",2019,"AAAI/ACM Conference on AI, Ethics, and Society",10.1145/3306618.3314272,https://www.semanticscholar.org/paper/c04657dd2a84c41aec85f67d187d90046d57b89c,25,c04657dd2a84c41aec85f67d187d90046d57b89c,"Previous studies showed that using the 'shooter bias' paradigm, people demonstrate a similar racial bias toward dark colored robots over light colored robots (i.e., Black vs. White) as they do toward humans of similar skin tones [3]. However, such an effect could be argued to be the result of social priming. Additionally, it raises the question of how people might respond to robots that are in the middle of the color spectrum (i.e., brown) and whether such effects are moderated by the perceived anthropomorphism of the robots. We conducted two experiments to first examine whether shooter bias tendencies shown towards robots is driven by social priming, and then whether diversification of robot color and level of anthropomorphism influenced shooter bias. Our results showed that shooter bias was not influenced by social priming, and interestingly, introducing a new color of robot removed shooter bias tendencies entirely. However, varying the anthropomorphism of the robots did not moderate the level of shooter bias, and contrary to our expectations, the robots were not perceived by the participants as having different levels of anthropomorphism.",87.5909090909091,155.04430902886364,-0.4036969140173789,-0.0943677914495642,Top 30%
"Different ""Intelligibility"" for Different Folks","Yishan Zhou, D. Danks",2020,"AAAI/ACM Conference on AI, Ethics, and Society",10.1145/3375627.3375810,https://www.semanticscholar.org/paper/408b1bc37d4c7f8b87909e882188c7f9179148c1,25,408b1bc37d4c7f8b87909e882188c7f9179148c1,"Many arguments have concluded that our autonomous technologies must be intelligible, interpretable, or explainable, even if that property comes at a performance cost. In this paper, we consider the reasons why some property like these might be valuable, we conclude that there is not simply one kind of 'intelligibility', but rather different types for different individuals and uses. In particular, different interests and goals require different types of intelligibility (or explanations, or other related notion). We thus provide a typography of 'intelligibility' that distinguishes various notions, and draw methodological conclusions about how autonomous technologies should be designed and deployed in different ways, depending on whose intelligibility is required.",50.56,77.12710288867332,-0.3314010126491303,-0.0943677914495642,Top 30%
Mimetic Models: Ethical Implications of AI that Acts Like You,"Reid McIlroy-Young, J. Kleinberg, S. Sen, Solon Barocas, Ashton Anderson",2022,"AAAI/ACM Conference on AI, Ethics, and Society",10.1145/3514094.3534177,https://www.semanticscholar.org/paper/14a797972c3a7045c8449f20d524234ffc36bf24,25,14a797972c3a7045c8449f20d524234ffc36bf24,"An emerging theme in artificial intelligence research is the creation of models to simulate the decisions and behavior of specific people, in domains including game-playing, text generation, and artistic expression. These models go beyond earlier approaches in the way they are tailored to individuals, and the way they are designed for interaction rather than simply the reproduction of fixed, pre-computed behaviors. We refer to these as mimetic models, and in this paper we develop a framework for characterizing the ethical and social issues raised by their growing availability. Our framework includes a number of distinct scenarios for the use of such models, and considers the impacts on a range of different participants, including the target being modeled, the operator who deploys the model, and the entities that interact with it.",26.925925925925927,39.8625067506353,-0.0483142201260394,-0.0943677914495642,Top 30%
Blind Justice: Algorithmically Masking Race in Charging Decisions,"Alex Chohlas-Wood, Joe Nudell, Zhiyuan Jerry Lin, Julian Nyarko, Sharad Goel",2021,"AAAI/ACM Conference on AI, Ethics, and Society",10.1145/3461702.3462524,https://www.semanticscholar.org/paper/1559bd50a4f97a9a9da4f6bdec5fd4ce7dc95f74,24,1559bd50a4f97a9a9da4f6bdec5fd4ce7dc95f74,"A prosecutor's decision to charge or dismiss a criminal case is a particularly high-stakes choice. There is concern, however, that these judgements may suffer from explicit or implicit racial bias, as with many other such actions in the criminal justice system. To reduce potential bias in charging decisions, we designed a system that algorithmically redacts race-related information from free-text case narratives. In a first-of-its-kind initiative, we deployed this system at a large American district attorney's office to help prosecutors make race-obscured charging decisions, where it was used to review many incoming felony cases. We report on both the design, efficacy, and impact of our tool for aiding equitable decision-making. We demonstrate that our redaction algorithm is able to accurately obscure race-related information, making it difficult for a human reviewer to guess the race of a suspect while preserving other information from the case narrative. In the jurisdiction we study, we found little evidence of disparate treatment in charging decisions even prior to deployment of our intervention. Thus, as expected, our tool did not substantially alter charging rates. Nevertheless, our study demonstrates the feasibility of race-obscured charging, and more generally highlights the promise of algorithms to bolster equitable decision-making in the criminal justice system.",40.458333333333336,35.57475798648673,-0.4626407673549072,-0.1038367292512055,Top 30%
Towards Interactive Evaluations for Interaction Harms in Human-AI Systems,"Lujain Ibrahim, Saffron Huang, Umang Bhatt, L. Ahmad, Markus Anderljung",2024,"Proceedings of the AAAI/ACM Conference on AI, Ethics, and Society",10.1609/aies.v8i2.36631,https://www.semanticscholar.org/paper/6c1dcf5e573d88394ab2094c485c7954678f8aa8,24,6c1dcf5e573d88394ab2094c485c7954678f8aa8,"Current AI evaluation methods, which rely on static, model-only tests, fail to account for harms that emerge through sustained human-AI interaction. As AI systems proliferate and are increasingly integrated into real-world applications, this disconnect between evaluation approaches and actual usage becomes more significant. In this paper, we propose a shift towards evaluation based on interactional ethics, which focuses on interaction harms—issues like inappropriate parasocial relationships, social manipulation, and cognitive overreliance that develop over time through repeated interaction, rather than through isolated outputs. First, we discuss the limitations of current evaluation methods, which (1) are static, (2) assume a universal user experience, and (3) have limited construct validity. Drawing on research from human-computer interaction, natural language processing, and the social sciences, we present practical principles for designing interactive evaluations. These include ecologically valid interaction scenarios, human impact metrics, and diverse human participation approaches. Finally, we explore implementation challenges and open research questions for researchers, practitioners, and regulators aiming to integrate interactive evaluations into AI governance frameworks. This work lays the groundwork for developing more effective evaluation methods that better capture the complex dynamics between humans and AI systems.",7.2,9.884331034521256,1.6996597889453129,-0.1038367292512055,Top 30%
A Formal Approach to Explainability,"Lior Wolf, Tomer Galanti, Tamir Hazan",2019,"AAAI/ACM Conference on AI, Ethics, and Society",10.1145/3306618.3314260,https://www.semanticscholar.org/paper/5c9349cfe75e5ee805e45c4b415597907915c9e5,24,5c9349cfe75e5ee805e45c4b415597907915c9e5,"We regard explanations as a blending of the input sample and the model's output and offer a few definitions that capture various desired properties of the function that generates these explanations. We study the links between these properties and between explanation-generating functions and intermediate representations of learned models and are able to show, for example, that if the activations of a given layer are consistent with an explanation, then so do all other subsequent layers. In addition, we study the intersection and union of explanations as a way to construct new explanations.",87.5909090909091,155.04430902886364,-0.4101466831592688,-0.1038367292512055,Top 30%
Ethics for AI Writing: The Importance of Rhetorical Context,"H. McKee, J. E. Porter",2020,"AAAI/ACM Conference on AI, Ethics, and Society",10.1145/3375627.3375811,https://www.semanticscholar.org/paper/c5d565e8cc0e9714ca0a7e65365d35752368d0df,24,c5d565e8cc0e9714ca0a7e65365d35752368d0df,"Implicit in any rhetorical interaction-between humans or between humans and machines-are ethical codes that shape the rhetorical context, the social situation in which communication happens and also the engine that drives communicative interaction. Such implicit codes are usually invisible to AI writing systems because the social factors shaping communication (the why and how of language, not the what) are not usually explicitly evident in databases the systems use to produce discourse. Can AI writing systems learn to learn rhetorical context, particularly the implicit codes for communication ethics? We see evidence that some systems do address issues of rhetorical context, at least in rudimentary ways. But we critique the information transfer communication model supporting many AI writing systems, arguing for a social context model that accounts for rhetorical context-what is, in a sense, ""not there"" in the data corpus but that is critical for the production of meaningful, significant, and ethical communication. We offer two ethical principles to guide design of AI writing systems: transparency about machine presence and critical data awareness, a methodological reflexivity about rhetorical context and omissions in the data that need to be provided by a human agent or accounted for in machine learning.",50.56,77.12710288867332,-0.3443666234726487,-0.1038367292512055,Top 30%
FairCanary: Rapid Continuous Explainable Fairness,"Avijit Ghosh, Aalok Shanbhag",2021,"AAAI/ACM Conference on AI, Ethics, and Society",10.1145/3514094.3534157,https://www.semanticscholar.org/paper/dee1abc2ade192a01cd32f89a02eb1746bfb9ba1,24,dee1abc2ade192a01cd32f89a02eb1746bfb9ba1,"Systems that offer continuous model monitoring have emerged in response to (1) well-documented failures of deployed Machine Learning (ML) and Artificial Intelligence (AI) models and (2) new regulatory requirements impacting these models. Existing monitoring systems continuously track the performance of deployed ML models and compute feature importance (a.k.a. explanations) for each prediction to help developers identify the root causes of emergent model performance problems. We present Quantile Demographic Drift (QDD), a novel model bias quantification metric that uses quantile binning to measure differences in the overall prediction distributions over subgroups. QDD is ideal for continuous monitoring scenarios, does not suffer from the statistical limitations of conventional threshold-based bias metrics, and does not require outcome labels (which may not be available at runtime). We incorporate QDD into a continuous model monitoring system, called FairCanary, that reuses existing explanations computed for each individual prediction to quickly compute explanations for the QDD bias metrics. This optimization makes FairCanary an order of magnitude faster than previous work that has tried to generate feature-level bias explanations.",40.458333333333336,35.57475798648673,-0.4626407673549072,-0.1038367292512055,Top 30%
"Cake, Death, and Trolleys: Dilemmas as benchmarks of ethical decision-making","Edvard P. Bjørgen, Simen Madsen, Therese S. Bjørknes, Fredrik V. Heimsæter, Robin Håvik, Morten Linderud, Per-Niklas Longberg, Louise Dennis, M. Slavkovik",2018,"AAAI/ACM Conference on AI, Ethics, and Society",10.1145/3278721.3278767,https://www.semanticscholar.org/paper/9647b7976ed875f53fe850e00bb05f84075f2954,24,9647b7976ed875f53fe850e00bb05f84075f2954,"Artificial intelligence (AI) systems are becoming part of our lives and societies. The more decisions such systems make for us, the more we need to ensure that the decisions they make have a positive individual and societal ethical impact. How can we estimate how good a system is at making ethical decisions? Benchmarking is used to evaluate how good a machine or a process performs with respect to industry bests. In this paper we argue that (some) ethical dilemmas can be used as benchmarks for estimating the ethical performance of an autonomous system. We advocate that an open source repository of such dilemmas should be maintained. We present a prototype of such a repository available at https://imdb. uib.no/dilemmaz/articles/all1.",90.46774193548389,228.93937330061112,-0.2903290114636932,-0.1038367292512055,Top 30%
Towards Provably Moral AI Agents in Bottom-up Learning Frameworks,"N. Shaw, Andreas Stöckel, Ryan W. Orr, T. Lidbetter, R. Cohen",2018,AAAI Spring Symposia,10.1145/3278721.3278728,https://www.semanticscholar.org/paper/2f9fe68ac92baacffac83178eb73680d7a2b4e3f,24,2f9fe68ac92baacffac83178eb73680d7a2b4e3f,"We examine moral machine decision making as inspired by a central question posed by Rossi with respect to moral preferences: can AI systems based on statistical machine learning (which do not provide a natural way to explain or justify their decisions) be used for embedding morality into a machine in a way that allows us to prove that nothing morally wrong will happen? We argue for an evaluation which is held to the same standards as a human agent, removing the demand that ethical behaviour is always achieved. We introduce four key meta-qualities desired for our moral standards, and then proceed to clarify how we can prove that an agent will correctly learn to perform moral actions given a set of samples within certain error bounds. Our group-dynamic approach enables us to demonstrate that the learned models converge to a common function to achieve stability. We further explain a valuable intrinsic consistency check made possible through the derivation of logical statements from the machine learning model. In all, this work proposes an approach for building ethical AI systems, coming from the perspective of artificial intelligence research, and sheds important light on understanding how much learning is required in order for an intelligent agent to behave morally with negligible error.",90.46774193548389,228.93937330061112,-0.2903290114636932,-0.1038367292512055,Top 30%
"How Algorithms Shape the Distribution of Political Advertising: Case Studies of Facebook, Google, and TikTok","Orestis Papakyriakopoulos, Christelle Tessono, Arvind Narayanan, M. Kshirsagar",2022,"AAAI/ACM Conference on AI, Ethics, and Society",10.1145/3514094.3534166,https://www.semanticscholar.org/paper/dedae15c404b87b77c2c591f6798d8e2c7e3027a,24,dedae15c404b87b77c2c591f6798d8e2c7e3027a,"Online platforms play an increasingly important role in shaping democracy by influencing the distribution of political information to the electorate. In recent years, political campaigns have spent heavily on the platforms' algorithmic tools to target voters with online advertising. While the public interest in understanding how platforms perform the task of shaping the political discourse has never been higher, the efforts of the major platforms to make the necessary disclosures to understand their practices falls woefully short. In this study, we collect and analyze a dataset containing over 800,000 ads and 2.5 million videos about the 2020 U.S. presidential election from Facebook, Google, and TikTok. We conduct the first large scale data analysis of public data to critically evaluate how these platforms amplified or moderated the distribution of political advertisements. We conclude with recommendations for how to improve the disclosures so that the public can hold the platforms and political advertisers accountable.",26.925925925925927,39.8625067506353,-0.0734004498068676,-0.1038367292512055,Top 30%
Surveilling Surveillance: Estimating the Prevalence of Surveillance Cameras with Street View Data,"Hao Sheng, Keniel Yao, Sharad Goel",2021,"AAAI/ACM Conference on AI, Ethics, and Society",10.1145/3461702.3462525,https://www.semanticscholar.org/paper/b609c4095777d0ecfd4d6d36964c4fe025acf64a,23,b609c4095777d0ecfd4d6d36964c4fe025acf64a,"The use of video surveillance in public spaces--both by government agencies and by private citizens--has attracted considerable attention in recent years, particularly in light of rapid advances in face-recognition technology. But it has been difficult to systematically measure the prevalence and placement of cameras, hampering efforts to assess the implications of surveillance on privacy and public safety. Here we present a novel approach for estimating the spatial distribution of surveillance cameras: applying computer vision algorithms to large-scale street view image data. Specifically, we build a camera detection model and apply it to 1.6 million street view images sampled from 10 large U.S. cities and 6 other major cities around the world, with positive model detections verified by human experts. After adjusting for the estimated recall of our model, and accounting for the spatial coverage of our sampled images, we are able to estimate the density of surveillance cameras visible from the road. Across the 16 cities we consider, the estimated number of surveillance cameras per linear kilometer ranges from 0.1 (in Seattle) to 0.9 (in Seoul). In a detailed analysis of the 10 U.S. cities, we find that cameras are concentrated in commercial, industrial, and mixed zones, and in neighborhoods with higher shares of non-white residents---a pattern that persists even after adjusting for land use. These results help inform ongoing discussions on the use of surveillance technology, including its potential disparate impacts on communities of color.",40.458333333333336,35.57475798648673,-0.4907505861309016,-0.1133056670528467,Top 30%
Bound by the Bounty: Collaboratively Shaping Evaluation Processes for Queer AI Harms,"Organizers of QueerInAI, Nathaniel Dennler, Anaelia Ovalle, Ashwin Singh, Luca Soldaini, Arjun Subramonian, Huy Tu, William Agnew, Avijit Ghosh, Kyra Yee, Irene Font Peradejordi, Zeerak Talat, Mayra Russo, Jessica de Jesus de Pinho Pinhal",2023,"AAAI/ACM Conference on AI, Ethics, and Society",10.1145/3600211.3604682,https://www.semanticscholar.org/paper/a4d543cc77a0a643a271988f5b4b6699f421c85c,23,a4d543cc77a0a643a271988f5b4b6699f421c85c,"Bias evaluation benchmarks and dataset and model documentation have emerged as central processes for assessing the biases and harms of artificial intelligence (AI) systems. However, these auditing processes have been criticized for their failure to integrate the knowledge of marginalized communities and consider the power dynamics between auditors and the communities. Consequently, modes of bias evaluation have been proposed that engage impacted communities in identifying and assessing the harms of AI systems (e.g., bias bounties). Even so, asking what marginalized communities want from such auditing processes has been neglected. In this paper, we ask queer communities for their positions on, and desires from, auditing processes. To this end, we organized a participatory workshop to critique and redesign bias bounties from queer perspectives. We found that when given space, the scope of feedback from workshop participants goes far beyond what bias bounties afford, with participants questioning the ownership, incentives, and efficacy of bounties. We conclude by advocating for community ownership of bounties and complementing bounties with participatory processes (e.g., co-creation).",26.6,45.93699388736063,-0.0783682103541069,-0.1133056670528467,Top 30%
"Crowdsourcing with Fairness, Diversity and Budget Constraints","Naman Goel, B. Faltings",2018,"AAAI/ACM Conference on AI, Ethics, and Society",10.1145/3306618.3314282,https://www.semanticscholar.org/paper/ebd19437d40654e20d2b8475b53b4db297594408,23,ebd19437d40654e20d2b8475b53b4db297594408,"Recent studies have shown that the labels collected from crowdworkers can be discriminatory with respect to sensitive attributes such as gender and race. This raises questions about the suitability of using crowdsourced data for further use, such as for training machine learning algorithms. In this work, we address the problem of fair and diverse data collection from a crowd under budget constraints. We propose a novel algorithm which maximizes the expected accuracy of the collected data, while ensuring that the errors satisfy desired notions of fairness. We provide guarantees on the performance of our algorithm and show that the algorithm performs well in practice through experiments on a real dataset.",90.46774193548389,228.93937330061112,-0.2946969800904219,-0.1133056670528467,Top 30%
"Norms, Rewards, and the Intentional Stance: Comparing Machine Learning Approaches to Ethical Training","Daniel Kasenberg, Thomas Arnold, Matthias Scheutz",2018,"AAAI/ACM Conference on AI, Ethics, and Society",10.1145/3278721.3278774,https://www.semanticscholar.org/paper/e4b84a4edfffa8a918b6839b9566d07fa03f218f,23,e4b84a4edfffa8a918b6839b9566d07fa03f218f,"The challenge of training AI systems to perform responsibly and beneficially has inspired different approaches for teaching a system what people want and how it is acceptable to attain that in the world. In this paper we compare work in reinforcement learning, in particular inverse reinforcement learning, with our norm inference approach. We test those two systems and present results. Using the idea of the ""intentional stance"", we explain how a norm inference approach can work even when another agent is acting strictly according to reward functions. In this way norm inference presents itself as a promising, more explicitly accountable approach with which to design AI systems from the start.",90.46774193548389,228.93937330061112,-0.2946969800904219,-0.1133056670528467,Top 30%
Disambiguating Algorithmic Bias: From Neutrality to Justice,"Elizabeth Edenberg, Alexandra Wood",2023,"AAAI/ACM Conference on AI, Ethics, and Society",10.1145/3600211.3604695,https://www.semanticscholar.org/paper/2d5c55146572d618e5ec5d70c0ac1d373bbefa2c,23,2d5c55146572d618e5ec5d70c0ac1d373bbefa2c,"As algorithms have become ubiquitous in consequential domains, societal concerns about the potential for discriminatory outcomes have prompted urgent calls to address algorithmic bias. In response, a rich literature across computer science, law, and ethics is rapidly proliferating to advance approaches to designing fair algorithms. Yet computer scientists, legal scholars, and ethicists are often not speaking the same language when using the term ‘bias.’ Debates concerning whether society can or should tackle the problem of algorithmic bias are hampered by conflations of various understandings of bias, ranging from neutral deviations from a standard to morally problematic instances of injustice due to prejudice, discrimination, and disparate treatment. This terminological confusion impedes efforts to address clear cases of discrimination. In this paper, we examine the promises and challenges of different approaches to disambiguating bias and designing for justice. While both approaches aid in understanding and addressing clear algorithmic harms, we argue that they also risk being leveraged in ways that ultimately deflect accountability from those building and deploying these systems. Applying this analysis to recent examples of generative AI, our argument highlights unseen dangers in current methods of evaluating algorithmic bias and points to ways to redirect approaches to addressing bias in generative AI at its early stages in ways that can more robustly meet the demands of justice.",26.6,45.93699388736063,-0.0783682103541069,-0.1133056670528467,Top 30%
Always Lurking: Understanding and Mitigating Bias in Online Human Trafficking Detection,"K. Hundman, Thamme Gowda, M. Kejriwal, Benedikt Boecking",2017,"AAAI/ACM Conference on AI, Ethics, and Society",10.1145/3278721.3278782,https://www.semanticscholar.org/paper/bff412b52c71fb5e77d45ebbf8558d4b9121884d,22,bff412b52c71fb5e77d45ebbf8558d4b9121884d,"Web-based human trafficking activity has increased in recent years but it remains sparsely dispersed among escort advertisements and difficult to identify due to its often-latent nature. The use of intelligent systems to detect trafficking can thus have a direct impact on investigative resource allocation and decision-making, and, more broadly, help curb a widespread social problem. Trafficking detection involves assigning a normalized score to a set of escort advertisements crawled from the Web -- a higher score indicates a greater risk of trafficking-related (involuntary) activities. In this paper, we define and study the problem of trafficking detection and present a trafficking detection pipeline architecture developed over three years of research within the DARPA Memex program. Drawing on multi-institutional data, systems, and experiences collected during this time, we also conduct post hoc bias analyses and present a bias mitigation plan. Our findings show that, while automatic trafficking detection is an important application of AI for social good, it also provides cautionary lessons for deploying predictive machine learning algorithms without appropriate de-biasing. This ultimately led to integration of an interpretable solution into a search system that contains over 100 million advertisements and is used by over 200 law enforcement agencies to investigate leads.",84.08333333333333,80.16512315026385,-0.7744431854356727,-0.1227746048544879,Top 50%
"Biased Priorities, Biased Outcomes: Three Recommendations for Ethics-oriented Data Annotation Practices","Gunay Kazimzade, Milagros Miceli",2020,"AAAI/ACM Conference on AI, Ethics, and Society",10.1145/3375627.3375809,https://www.semanticscholar.org/paper/4487990095b12b47440952ee878966ff9a04b8e8,22,4487990095b12b47440952ee878966ff9a04b8e8,"In this paper, we analyze the relation between data-related biases and practices of data annotation, by placing them in the context of market economy. We understand annotation as a praxis related to the sensemaking of data and investigate annotation practices for vision models by focusing on the values that are prioritized by industrial decision-makers and practitioners. The quality of data is critical for machine learning models as it holds the power to (mis-)represent the population it is intended to analyze. For autonomous systems to be able to make sense of the world, humans first need to make sense of the data these systems will be trained on. This paper addresses this issue, guided by the following research questions: Which goals are prioritized by decision-makers at the data annotation stage? How do these priorities correlate with data-related bias issues? Focusing on work practices and their context, our research goal aims at understanding the logics driving companies and their impact on the performed annotations. The study follows a qualitative design and is based on 24 interviews with relevant actors and extensive participatory observations, including several weeks of fieldwork at two companies dedicated to data annotation for vision models in Buenos Aires, Argentina and Sofia, Bulgaria. The prevalence of market-oriented values over socially responsible approaches is argued based on three corporate priorities that inform work practices in this field and directly shape the annotations performed: profit (short deadlines connected to the strive for profit are prioritized over alternative approaches that could prevent biased outcomes), standardization (the strive for standardized and, in many cases, reductive or biased annotations to make data fit the products and revenue plans of clients), and opacity (related to client's power to impose their criteria on the annotations that are performed. Criteria that most of the times remain opaque due to corporate confidentiality). Finally, we introduce three elements, aiming at developing ethics-oriented practices of data annotation, that could help prevent biased outcomes: transparency (regarding the documentation of data transformations, including information on responsibilities and criteria for decision-making.), education (training on the potential harms caused by AI and its ethical implications, that could help data annotators and related roles adopt a more critical approach towards the interpretation and labeling of data), and regulations (clear guidelines for ethical AI developed at the governmental level and applied both in private and public organizations).",50.56,77.12710288867332,-0.3702978451196855,-0.1227746048544879,Top 50%
Perceptions of Domestic Robots' Normative Behavior Across Cultures,"Huao Li, Stephanie Milani, Vigneshram Krishnamoorthy, M. Lewis, K. Sycara",2019,"AAAI/ACM Conference on AI, Ethics, and Society",10.1145/3306618.3314251,https://www.semanticscholar.org/paper/82b1f27348b835c375dabfa93e5173996dbc5764,22,82b1f27348b835c375dabfa93e5173996dbc5764,"As domestic service robots become more common and widespread, they must be programmed to efficiently accomplish tasks while aligning their actions with relevant norms. The first step to equip domestic robots with normative reasoning competence is understanding the norms that people apply to the behavior of robots in specific social contexts. To that end, we conducted an online survey of Chinese and United States participants in which we asked them to select the preferred normative action a domestic service robot should take in a number of scenarios. The paper makes multiple contributions. Our extensive survey is the first to: (a) collect data on attitudes of people on normative behavior of domestic robots, (b) across cultures and (c) study relative priorities among norms for this domain. We present our findings and discuss their implications for building computational models for robot normative reasoning.",87.5909090909091,155.04430902886364,-0.4230462214430485,-0.1227746048544879,Top 50%
Artificial Concepts of Artificial Intelligence: Institutional Compliance and Resistance in AI Startups,"Amy A. Winecoff, E. A. Watkins",2022,"AAAI/ACM Conference on AI, Ethics, and Society",10.1145/3514094.3534138,https://www.semanticscholar.org/paper/b79eac48959658bd75ff72aaace9edb7fe54f9bf,22,b79eac48959658bd75ff72aaace9edb7fe54f9bf,"Scholars and industry practitioners have debated how to best develop interventions for ethical artificial intelligence (AI). Such interventions recommend that companies building and using AI tools change their technical practices, but fail to wrangle with critical questions about the organizational and institutional context in which AI is developed. In this paper, we contribute descriptive research around the life of ""AI"" as a discursive concept and organizational practice in an understudied sphere--emerging AI startups--and with a focus on extra-organizational pressures faced by entrepreneurs. Leveraging a theoretical lens for how organizations change, we conducted semi-structured interviews with 23 entrepreneurs working at early-stage AI startups. We find that actors within startups both conform to and resist institutional pressures. Our analysis identifies a central tension for AI entrepreneurs: they often valued scientific integrity and methodological rigor; however, influential external stakeholders either lacked the technical knowledge to appreciate entrepreneurs' emphasis on rigor or were more focused on business priorities. As a result, entrepreneurs adopted hyped marketing messages about AI that diverged from their scientific values, but attempted to preserve their legitimacy internally. Institutional pressures and organizational constraints also influenced entrepreneurs' modeling practices and their response to actual or impending regulation. We conclude with a discussion for how such pressures could be used as leverage for effective interventions towards building ethical AI.",26.925925925925927,39.8625067506353,-0.1235729091685239,-0.1227746048544879,Top 50%
Legible Normativity for AI Alignment: The Value of Silly Rules,"Dylan Hadfield-Menell, McKane Andrus, Gillian K. Hadfield",2018,"AAAI/ACM Conference on AI, Ethics, and Society",10.1145/3306618.3314258,https://www.semanticscholar.org/paper/bc41658848375c6a8a5b89fe616dabf7f20e12e9,21,bc41658848375c6a8a5b89fe616dabf7f20e12e9,"It has become commonplace to assert that autonomous agents will have to be built to follow human rules of behavior--social norms and laws. But human laws and norms are complex and culturally varied systems; in many cases agents will have to learn the rules. This requires autonomous agents to have models of how human rule systems work so that they can make reliable predictions about rules. In this paper we contribute to the building of such models by analyzing an overlooked distinction between important rules and what we call silly rules -- rules with no discernible direct impact on welfare. We show that silly rules render a normative system both more robust and more adaptable in response to shocks to perceived stability. They make normativity more legible for humans, and can increase legibility for AI systems as well. For AI systems to integrate into human normative systems, we suggest, it may be important for them to have models that include representations of silly rules.",90.46774193548389,228.93937330061112,-0.3034329173438793,-0.1322435426561292,Top 50%
Does AI Qualify for the Job?: A Bidirectional Model Mapping Labour and AI Intensities,"Fernando Martínez-Plumed, Songül Tolan, Annarosa Pesole, J. Hernández-Orallo, Enrique Fernández-Macías, Emilia Gómez",2020,"AAAI/ACM Conference on AI, Ethics, and Society",10.1145/3375627.3375831,https://www.semanticscholar.org/paper/676d0ebede675410c377f2d05a4142310ecfc2e8,21,676d0ebede675410c377f2d05a4142310ecfc2e8,"In this paper we present a setting for examining the relation be-tween the distribution of research intensity in AI research and the relevance for a range of work tasks (and occupations) in current and simulated scenarios. We perform a mapping between labourand AI using a set of cognitive abilities as an intermediate layer. This setting favours a two-way interpretation to analyse (1) what impact current or simulated AI research activity has or would have on labour-related tasks and occupations, and (2) what areas of AI research activity would be responsible for a desired or undesired effect on specific labour tasks and occupations. Concretely, in our analysis we map 59 generic labour-related tasks from several worker surveys and databases to 14 cognitive abilities from the cognitive science literature, and these to a comprehensive list of 328 AI benchmarks used to evaluate progress in AI techniques. We provide this model and its implementation as a tool for simulations. We also show the effectiveness of our setting with some illustrative examples.",50.56,77.12710288867332,-0.3832634559432039,-0.1322435426561292,Top 50%
Fairness in Agreement With European Values: An Interdisciplinary Perspective on AI Regulation,"A. Colmenarejo, Luca Nannini, Alisa Rieger, Kristen M. Scott, Xuan Zhao, Gourab K. Patro, Gjergji Kasneci, K. Kinder-Kurlanda",2022,"AAAI/ACM Conference on AI, Ethics, and Society",10.1145/3514094.3534158,https://www.semanticscholar.org/paper/97fdcd32fde4b43b82b57977110bb4a95d25cf38,21,97fdcd32fde4b43b82b57977110bb4a95d25cf38,"With increasing digitalization, Artificial Intelligence (AI) is becoming ubiquitous. AI-based systems to identify, optimize, automate, and scale solutions to complex economic and societal problems are being proposed and implemented. This has motivated regulation efforts, including the Proposal of an EU AI Act. This interdisciplinary position paper considers various concerns surrounding fairness and discrimination in AI, and discusses how AI regulations address them, focusing on (but not limited to) the Proposal. We first look at AI and fairness through the lenses of law, (AI) industry, sociotechnology, and (moral) philosophy, and present various perspectives. Then, we map these perspectives along three axes of interests: (i) Standardization vs. Localization, (ii) Utilitarianism vs. Egalitarianism, and (iii) Consequential vs. Deontological ethics which leads us to identify a pattern of common arguments and tensions between these axes. Positioning the discussion within the axes of interest and with a focus on reconciling the key tensions, we identify and propose the roles AI Regulation should take to make the endeavor of the AI Act a success in terms of AI fairness concerns.",26.925925925925927,39.8625067506353,-0.148659138849352,-0.1322435426561292,Top 50%
Exploring AI Futures Through Role Play,"S. Avin, Ross Gruetzemacher, J. Fox",2019,"AAAI/ACM Conference on AI, Ethics, and Society",10.1145/3375627.3375817,https://www.semanticscholar.org/paper/867c5cd4606f00b9dffb0bb7a7540b18a0d41fb0,21,867c5cd4606f00b9dffb0bb7a7540b18a0d41fb0,"We present an innovative methodology for studying and teaching the impacts of AI through a role-play game. The game serves two primary purposes: 1) training AI developers and AI policy professionals to reflect on and prepare for future social and ethical challenges related to AI and 2) exploring possible futures involving AI technology development, deployment, social impacts, and governance. While the game currently focuses on the inter-relations between short-, mid- and long-term impacts of AI, it has potential to be adapted for a broad range of scenarios, exploring in greater depths issues of AI policy research and affording training within organizations. The game presented here has undergone two years of development and has been tested through over 30 events involving between 3 and 70 participants. The game is under active development, but preliminary findings suggest that role-play is a promising methodology for both exploring AI futures and training individuals and organizations in thinking about, and reflecting on, the impacts of AI and strategic mistakes that can be avoided today.",87.5909090909091,155.04430902886364,-0.4294959905849383,-0.1322435426561292,Top 50%
A Framework for Benchmarking Discrimination-Aware Models in Machine Learning,"Rodrigo L. Cardoso, Wagner Meira, Jr, Virgílio A. F. Almeida, Mohammed J. Zaki",2019,"AAAI/ACM Conference on AI, Ethics, and Society",10.1145/3306618.3314262,https://www.semanticscholar.org/paper/56ccc9f22ad8bf4ce5999055b8370c7891909eac,21,56ccc9f22ad8bf4ce5999055b8370c7891909eac,"Discrimination-aware models in machine learning are a recent topic of study that aim to minimize the adverse impact of machine learning decisions for certain groups of people due to ethical and legal implications. We propose a benchmark framework for assessing discrimination-aware models. Our framework consists of systematically generated biased datasets that are similar to real world data, created by a Bayesian network approach. Experimental results show that we can assess the quality of techniques through known metrics of discrimination, and our flexible framework can be extended to most real datasets and fairness measures to support a diversity of assessments.",87.5909090909091,155.04430902886364,-0.4294959905849383,-0.1322435426561292,Top 50%
Causal Framework of Artificial Autonomous Agent Responsibility,"Matija Franklin, Hal Ashton, E. Awad, D. Lagnado",2022,"AAAI/ACM Conference on AI, Ethics, and Society",10.1145/3514094.3534140,https://www.semanticscholar.org/paper/924b37bc1539058e3f4341958febbd55534a814f,20,924b37bc1539058e3f4341958febbd55534a814f,"Recent empirical work on people's attributions of responsibility toward artificial autonomous agents (such as Artificial Intelligence agents or robots) has delivered mixed findings. The conflicting results reflect differences in context, the roles of AI and human agents, and the domain of application. In this article, we outline a causal framework of responsibility attribution which integrates these findings. It outlines nine factors that influence responsibility attribution - causality, role, knowledge, objective foreseeability, capability, intent, desire, autonomy, and character. We propose a framework of responsibility that outlines the causal relationships between the nine factors and responsibility. To empirically test the framework we discuss some initial findings and outline an approach to using serious games for causal cognitive research on responsibility attribution. Specifically, we propose a game that uses a generative approach to creating different scenarios, in which participants can freely inspect different sources of information to make judgments about human and artificial autonomous agents.",26.925925925925927,39.8625067506353,-0.1737453685301802,-0.1417124804577705,Top 50%
A Deep Dive into Dataset Imbalance and Bias in Face Identification,"Valeriia Cherepanova, Steven Reich, Samuel Dooley, Hossein Souri, Micah Goldblum, T. Goldstein",2022,"AAAI/ACM Conference on AI, Ethics, and Society",10.1145/3600211.3604691,https://www.semanticscholar.org/paper/1cd410a395091ac1662bdbcfec8192aad5e2c203,20,1cd410a395091ac1662bdbcfec8192aad5e2c203,"As the deployment of automated face recognition (FR) systems proliferates, bias in these systems is not just an academic question, but a matter of public concern. Media portrayals often center imbalance as the main source of bias, i.e., that FR models perform worse on images of non-white people or women because these demographic groups are underrepresented in training data. Recent academic research paints a more nuanced picture of this relationship. However, previous studies of data imbalance in FR have focused exclusively on the face verification setting, while the face identification setting has been largely ignored, despite being deployed in sensitive applications such as law enforcement. This is an unfortunate omission, as ‘imbalance’ is a more complex matter in identification; imbalance may arise in not only the training data, but also the testing data, and furthermore may affect the proportion of identities belonging to each demographic group or the number of images belonging to each identity. In this work, we address this gap in the research by thoroughly exploring the effects of each kind of imbalance possible in face identification, and discuss other factors which may impact bias in this setting.",26.925925925925927,39.8625067506353,-0.1737453685301802,-0.1417124804577705,Top 50%
Long-term Dynamics of Fairness Intervention in Connection Recommender Systems,"Nil-Jana Akpinar, Cyrus DiCiccio, Preetam Nandy, Kinjal Basu",2022,"AAAI/ACM Conference on AI, Ethics, and Society",10.1145/3514094.3534173,https://www.semanticscholar.org/paper/ac62160aa7c45a7aa8104775df5e6d17f48b40c3,20,ac62160aa7c45a7aa8104775df5e6d17f48b40c3,"Recommender system fairness has been studied from the perspectives of a variety of stakeholders including content producers, the content itself and recipients of recommendations. Regardless of which type of stakeholders are considered, most works in this area assess the efficacy of fairness intervention by evaluating a single fixed fairness criterion through the lens of a one-shot, static setting. Yet recommender systems constitute dynamical systems with feedback loops from the recommendations to the underlying population distributions which could lead to unforeseen and adverse consequences if not taken into account. In this paper, we study a connection recommender system patterned after the systems employed by web-scale social networks and analyze the long-term effects of intervening on fairness in the recommendations. We find that, although seemingly fair in aggregate, common exposure and utility parity interventions fail to mitigate amplification of biases in the long term. We theoretically characterize how certain fairness interventions impact the bias amplification dynamics in a stylized Polya urn model.",26.925925925925927,39.8625067506353,-0.1737453685301802,-0.1417124804577705,Top 50%
Evaluating the Impact of Social Determinants on Health Prediction in the Intensive Care Unit,"M. Yang, G. Kwak, T. Pollard, L. Celi, M. Ghassemi",2023,"AAAI/ACM Conference on AI, Ethics, and Society",10.1145/3600211.3604719,https://www.semanticscholar.org/paper/48db62a9110479e1019e203bf686a0d4b597e3b0,20,48db62a9110479e1019e203bf686a0d4b597e3b0,"Social determinants of health (SDOH) – the conditions in which people live, grow, and age – play a crucial role in a person’s health and well-being. There is a large, compelling body of evidence in population health studies showing that a wide range of SDOH is strongly correlated with health outcomes. Yet, a majority of the risk prediction models based on electronic health records (EHR) do not incorporate a comprehensive set of SDOH features as they are often noisy or simply unavailable. Our work links a publicly available EHR database, MIMIC-IV, to well-documented SDOH features. We investigate the impact of such features on common EHR prediction tasks across different patient populations. We find that community-level SDOH features do not improve model performance for a general patient population, but can improve data-limited model fairness for specific subpopulations. We also demonstrate that SDOH features are vital for conducting thorough audits of algorithmic biases beyond protective attributes. We hope the new integrated EHR-SDOH database will enable studies on the relationship between community health and individual outcomes and provide new benchmarks to study algorithmic biases beyond race, gender, and age.",26.6,45.93699388736063,-0.1436750523158626,-0.1417124804577705,Top 50%
What are People Talking about in #BackLivesMatter and #StopAsianHate?: Exploring and Categorizing Twitter Topics Emerged in Online Social Movements through the Latent Dirichlet Allocation Model,"Xin Tong, Yixuan Li, Jiayi Li, Rongqi Bei, Luyao Zhang",2022,"AAAI/ACM Conference on AI, Ethics, and Society",10.1145/3514094.3534202,https://www.semanticscholar.org/paper/8d7df4f5b26fe93a8faec69b1fcb7d9dfcaeafc3,19,8d7df4f5b26fe93a8faec69b1fcb7d9dfcaeafc3,"Minority groups have been using social media to organize social movements that create profound social impacts. Black Lives Matter (BLM) and Stop Asian Hate (SAH) are two successful social movements that have spread on Twitter that promote protests and activities against racism and increase the public's awareness of other social challenges that minority groups face. However, previous studies have mostly conducted qualitative analyses of tweets or interviews with users, which may not comprehensively and validly represent all tweets. Very few studies have explored the Twitter topics within BLM and SAH dialogs in a rigorous, quantified and data-centered approach. Therefore, in this research, we adopted a mixed-methods approach to comprehensively analyze BLM and SAH Twitter topics. We implemented (1) the latent Dirichlet allocation model to understand the top high-level words and topics and (2) open-coding analysis to identify specific themes across the tweets. We collected more than one million tweets with the #blacklivesmatter and #stopasianhate hashtags and compared their topics. Our findings revealed that the tweets discussed a variety of influential topics in depth, and social justice, social movements, and emotional sentiments were common topics in both movements, though with unique subtopics for each movement. Our study contributes to the topic analysis of social movements on social media platforms in particular and the literature on the interplay of AI, ethics, and society in general.",26.925925925925927,39.8625067506353,-0.1988315982110084,-0.1511814182594117,Top 50%
What does it mean to be a responsible AI practitioner: An ontology of roles and skills,"Shalaleh Rismani, AJung Moon",2022,"AAAI/ACM Conference on AI, Ethics, and Society",10.1145/3600211.3604702,https://www.semanticscholar.org/paper/992085866d6975bddf42faf6f5e04a363c96d4f6,19,992085866d6975bddf42faf6f5e04a363c96d4f6,"With the growing need to regulate AI systems across a wide variety of application domains, a new set of occupations has emerged in the industry. The so-called responsible Artificial Intelligence (AI) practitioners or AI ethicists are generally tasked with interpreting and operationalizing best practices for ethical and safe design of AI systems. Due to the nascent nature of these roles, however, it is unclear to future employers and aspiring AI ethicists what specific function these roles serve and what skills are necessary to serve the functions. Without clarity on these, we cannot train future AI ethicists with meaningful learning objectives. In this work, we examine what responsible AI practitioners do in the industry and what skills they employ on the job. We propose an ontology of existing roles alongside skills and competencies that serve each role. We created this ontology by examining the job postings for such roles over a two-year period (2020-2022) and conducting expert interviews with fourteen individuals who currently hold such a role in the industry. Our ontology contributes to business leaders looking to build responsible AI teams and provides educators with a set of competencies that an AI ethics curriculum can prioritize.",26.925925925925927,39.8625067506353,-0.1988315982110084,-0.1511814182594117,Top 50%
Companion Robots: the Hallucinatory Danger of Human-Robot Interactions,"Piercosma Bisconti, D. Nardi",2018,"AAAI/ACM Conference on AI, Ethics, and Society",10.1145/3278721.3278741,https://www.semanticscholar.org/paper/c93595dda8c0e0842063455e3ee035c7146ea9fe,19,c93595dda8c0e0842063455e3ee035c7146ea9fe,"The advent of the so-called Companion Robots is raising many ethical concerns among scholars and in the public opinion. Focusing mainly on robots caring for the elderly, in this paper we analyze these concerns to distinguish which are directly ascribable to robotic, and which are instead pre-existent. One of these is the ""deception objection"", namely the ethical unacceptability of deceiving the user about the simulated nature of the robot's behaviors. We argue on the inconsistency of this charge, as today formulated. After that, we underline the risk, for human-robot interaction, to become a hallucinatory relation where the human would subjectify the robot in a dynamic of meaning-overload. Finally, we analyze the definition of ""quasi-other"" relating to the notion of ""uncanny"". The goal of this paper is to argue that the main concern about Companion Robots is the simulation of a human-like interaction in the absence of an autonomous robotic horizon of meaning. In addition, that absence could lead the human to build a hallucinatory reality based on the relation with the robot.",90.46774193548389,228.93937330061112,-0.3121688545973367,-0.1511814182594117,Top 50%
The Bureaucratic Challenge to AI Governance: An Empirical Assessment of Implementation at U.S. Federal Agencies,"Christie Lawrence, Isaac Cui, Daniel E. Ho",2023,"AAAI/ACM Conference on AI, Ethics, and Society",10.1145/3600211.3604701,https://www.semanticscholar.org/paper/857be9002309d77d149dca32bee06e36211d031d,19,857be9002309d77d149dca32bee06e36211d031d,"Can government govern artificial intelligence (AI)? One of the central questions of AI governance surrounds state capacity, namely whether government has the ability to accomplish its policy goals. We study this question by assessing how well the U.S. federal government has implemented three binding laws around AI governance: two executive orders—concerning trustworthy AI in the public sector (E.O. 13,960) and AI leadership (E.O. 13,859)—and the AI in Government Act. We conduct the first systematic empirical assessment of the implementation status of these three laws, which have each been described as central to US AI innovation. First, we track, through extensive research, line-level adoption of each mandated action. Based on publicly available information, we find that fewer than 40 percent of 45 legal requirements could be verified as having been implemented. Second, we research the specific implementation of transparency requirements at up to 220 federal agencies. We find that nearly half of agencies failed to publicly issue AI use case inventories—even when these agencies have demonstrable use cases of machine learning. Even when agencies have complied with these requirements, efforts are inconsistent. Our work highlights the weakness of U.S. state capacity to carry out AI governance mandates and we discuss implications for how to address bureaucratic capacity challenges.",26.6,45.93699388736063,-0.1654439996364479,-0.1511814182594117,Top 50%
How LLM Counselors Violate Ethical Standards in Mental Health Practice: A Practitioner-Informed Framework,"Zainab Iftikhar, A. Xiao, Sean Ransom, Jeff Huang, Harini Suresh",2025,"Proceedings of the AAAI/ACM Conference on AI, Ethics, and Society",10.1609/aies.v8i2.36632,https://www.semanticscholar.org/paper/74276e2ea283f01e6f8015dd68f2a06af6f30f45,19,74276e2ea283f01e6f8015dd68f2a06af6f30f45,"Large language models (LLMs) were not designed to replace healthcare workers, but they are being used in ways that can lead users to overestimate the types of roles that these systems can assume. While prompt engineering has been shown to improve LLMs' clinical effectiveness in mental health applications, little is known about whether such strategies help models adhere to ethical principles for real-world deployment. In this study, we conducted an 18-month ethnographic collaboration with mental health practitioners (three clinically licensed psychologists and seven trained peer counselors) to map LLM counselors' behavior during a session to professional codes of conduct established by organizations like the American Psychological Association (APA). Through qualitative analysis and expert evaluation of N=137 sessions (110 self-counseling; 27 simulated), we outline a framework of 15 ethical violations mapped to 5 major themes. These include: Lack of Contextual Understanding, where the counselor fails to account for users' lived experiences, leading to oversimplified, contextually irrelevant, and one-size-fits-all intervention; Poor Therapeutic Collaboration, where the counselor's low turn-taking behavior and invalidating outputs limit users' agency over their therapeutic experience; Deceptive Empathy, where the counselor's simulated anthropomorphic responses (``I hear you'', ``I understand'') create a false sense of emotional connection; Unfair Discrimination, where the counselor's responses exhibit algorithmic bias and cultural insensitivity toward marginalized populations; and Lack of Safety & Crisis Management, where individuals who are ``knowledgeable enough'' to correct LLM outputs are at an advantage, while others, due to lack of clinical knowledge and digital literacy, are more likely to suffer from clinically inappropriate responses. Reflecting on these findings through a practitioner-informed lens, we argue that reducing psychotherapy—a deeply meaningful and relational process—to a language generation task can have serious and harmful implications in practice. We conclude by discussing policy-oriented accountability mechanisms for emerging LLM counselors.",0.8040201005025126,2.280081497656951,7.980407682004339,-0.1511814182594117,Top 50%
Reclaiming the Digital Commons: A Public Data Trust for Training Data,"Alan Chan, Herbie Bradley, Nitarshan Rajkumar",2023,"AAAI/ACM Conference on AI, Ethics, and Society",10.1145/3600211.3604658,https://www.semanticscholar.org/paper/6b2395ebcdc3f284d30fefe5d9877aa3caa7b53f,18,6b2395ebcdc3f284d30fefe5d9877aa3caa7b53f,"Democratization of AI means not only that people can freely use AI, but also that people can collectively decide how AI is to be used. In particular, collective decision-making power is required to redress the negative externalities from the development of increasingly advanced AI systems, including degradation of the digital commons and unemployment from automation. The rapid pace of AI development and deployment currently leaves little room for this power. Monopolized in the hands of private corporations, the development of the most capable foundation models has proceeded largely without public input. There is currently no implemented mechanism for ensuring that the economic value generated by such models is redistributed to account for their negative externalities. The citizens that have generated the data necessary to train models do not have input on how their data are to be used. In this work, we propose that a public data trust assert control over training data for foundation models. In particular, this trust should scrape the internet as a digital commons, to license to commercial model developers for a percentage cut of revenues from deployment. First, we argue in detail for the existence of such a trust. We also discuss feasibility and potential risks. Second, we detail a number of ways for a data trust to incentivize model developers to use training data only from the trust. We propose a mix of verification mechanisms, potential regulatory action, and positive incentives. We conclude by highlighting other potential benefits of our proposed data trust and connecting our work to ongoing efforts in data and compute governance.",26.6,45.93699388736063,-0.1872129469570331,-0.1606503560610529,Top 50%
Data-Centric Factors in Algorithmic Fairness,"Nianyun Li, Naman Goel, Elliott Ash",2022,"AAAI/ACM Conference on AI, Ethics, and Society",10.1145/3514094.3534147,https://www.semanticscholar.org/paper/53e17004e1dde9a2a5193a9c77ff0ec3868e90f3,18,53e17004e1dde9a2a5193a9c77ff0ec3868e90f3,"Notwithstanding the widely held view that data generation and data curation processes are prominent sources of bias in machine learning algorithms, there is little empirical research seeking to document and understand the specific data dimensions affecting algorithmic unfairness. Contra the previous work, which has focused on modeling using simple, small-scale benchmark datasets, we hold the model constant and methodically intervene on relevant dimensions of a much larger, more diverse dataset. For this purpose, we introduce a new dataset on recidivism in 1.5 million criminal cases from courts in the U.S. state of Wisconsin, 2000-2018. From this main dataset, we generate multiple auxiliary datasets to simulate different kinds of biases in the data. Focusing on algorithmic bias toward different race/ethnicity groups, we assess the relevance of training data size, base rate difference between groups, representation of groups in the training data, temporal aspects of data curation, including race/ethnicity or neighborhood characteristics as features, and training separate classifiers by race/ethnicity or crime type. We find that these factors often do influence fairness metrics holding the classifier specification constant, without having a corresponding effect on accuracy metrics. The methodology and the results in the paper provide a useful reference point for a data-centric approach to studying algorithmic fairness in recidivism prediction and beyond.",26.925925925925927,39.8625067506353,-0.2239178278918365,-0.1606503560610529,Top 50%
GATE: A Challenge Set for Gender-Ambiguous Translation Examples,"Spencer Rarrick, Ranjita Naik, Varun Mathur, Sundar Poudel, Vishal Chowdhary",2023,"AAAI/ACM Conference on AI, Ethics, and Society",10.1145/3600211.3604675,https://www.semanticscholar.org/paper/20a55a690f5b2848410e3653921912f7d583cd97,18,20a55a690f5b2848410e3653921912f7d583cd97,"Although recent years have brought significant progress in improving translation of unambiguously gendered sentences, translation of ambiguously gendered input remains relatively unexplored. When source gender is ambiguous, machine translation models typically default to stereotypical gender roles, perpetuating harmful bias. Recent work has led to the development of ""gender rewriters"" that generate alternative gender translations on such ambiguous inputs, but such systems are plagued by poor linguistic coverage. To encourage better performance on this task we present and release GATE, a linguistically diverse corpus of gender-ambiguous source sentences along with multiple alternative target language translations. We also provide tools for evaluation and system analysis when using GATE and use them to evaluate our translation rewriter.",26.6,45.93699388736063,-0.1872129469570331,-0.1606503560610529,Top 50%
A sector-based approach to AI ethics: Understanding ethical issues of AI-related incidents within their sectoral context,"D. Burema, Nicole Debowski-Weimann, Alexander von Janowski, Jil Grabowski, Mihai Maftei, M. Jacobs, Patrick van der Smagt, Djalel Benbouzid",2023,"AAAI/ACM Conference on AI, Ethics, and Society",10.1145/3600211.3604680,https://www.semanticscholar.org/paper/5cbe9db77b2aaad86c524695dddae3cfc903b876,18,5cbe9db77b2aaad86c524695dddae3cfc903b876,"Acknowledging that society is made up of different sectors with their own rules and structures, this paper studies the relevance of a sector-specific perspective to AI ethics. Incidents with AI are studied in relation to five sectors (police, healthcare, education and academia, politics, automotive) using the AIAAIC repository. A total of 125 incidents are sampled and analyzed by conducting a qualitative content analysis on media reports. The results show that certain ethical principles are found breached across sectors: accuracy/reliability, bias/discrimination, transparency, surveillance/privacy, security. However, results also show that 1) some ethical issues (misinformation, safety, premise/intent) are sector specific, 2) the consequences and meaning of the same ethical issue is able to vary across sectors and 3) pre-existing sector-specific issues are reproduced with these ethical breaches. The paper concludes that general ethical principles are relevant to discuss across sectors, yet, a sector-based approach to AI ethics gives in-depth information on sector-specific structural issues.",26.6,45.93699388736063,-0.1872129469570331,-0.1606503560610529,Top 50%
Measuring Gender Bias in Word Embeddings of Gendered Languages Requires Disentangling Grammatical Gender Signals,"Shiva Omrani Sabbaghi, Aylin Caliskan",2022,"AAAI/ACM Conference on AI, Ethics, and Society",10.1145/3514094.3534176,https://www.semanticscholar.org/paper/cb8a84f9cdb5dceb104d4dde37897ca1964acd80,17,cb8a84f9cdb5dceb104d4dde37897ca1964acd80,"Does the grammatical gender of a language interfere when measuring the semantic gender information captured by its word embeddings? A number of anomalous gender bias measurements in the embeddings of gendered languages suggest this possibility. We demonstrate that word embeddings learn the association between a noun and its grammatical gender in grammatically gendered languages, which can skew social gender bias measurements. Consequently, word embedding post-processing methods are introduced to quantify, disentangle, and evaluate grammatical gender signals. The evaluation is performed on five gendered languages from the Germanic, Romance, and Slavic branches of the Indo-European language family. Our method reduces the strength of grammatical gender signals, which is measured in terms of effect size (Cohen's d ), by a significant average of d = 1.3 for French, German, and Italian, and d = 0.56 for Polish and Spanish. Once grammatical gender is disentangled, the association between over 90% of 10,000 inanimate nouns and their assigned grammatical gender weakens, and cross-lingual bias results from the Word Embedding Association Test (WEAT) become more congruent with country-level implicit bias measurements. The results further suggest that disentangling grammatical gender signals from word embeddings may lead to improvement in semantic machine learning tasks.",26.925925925925927,39.8625067506353,-0.2490040575726647,-0.1701192938626942,Top 50%
Fairness Implications of Encoding Protected Categorical Attributes,"Carlos Mougan, J. Álvarez, Gourab K. Patro, S. Ruggieri, Steffen Staab",2022,"AAAI/ACM Conference on AI, Ethics, and Society",10.1145/3600211.3604657,https://www.semanticscholar.org/paper/44070f32949ca85c6bd4e1b2e2764e3409a63156,17,44070f32949ca85c6bd4e1b2e2764e3409a63156,"Past research has demonstrated that the explicit use of protected attributes in machine learning can improve both performance and fairness. Many machine learning algorithms, however, cannot directly process categorical attributes, such as country of birth or ethnicity. Because protected attributes frequently are categorical, they must be encoded as features that can be input to a chosen machine learning algorithm, e.g. support vector machines, gradient boosting decision trees or linear models. Thereby, encoding methods influence how and what the machine learning algorithm will learn, affecting model performance and fairness. This work compares the accuracy and fairness implications of the two most well-known encoding methods: one-hot encoding and target encoding. We distinguish between two types of induced bias that may arise from these encoding methods and may lead to unfair models. The first type, irreducible bias, is due to direct group category discrimination and the second type, reducible bias, is due to the large variance in statistically underrepresented groups. We investigate the interaction between categorical encodings and target encoding regularization methods that reduce unfairness. Furthermore, we consider the problem of intersectional unfairness that may arise when machine learning best practices improve performance measures by encoding several categorical attributes into a high-cardinality feature.",26.925925925925927,39.8625067506353,-0.2490040575726647,-0.1701192938626942,Top 50%
Diffusing the Creator: Attributing Credit for Generative AI Outputs,"Donal Khosrowi, Finola Finn, Elinor Clark",2023,"AAAI/ACM Conference on AI, Ethics, and Society",10.1145/3600211.3604716,https://www.semanticscholar.org/paper/39c1915d238bafb8896da7895500f268034337d4,17,39c1915d238bafb8896da7895500f268034337d4,"The recent wave of generative AI (GAI) systems like Stable Diffusion that can produce images from human prompts raises controversial issues about creatorship, originality, creativity and copyright. This paper focuses on creatorship: who creates and should be credited with the outputs made with the help of GAI? Existing views on creatorship are mixed: some insist that GAI systems are mere tools, and human prompters are creators proper; others are more open to acknowledging more significant roles for GAI, but most conceive of creatorship in an all-or-nothing fashion. We develop a novel view, called CCC (collective-centered creation), that improves on these existing positions. On CCC, GAI outputs are created by collectives in the first instance. Claims to creatorship come in degrees and depend on the nature and significance of individual contributions made by the various agents and entities involved, including users, GAI systems, developers, producers of training data and others. Importantly, CCC maintains that GAI systems can sometimes be part of a co-creating collective. We detail how CCC can advance existing debates and resolve controversies around creatorship involving GAI.",26.6,45.93699388736063,-0.2089818942776184,-0.1701192938626942,Top 50%
A Model for Governing Information Sharing in Smart Assistants,"Xiao Zhan, Ştefan Sarkadi, N. Criado, J. Such",2022,"AAAI/ACM Conference on AI, Ethics, and Society",10.1145/3514094.3534129,https://www.semanticscholar.org/paper/46e77671f66303b9d4c971c026c90b9b173aebcd,17,46e77671f66303b9d4c971c026c90b9b173aebcd,"Smart Personal Assistants (SPAs), such as Amazon Alexa, Google Assistant and Apple Siri, leverage different AI techniques to provide convenient help and assistance to users. However, inappropriate information sharing decisions can lead SPAs to incorrectly disclose user information to undesired parties, or mistakenly block their reasonable access in specific scenarios to desired parties. In fact, reports about privacy violations in SPAs and associated user concerns are well known and understood in the related literature. It is difficult for SPAs to automatically decide how data should be shared with respect to the privacy preferences of the users. We argue norms, which are regarded as shared standards of acceptable behaviour of groups and/or individuals, can be used to govern and reason about the best course of action of SPAs with regards to information sharing, and our work is the first to propose a practical model to address the above issues and govern SPAs based on normative systems and the contextual integrity theory of privacy. We evaluated the performance of the model using a real dataset of user preferences for privacy in SPAs and the results showed a very marked and significant improvement in understanding user preferences and making the right decisions with respect to data sharing.",26.925925925925927,39.8625067506353,-0.2490040575726647,-0.1701192938626942,Top 50%
Select Wisely and Explain: Active Learning and Probabilistic Local Post-hoc Explainability,"Aditya Saini, Ranjitha Prasad",2021,"AAAI/ACM Conference on AI, Ethics, and Society",10.1145/3514094.3534191,https://www.semanticscholar.org/paper/d19ed42fd63f6d09a7d9dd8ab9f025943fd0c823,17,d19ed42fd63f6d09a7d9dd8ab9f025943fd0c823,"Albeit the tremendous performance improvements in designing complex artificial intelligence (AI) systems in data-intensive domains, the black-box nature of these systems leads to the lack of trustworthiness. Post-hoc interpretability methods explain the prediction of a black-box ML model for a single instance, and such explanations are being leveraged by domain experts to diagnose the underlying biases of these models. Despite their efficacy in providing valuable insights, existing approaches fail to deliver consistent and reliable explanations. In this paper, we propose an active learning-based technique called UnRAvEL (Uncertainty driven Robust Active learning based locally faithful Explanations), which consists of a novel acquisition function that is locally faithful and uses uncertainty-driven sampling based on the posterior distribution on the probabilistic locality using Gaussian process regression (GPR). We present a theoretical analysis of UnRAvEL by treating it as a local optimizer and analyzing its regret in terms of instantaneous regrets over a global optimizer. We demonstrate the efficacy of the local samples generated by UnRAvEL by incorporating different kernels such as the Matern and linear kernels in GPR. Through a series of experiments, we show that UnRAvEL outperforms the baselines with respect to stability and local fidelity on several real-world models and datasets. We show that UnRAvEL is an efficient surrogate dataset generator by deriving importance scores on this surrogate dataset using sparse linear models. We also showcase the sample efficiency and flexibility of the developed framework on the Imagenet dataset using a pre-trained ResNet model.",40.458333333333336,35.57475798648673,-0.6594094987868677,-0.1701192938626942,Top 50%
Human Comprehension of Fairness in Machine Learning,"Debjani Saha, Candice Schumann, Duncan C. McElfresh, John P. Dickerson, Michelle L. Mazurek, Michael Carl Tschantz",2019,"AAAI/ACM Conference on AI, Ethics, and Society",10.1145/3375627.3375819,https://www.semanticscholar.org/paper/06d7ce82c5d14a735f8fc9e73c63ec2cb13b134b,17,06d7ce82c5d14a735f8fc9e73c63ec2cb13b134b,"Bias in machine learning has manifested injustice in several areas, with notable examples including gender bias in job-related ads [4], racial bias in evaluating names on resumes [3], and racial bias in predicting criminal recidivism [1]. In response, research into algorithmic fairness has grown in both importance and volume over the past few years. Different metrics and approaches to algorithmic fairness have been proposed, many of which are based on prior legal and philosophical concepts [2]. The rapid expansion of this field makes it difficult for professionals to keep up, let alone the general public. Furthermore, misinformation about notions of fairness can have significant legal implications. Computer scientists have largely focused on developing mathematical notions of fairness and incorporating them in fielded ML systems. A much smaller collection of studies has measured public perception of bias and (un)fairness in algorithmic decision-making. However, one major question underlying the study of ML fairness remains unanswered in the literature: Does the general public understand mathematical definitions of ML fairness and their behavior in ML applications? We take a first step towards answering this question by studying non-expert comprehension and perceptions of one popular definition of ML fairness, demographic parity [5]. Specifically, we developed an online survey to address the following: (1) Does a non-technical audience comprehend the definition and implications of demographic parity? (2) Do demographics play a role in comprehension? (3) How are comprehension and sentiment related? (4) Does the application scenario affect comprehension?",87.5909090909091,155.04430902886364,-0.4552950671524978,-0.1701192938626942,Top 50%
The Right To Confront Your Accusers: Opening the Black Box of Forensic DNA Software,"Jeanna Neefe Matthews, Marzieh Babaeianjelodar, Stephen Lorenz, Abigail V. Matthews, Mariama Njie, Nathaniel Adams, D. Krane, Jessica Goldthwaite, Clinton Hughes",2019,"AAAI/ACM Conference on AI, Ethics, and Society",10.1145/3306618.3314279,https://www.semanticscholar.org/paper/1577bf434b6c6ad3994a54ffd5ac2b226161daf8,17,1577bf434b6c6ad3994a54ffd5ac2b226161daf8,"The results of forensic DNA software systems are regularly introduced as compelling evidence in criminal trials, but requests by defendants to evaluate how these results are generated are often denied. Furthermore, there is mounting evidence of problems such as failures to disclose substantial changes in methodology to oversight bodies and substantial differences in the results generated by different software systems. In a society that purports to guarantee defendants the right to face their accusers and confront the evidence against them, what then is the role of black-box forensic software systems in moral decision making in criminal justice? In this paper, we examine the case of the Forensic Statistical Tool (FST), a forensic DNA system developed in 2010 by New York City's Office of Chief Medical Examiner (OCME). For over 5 years, expert witness review requested by defense teams was denied, even under protective order, while the system was used in over 1300 criminal cases. When the first expert review was finally permitted in 2016, many problems were identified including an undisclosed function capable of dropping evidence that could be beneficial to the defense. Overall, the findings were so substantial that a motion to release the full source code of FST publicly was granted. In this paper, we quantify the impact of this undisclosed function on samples from OCME's own validation study and discuss the potential impact on individual defendants. Specifically, we find that 104 of the 439 samples (23.7%) triggered the undisclosed data-dropping behavior and that the change skewed results toward false inclusion for individuals whose DNA was not present in an evidence sample. Beyond this, we consider what changes in the criminal justice system could prevent problems like this from going unresolved in the future.",87.5909090909091,155.04430902886364,-0.4552950671524978,-0.1701192938626942,Top 50%
Ethically Compliant Planning within Moral Communities,"Samer B. Nashed, Justin Svegliato, S. Zilberstein",2021,"AAAI/ACM Conference on AI, Ethics, and Society",10.1145/3461702.3462522,https://www.semanticscholar.org/paper/33328fcf24d634016f026ee8c447ca646517aa3c,16,33328fcf24d634016f026ee8c447ca646517aa3c,"Ethically compliant autonomous systems (ECAS) are the state-of-the-art for solving sequential decision-making problems under uncertainty while respecting constraints that encode ethical considerations. This paper defines a novel concept in the context of ECAS that is from moral philosophy, the moral community, which leads to a nuanced taxonomy of explicit ethical agents. We then propose new ethical frameworks that extend the applicability of ECAS to domains where a moral community is required. Next, we provide a formal analysis of the proposed ethical frameworks and conduct experiments that illustrate their differences. Finally, we discuss the implications of explicit moral communities that could shape research on standards and guidelines for ethical agents in order to better understand and predict common errors in their design and communicate their capabilities.",40.458333333333336,35.57475798648673,-0.6875193175628621,-0.1795882316643354,Top 50%
The Cost of Ethical AI Development for AI Startups,"James Bessen, Stephen Michael Impink, Robert C. Seamans",2022,"AAAI/ACM Conference on AI, Ethics, and Society",10.1145/3514094.3534195,https://www.semanticscholar.org/paper/3f1be7839b980db995969489cd52c2f4c581d41d,16,3f1be7839b980db995969489cd52c2f4c581d41d,"Artificial Intelligence startups use training data as direct inputs in product development. These firms must balance numerous tradeoffs between ethical issues and data access without substantive guidance from regulators or existing judicial precedence. We survey these startups to determine what actions they have taken to address these ethical issues and the consequences of those actions. We find that 58% of these startups have established a set of AI principles. Startups with data-sharing relationships with high-technology firms or that have prior experience with privacy regulations are more likely to establish ethical AI principles and are more likely to take costly steps, like dropping training data or turning down business, to adhere to their ethical AI policies. Moreover, startups with ethical AI policies are more likely to invest in unconscious bias training, hire ethnic minorities and female programmers, seek expert advice, and search for more diverse training data. Potential costs associated with data-sharing relationships and the adherence to ethical policies may create tradeoffs between increased AI product competition and more ethical AI production.",26.925925925925927,39.8625067506353,-0.2740902872534929,-0.1795882316643354,Top 50%
Examining Responsibility and Deliberation in AI Impact Statements and Ethics Reviews,"David Liu, Priyanka Nanayakkara, Sarah Ariyan Sakha, Grace Abuhamad, Su Lin Blodgett, N. Diakopoulos, J. Hullman, Tina Eliassi-Rad",2022,"AAAI/ACM Conference on AI, Ethics, and Society",10.1145/3514094.3534155,https://www.semanticscholar.org/paper/7f4abd9586d23eb59ad51693d84368152d6c4cf0,16,7f4abd9586d23eb59ad51693d84368152d6c4cf0,"The artificial intelligence research community is continuing to grapple with the ethics of its work by encouraging researchers to discuss potential positive and negative consequences. Neural Information Processing Systems (NeurIPS), a top-tier conference for machine learning and artificial intelligence research, first required a statement of broader impact in 2020. In 2021, NeurIPS updated their call for papers such that 1) the impact statement focused on negative societal impacts and was not required but encouraged, 2) a paper checklist and ethics guidelines were provided to authors, and 3) papers underwent ethics reviews and could be rejected on ethical grounds. In light of these changes, we contribute a qualitative analysis of 231 impact statements and all publicly-available ethics reviews. We describe themes arising around the ways in which authors express agency (or lack thereof) in identifying or mitigating negative consequences and assign responsibility for mitigating negative societal impacts. We also characterize ethics reviews in terms of the types of issues raised by ethics reviewers (falling into categories of policy-oriented and non-policy-oriented), recommendations ethics reviewers make to authors (e.g., in terms of adding or removing content), and interaction between authors, ethics reviewers, and original reviewers (e.g., consistency between issues flagged by original reviewers and those discussed by ethics reviewers). Finally, based on our analysis we make recommendations for how authors can be further supported in engaging with the ethical implications of their work.",26.925925925925927,39.8625067506353,-0.2740902872534929,-0.1795882316643354,Top 50%
Partially Generative Neural Networks for Gang Crime Classification with Partial Information,"Sungyong Seo, Hau Chan, P. Brantingham, J. Leap, Phebe Vayanos, Milind Tambe, Yan Liu",2018,"AAAI/ACM Conference on AI, Ethics, and Society",10.1145/3278721.3278758,https://www.semanticscholar.org/paper/3458a34aa22fbf77b363077272a97297164a65d6,16,3458a34aa22fbf77b363077272a97297164a65d6,"More than 1 million homicides, robberies, and aggravated assaults occur in the United States each year. These crimes are often further classified into different types based on the circumstances surrounding the crime (e.g., domestic violence, gang-related). Despite recent technological advances in AI and machine learning, these additional classification tasks are still done manually by specially trained police officers. In this paper, we provide the first attempt to develop a more automatic system for classifying crimes. In particular, we study the question of classifying whether a given violent crime is gang-related. We introduce a novel Partially Generative Neural Networks (PGNN) that is able to accurately classify gang-related crimes both when full information is available and when there is only partial information. Our PGNN is the first generative-classification model that enables to work when some features of the test examples are missing. Using a crime event dataset from Los Angeles covering 2014-2016, we experimentally show that our PGNN outperforms all other typically used classifiers for the problem of classifying gang-related violent crimes.",90.46774193548389,228.93937330061112,-0.3252727604775228,-0.1795882316643354,Top 50%
Algorithmized but not Atomized? How Digital Platforms Engender New Forms of Worker Solidarity in Jakarta,Rida Qadri,2020,"AAAI/ACM Conference on AI, Ethics, and Society",10.1145/3375627.3375816,https://www.semanticscholar.org/paper/814d29700f8633f01946ed9514fa0736c78f4d45,16,814d29700f8633f01946ed9514fa0736c78f4d45,"Jakarta's roads are green, filled as they are with the fluorescent green jackets, bright green logos and fluttering green banners of basecamps created by the city's digitized, 'online' motorbike-taxi drivers (ojol). These spaces function as waiting posts, regulatory institutions, information networks and spaces of solidarity for the ojol working for mobility-app companies, Grab and GoJek. Their existence though, presents a puzzle. In the world of on-demand matching, literature either predicts an isolated, atomized, disempowered digital worker or expects workers to have only temporary, online, ephemeral networks of mutual aid. Yet, Jakarta's ojol then introduce us to a new form of labor action that relies on an interface of the physical world and digital realm, complete with permanent shelters, quirky names, emblems, social media accounts and even their own emergency response service. This paper explores the contours of these labor formations and asks why digital workers in Jakarta are able to create collective structures of solidarity, even as app-mediated work may force them towards an individualized labor regime? I argue that these digital labor collectives are not accidental but a product of interactions between histories of social organization structures in Jakarta and affordances created by technological-mediation. Through participant observation and semi-structured interviews I excavate the bi-directional conversation between globalizing digital platforms and social norms, civic culture and labor market conditions in Jakarta which has allowed for particular forms of digital worker resistances to emerge. I recover power for the digital worker, who provides us with a path to resisting algorithmization of work while still participating in it through agentic labor actions rooted in shared identities, enabled by technological fluency and borne out of a desire for community.",50.56,77.12710288867332,-0.4480915100607959,-0.1795882316643354,Top 50%
Artificial Moral Advisors: A New Perspective from Moral Psychology,"Yuxin Liu, Adam B. Moore, Jamie Webb, Shannon Vallor",2022,"AAAI/ACM Conference on AI, Ethics, and Society",10.1145/3514094.3534139,https://www.semanticscholar.org/paper/e318ef8e115e44d2ac03549ea7f3fbb6c1bf09f7,16,e318ef8e115e44d2ac03549ea7f3fbb6c1bf09f7,"Philosophers have recently put forward the possibility of achieving moral enhancement through artificial intelligence (e.g., Giubilini and Savulescu's version [32]), proposing various forms of ""artificial moral advisor"" (AMA) to help people make moral decisions without the drawbacks of human cognitive limitations. In this paper, we provide a new perspective on the AMA, drawing on empirical evidence from moral psychology to point out several challenges to these proposals that have been largely neglected by AI ethicists. In particular, we suggest that the AMA at its current conception is fundamentally misaligned with human moral psychology - it incorrectly assumes a static moral values framework underpinning the AMA's attunement to individual users, and people's reactions and subsequent (in)actions in response to the AMA suggestions will likely diverge substantially from expectations. As such, we note the necessity for a coherent understanding of human moral psychology in the future development of AMAs.",26.925925925925927,39.8625067506353,-0.2740902872534929,-0.1795882316643354,Top 50%
Evaluating the Fairness of Discriminative Foundation Models in Computer Vision,"Junaid Ali, Matthäus Kleindessner, F. Wenzel, Kailash Budhathoki, V. Cevher, Chris Russell",2023,"AAAI/ACM Conference on AI, Ethics, and Society",10.1145/3600211.3604720,https://www.semanticscholar.org/paper/535c0642aa2b5178317f082d04f1eb6a37c86bc9,16,535c0642aa2b5178317f082d04f1eb6a37c86bc9,"We propose a novel taxonomy for bias evaluation of discriminative foundation models, such as Contrastive Language-Pretraining (CLIP), that are used for labeling tasks. We then systematically evaluate existing methods for mitigating bias in these models with respect to our taxonomy. Specifically, we evaluate OpenAI’s CLIP and OpenCLIP models for key applications, such as zero-shot classification, image retrieval and image captioning. We categorize desired behaviors based around three axes: (i) if the task concerns humans; (ii) how subjective the task is (i.e., how likely it is that people from a diverse range of backgrounds would agree on a labeling); and (iii) the intended purpose of the task and if fairness is better served by impartiality (i.e., making decisions independent of the protected attributes) or representation (i.e., making decisions to maximize diversity). Finally, we provide quantitative fairness evaluations for both binary-valued and multi-valued protected attributes over ten diverse datasets. We find that fair PCA, a post-processing method for fair representations, works very well for debiasing in most of the aforementioned tasks while incurring only minor loss of performance. However, different debiasing approaches vary in their effectiveness depending on the task. Hence, one should choose the debiasing approach depending on the specific use case.",26.6,45.93699388736063,-0.2307508415982036,-0.1795882316643354,Top 50%
On the Distinction between Implicit and Explicit Ethical Agency,"Sjur K. Dyrkolbotn, Truls Pedersen, M. Slavkovik",2018,"AAAI/ACM Conference on AI, Ethics, and Society",10.1145/3278721.3278769,https://www.semanticscholar.org/paper/374beb5fa838363907214b7d388d5ff767426315,16,374beb5fa838363907214b7d388d5ff767426315,"With recent advances in artificial intelligence and the rapidly increasing importance of autonomous intelligent systems in society, it is becoming clear that artificial agents will have to be designed to comply with complex ethical standards. As we work to develop moral machines, we also push the boundaries of existing legal categories. The most pressing question is what kind of ethical decision-making our machines are actually able to engage in. Both in law and in ethics, the concept of agency forms a basis for further legal and ethical categorisations, pertaining to decision-making ability. Hence, without a cross-disciplinary understanding of what we mean by ethical agency in machines, the question of responsibility and liability cannot be clearly addressed. Here we make first steps towards a comprehensive definition, by suggesting ways to distinguish between implicit and explicit forms of ethical agency.",90.46774193548389,228.93937330061112,-0.3252727604775228,-0.1795882316643354,Top 50%
Systemizing Multiplicity: The Curious Case of Arbitrariness in Machine Learning,"Prakhar Ganesh, Afaf Taïk, Golnoosh Farnadi",2025,"Proceedings of the AAAI/ACM Conference on AI, Ethics, and Society",10.1609/aies.v8i2.36609,https://www.semanticscholar.org/paper/77a561a1f26eb0f58359b6795b187d4cce50ca41,16,77a561a1f26eb0f58359b6795b187d4cce50ca41,"Algorithmic modeling relies on limited information in data to extrapolate outcomes for unseen scenarios, often embedding an element of arbitrariness in its decisions. A perspective on this arbitrariness that has recently gained
interest is multiplicity—the study of arbitrariness across a set of ""good models"", i.e., those likely to be deployed in practice. In this work, we systemize the literature on multiplicity by: (a) formalizing the terminology around model design choices and their contribution to arbitrariness, (b) expanding the definition of multiplicity to incorporate underrepresented forms beyond just predictions and explanations, (c) clarifying the distinction between multiplicity and other lenses of
arbitrariness, i.e., uncertainty and variance, and (d) distilling the benefits and potential risks of multiplicity into overarching trends, situating it within the broader landscape of responsible AI. We conclude by identifying open research questions and highlighting emerging trends in this young but rapidly growing area of research.",0.8040201005025126,2.280081497656951,6.664665238989539,-0.1795882316643354,Top 50%
From Explanation to Recommendation: Ethical Standards for Algorithmic Recourse,"Emily Sullivan, Philippe Verreault-Julien",2022,"AAAI/ACM Conference on AI, Ethics, and Society",10.1145/3514094.3534185,https://www.semanticscholar.org/paper/f3bbc27b5be5157b49ddc7951422e9ad203803c3,16,f3bbc27b5be5157b49ddc7951422e9ad203803c3,"People are increasingly subject to algorithmic decisions, and it is generally agreed that end-users should be provided an explanation or rationale for these decisions. There are different purposes that explanations can have, such as increasing user trust in the system or allowing users to contest the decision. One specific purpose that is gaining more traction is algorithmic recourse. We first propose that recourse should be viewed as a recommendation problem, not an explanation problem. Then, we argue that the capability approach provides plausible and fruitful ethical standards for recourse. We illustrate by considering the case of diversity constraints on algorithmic recourse. Finally, we discuss the significance and implications of adopting the capability approach for algorithmic recourse research.",26.925925925925927,39.8625067506353,-0.2740902872534929,-0.1795882316643354,Top 50%
The AI Liability Puzzle and a Fund-Based Work-Around,"Olivia J. Erd'elyi, G'abor Erd'elyi",2019,"AAAI/ACM Conference on AI, Ethics, and Society",10.1145/3375627.3375806,https://www.semanticscholar.org/paper/871f30f6665601800a916d3c6b4a5e1de7c39e7b,16,871f30f6665601800a916d3c6b4a5e1de7c39e7b,"Certainty around the regulatory environment is crucial to facilitate responsible AI innovation and its social acceptance. However, the existing legal liability system is inapt to assign responsibility where a potentially harmful conduct and/or the harm itself are unforeseeable, yet some instantiations of AI and/or the harms they may trigger are not foreseeable in the legal sense. The unpredictability of how courts would handle such cases makes the risks involved in the investment and use of AI incalculable, creating an environment that is not conducive to innovation and may deprive society of some benefits AI could provide. To tackle this problem, we propose to draw insights from financial regulatory best-practices and establish a system of AI guarantee schemes. We envisage the system to form part of the broader market-structuring regulatory framework, with the primary function to provide a readily available, clear, and transparent funding mechanism to compensate claims that are either extremely hard or impossible to realize via conventional litigation. We propose at least partial industry-funding, with funding arrangements depending on whether it would pursue other potential policy goals.",87.5909090909091,155.04430902886364,-0.4617448362943877,-0.1795882316643354,Top 50%
"Resume Format, LinkedIn URLs and Other Unexpected Influences on AI Personality Prediction in Hiring: Results of an Audit","Alene K. Rhea, K. Markey, L. D’Arinzo, Hilke Schellmann, Mona Sloane, Paul Squires, J. Stoyanovich",2022,"AAAI/ACM Conference on AI, Ethics, and Society",10.1145/3514094.3534189,https://www.semanticscholar.org/paper/5108ec85e6857f8a3bf86df1acc22fd3c5ff67eb,15,5108ec85e6857f8a3bf86df1acc22fd3c5ff67eb,"Automated hiring systems are among the fastest-developing of all high-stakes AI systems. Among these are algorithmic personality tests that use insights from psychometric testing, and promise to surface personality traits indicative of future success based on job seekers' resumes or social media profiles. We interrogate the reliability of such systems using stability of the outputs they produce, noting that reliability is a necessary, but not a sufficient, condition for validity. We develop a methodology for an external audit of stability of algorithmic personality tests, and instantiate this methodology in an audit of two systems, Humantic AI and Crystal. Rather than challenging or affirming the assumptions made in psychometric testing -- that personality traits are meaningful and measurable constructs, and that they are indicative of future success on the job -- we frame our methodology around testing the underlying assumptions made by the vendors of the algorithmic personality tests themselves. In our audit of Humantic AI and Crystal, we find that both systems show substantial instability on key facets of measurement, and so cannot be considered valid testing instruments. For example, Crystal frequently computes different personality scores if the same resume is given in PDF vs. in raw text, violating the assumption that the output of an algorithmic personality test is stable across job-irrelevant input variations. Among other notable findings is evidence of persistent --- and often incorrect --- data linkage by Humantic AI. An open-source implementation of our auditing methodology, and of the audits of Humantic AI and Crystal, is available at https://github.com/DataResponsibly/hiring-stability-audit.",26.925925925925927,39.8625067506353,-0.299176516934321,-0.1890571694659767,Top 50%
Fairness in Deceased Organ Matching,"Nicholas Mattei, Abdallah Saffidine, T. Walsh",2018,"AAAI/ACM Conference on AI, Ethics, and Society",10.1145/3278721.3278749,https://www.semanticscholar.org/paper/3c6670ecdfccd4633755c4b19d774453bfb77de3,15,3c6670ecdfccd4633755c4b19d774453bfb77de3,"As algorithms are given responsibility to make decisions that impact our lives, there is increasing awareness of the need to ensure the fairness of these decisions. One of the first challenges then is to decide what fairness means in a particular context. We consider here fairness in deciding how to match organs donated by deceased donors to patients. Due to the increasing age of patients on the waiting list, and of organs being donated, the current ""first come, first served'' mechanism used in Australia is under review to take account of age of patients and of organs. We consider how to revise the mechanism to take account of age fairly. We identify a number of different types of fairness, such as to patients, to regions and to blood types and consider how they can be achieved.",90.46774193548389,228.93937330061112,-0.3296407291042516,-0.1890571694659767,Top 50%
Crowdsourcing Impacts: Exploring the Utility of Crowds for Anticipating Societal Impacts of Algorithmic Decision Making,"J. Barnett, N. Diakopoulos",2022,"AAAI/ACM Conference on AI, Ethics, and Society",10.1145/3514094.3534145,https://www.semanticscholar.org/paper/3ff45bd481b0898e00519cf18fc42afef2fcc701,15,3ff45bd481b0898e00519cf18fc42afef2fcc701,"With the increasing pervasiveness of algorithms across industry and government, a growing body of work has grappled with how to understand their societal impact and ethical implications. Various methods have been used at different stages of algorithm development to encourage researchers and designers to consider the potential societal impact of their research. An understudied yet promising area in this realm is using participatory foresight to anticipate these different societal impacts. We employ crowdsourcing as a means of participatory foresight to uncover four different types of impact areas based on a set of governmental algorithmic decision making tools: (1) perceived valence, (2) societal domains, (3) specific abstract impact types, and (4) ethical algorithm concerns. Our findings suggest that this method is effective at leveraging the cognitive diversity of the crowd to uncover a range of issues. We further analyze the complexities within the interaction of the impact areas identified to demonstrate how crowdsourcing can illuminate patterns around the connections between impacts. Ultimately this work establishes crowdsourcing as an effective means of anticipating algorithmic impact which complements other approaches towards assessing algorithms in society by leveraging participatory foresight and cognitive diversity.",26.925925925925927,39.8625067506353,-0.299176516934321,-0.1890571694659767,Top 50%
Reckoning with the Disagreement Problem: Explanation Consensus as a Training Objective,"Avi Schwarzschild, Max Cembalest, K. Rao, Keegan E. Hines, John Dickerson",2023,"AAAI/ACM Conference on AI, Ethics, and Society",10.1145/3600211.3604687,https://www.semanticscholar.org/paper/586ec04f3fde13ad84a2acee795c2f998bed142a,15,586ec04f3fde13ad84a2acee795c2f998bed142a,"As neural networks increasingly make critical decisions in high-stakes settings, monitoring and explaining their behavior in an understandable and trustworthy manner is a necessity. One commonly used type of explainer is post hoc feature attribution, a family of methods for giving each feature in an input a score corresponding to its influence on a model’s output. A major limitation of this family of explainers in practice is that they can disagree on which features are more important than others. Our contribution in this paper is a method of training models with this disagreement problem in mind. We do this by introducing a Post hoc Explainer Agreement Regularization (PEAR) loss term alongside the standard term corresponding to accuracy, an additional term that measures the difference in feature attribution between a pair of explainers. We observe on three datasets that we can train a model with this loss term to improve explanation consensus on unseen data, and see improved consensus between explainers other than those used in the loss term. We examine the trade-off between improved consensus and model performance. And finally, we study the influence our method has on feature attribution explanations.",26.6,45.93699388736063,-0.2525197889187889,-0.1890571694659767,Top 50%
Regulating Autonomous Vehicles: A Policy Proposal,"A. London, D. Danks",2018,"AAAI/ACM Conference on AI, Ethics, and Society",10.1145/3278721.3278763,https://www.semanticscholar.org/paper/a03bedd8f26300741a4836fa87e6d405f4ce8f2e,15,a03bedd8f26300741a4836fa87e6d405f4ce8f2e,"The widespread deployment and testing of autonomous vehicles in real-world environments raises key questions about how such systems should be regulated. Much of the current debate presupposes that the regulatory system we currently use for regular vehicles is also appropriate for semi- and fully-autonomous ones. In opposition, we first argue that there are serious challenges to regulating autonomous vehicles using current approaches, due to the nature of both autonomous capabilities (and their connections to operational domains), and also the systems' tasks and surrounding uncertainties. Instead, we argue that vehicles with autonomous capabilities are similar in key respects to drugs and other medical inter-ventions. Thus, we propose (on a ""first principles"" basis) a dynamic regulatory system with staged approvals and monitoring, analogous to the system used by the U.S. Food & Drug Administration. We provide details about the operation of such a potential system, and conclude by characterizing its benefits, costs, and plausibility.",90.46774193548389,228.93937330061112,-0.3296407291042516,-0.1890571694659767,Top 50%
"Target specification bias, counterfactual prediction, and algorithmic fairness in healthcare",Eran Tal,2023,"AAAI/ACM Conference on AI, Ethics, and Society",10.1145/3600211.3604678,https://www.semanticscholar.org/paper/72e4a298b49f8155150f449e63543cfc32c0c92d,15,72e4a298b49f8155150f449e63543cfc32c0c92d,"Bias in applications of machine learning (ML) to healthcare is usually attributed to unrepresentative or incomplete data, or to underlying health disparities. This article identifies a more pervasive source of bias that affects the clinical utility of ML-enabled prediction tools: target specification bias. Target specification bias arises when the operationalization of the target variable does not match its definition by decision makers. The mismatch is often subtle, and stems from the fact that decision makers are typically interested in predicting the outcomes of counterfactual, rather than actual, healthcare scenarios. Target specification bias persists independently of data limitations and health disparities. When left uncorrected, it gives rise to an overestimation of predictive accuracy, to inefficient utilization of medical resources, and to suboptimal decisions that can harm patients. Recent work in metrology – the science of measurement – suggests ways of counteracting target specification bias and avoiding its harmful consequences.",26.6,45.93699388736063,-0.2525197889187889,-0.1890571694659767,Top 50%
Artificial Intelligence and the Purpose of Social Systems,"Sebastian Benthall, Jake Goldenfein",2021,"AAAI/ACM Conference on AI, Ethics, and Society",10.1145/3461702.3462526,https://www.semanticscholar.org/paper/d257492a35505b9cde4ea752636b770c989caf53,15,d257492a35505b9cde4ea752636b770c989caf53,"The law and ethics of Western democratic states have their basis in liberalism. This extends to regulation and ethical discussion of technology and businesses doing data processing. Liberalism relies on the privacy and autonomy of individuals, their ordering through a public market, and, more recently, a measure of equality guaranteed by the state. We argue that these forms of regulation and ethical analysis are largely incompatible with the techno-political and techno-economic dimensions of artificial intelligence. By analyzing liberal regulatory solutions in the form of privacy and data protection, regulation of public markets, and fairness in AI, we expose how the data economy and artificial intelligence have transcended liberal legal imagination. Organizations use artificial intelligence to exceed the bounded rationality of individuals and each other. This has led to the private consolidation of markets and an unequal hierarchy of control operating mainly for the purpose of shareholder value. An artificial intelligence will be only as ethical as the purpose of the social system that operates it. Inspired by the science of artificial life as an alternative to artificial intelligence, we consider data intermediaries: sociotechnical systems composed of individuals associated around collectively pursued purposes. An attention cooperative, that prioritizes its incoming and outgoing data flows, is one model of a social system that could form and maintain its own autonomous purpose.",40.458333333333336,35.57475798648673,-0.7156291363388565,-0.1890571694659767,Top 50%
Designing Non-greedy Reinforcement Learning Agents with Diminishing Reward Shaping,"Fan-Yun Sun, Yen-Yu Chang, Yueh-Hua Wu, Shou-De Lin",2018,"AAAI/ACM Conference on AI, Ethics, and Society",10.1145/3278721.3278759,https://www.semanticscholar.org/paper/c88d3016e0dc689a5aa965716cf348cb4e248c01,15,c88d3016e0dc689a5aa965716cf348cb4e248c01,"This paper intends to address an issue in RL that when agents possessing varying capabilities, most resources may be acquired by stronger agents, leaving the weaker ones ""starving"". We introduce a simple method to train non-greedy agents in multi-agent reinforcement learning scenarios with nearly no extra cost. Our model can achieve the following goals in designing the non-greedy agent:non-homogeneous equality, only need local information, cost-effective, generalizable and configurable. We propose the idea of diminishing reward that makes the agent feel less satisfied for consecutive rewards obtained. This idea allows the agents to behave less greedy with-out the need to explicitly coding any ethical pattern nor monitor other agents' status. Given our framework, resources distributed more equally without running the risk of reaching homogeneous equality. We designed two games, Gathering Game and Hunter Prey to evaluate the quality of the model.",90.46774193548389,228.93937330061112,-0.3296407291042516,-0.1890571694659767,Top 50%
Towards a Feminist Metaethics of AI,Anastasia Siapka,2022,"AAAI/ACM Conference on AI, Ethics, and Society",10.1145/3514094.3534197,https://www.semanticscholar.org/paper/328191301ec8f83f33d3b95a1601446f359dd9c2,15,328191301ec8f83f33d3b95a1601446f359dd9c2,"The proliferation of Artificial Intelligence (AI) has sparked an overwhelming number of AI ethics guidelines, boards and codes of conduct. These outputs primarily analyse competing theories, principles and values for AI development and deployment. However, as a series of recent problematic incidents about AI ethics/ethicists demonstrate, this orientation is insufficient. Before proceeding to evaluate other professions, AI ethicists should critically evaluate their own; yet, such an evaluation should be more explicitly and systematically undertaken in the literature. I argue that these insufficiencies could be mitigated by developing a research agenda for a feminist metaethics of AI. Contrary to traditional metaethics, which reflects on the nature of morality and moral judgements in a non-normative way, feminist metaethics expands its scope to ask not only what ethics is but also what our engagement with it should be like. Applying this perspective to the context of AI, I suggest that a feminist metaethics of AI would examine: (i) the continuity between theory and action in AI ethics; (ii) the real-life effects of AI ethics; (iii) the role and profile of those involved in AI ethics; and (iv) the effects of AI on power relations through methods that pay attention to context, emotions and narrative.",26.925925925925927,39.8625067506353,-0.299176516934321,-0.1890571694659767,Top 50%
Understanding Decision Subjects' Fairness Perceptions and Retention in Repeated Interactions with AI-Based Decision Systems,"Meric Altug Gemalmaz, Ming Yin",2022,"AAAI/ACM Conference on AI, Ethics, and Society",10.1145/3514094.3534201,https://www.semanticscholar.org/paper/d5e45fd094e67b30474b0423a5cf64c69d694a36,14,d5e45fd094e67b30474b0423a5cf64c69d694a36,"The wide application of AI-based decision systems in many high-stake domains has raised concerns regarding fairness of these systems. As these systems will lead to real-life consequences to people who are subject to their decisions, understanding what these decision subjects perceive as a fair or unfair system is of vital importance. In this paper, we extend prior work in this direction by taking a perspective of repeated interactions---We ask that when decision subjects interact with an AI-based decision system repeatedly and can strategically respond to the system by determining whether to stay in the system, what factors will affect the decision subjects' fairness perceptions and retention in the system and how. To answer these questions, we conducted two randomized human-subject experiments in the context of an AI-based loan lending system. Our results suggest that in repeated interactions with the AI-based decision system, overall, decision subjects' fairness perceptions and retention in the system are significantly affected by whether the system is in favor of the group that subjects themselves belong to, rather than whether the system treats different groups in an unbiased way. However, decision subjects with different qualification levels have different reactions to the AI system's biased treatment across groups or the AI system's tendency to favor/disfavor their own group. Finally, we also find that while subjects' retention in the AI-based decision system is largely driven by their own prospects of receiving the favorable decision from the system, their fairness perceptions of the system is influenced by the system's treatment to people in other groups in a complex way.",26.925925925925927,39.8625067506353,-0.3242627466151492,-0.1985261072676179,Top 50%
From Coded Bias to Existential Threat: Expert Frames and the Epistemic Politics of AI Governance,Hendrik Schopmans,2022,"AAAI/ACM Conference on AI, Ethics, and Society",10.1145/3514094.3534161,https://www.semanticscholar.org/paper/3ba58b32bfa51ee5cebb0b2cde2a82a2326927d8,14,3ba58b32bfa51ee5cebb0b2cde2a82a2326927d8,"While the knowledge produced by experts has been widely recognized to play a salient role in shaping policy on technological issues, the interaction between AI expertise and the evolving AI governance landscape has received little attention thus far. To address this gap, the present paper leverages insights from STS and International Relations to explore how different expert communities have constructed AI as a governance problem. More specifically, it presents the preliminary results of a qualitative frame analysis of 90 policy documents published by experts from industry, civil society, and the research community. The analysis finds that AI expertise is a highly contested field, as experts not only disagree on why AI is problematic and what policies are required, but, more fundamentally, about which artifacts, ideas, and practices make up AI in the first place. The paper proposes that the epistemic disagreements concerning AI have political consequences, as they engender protracted ontological politics that jeopardize the development of effective governance interventions. Against this background, the findings raise critical questions about the prevailing tendency of governance interventions to target the elusive and contested object 'artificial intelligence.'",26.925925925925927,39.8625067506353,-0.3242627466151492,-0.1985261072676179,Top 50%
A Multi-Agent Approach to Combine Reasoning and Learning for an Ethical Behavior,"R. Chaput, J. Duval, O. Boissier, Mathieu Guillermin, S. Hassas",2021,"AAAI/ACM Conference on AI, Ethics, and Society",10.1145/3461702.3462515,https://www.semanticscholar.org/paper/5ecffaaad5f7c059d14be348a351f53e8167ecb8,14,5ecffaaad5f7c059d14be348a351f53e8167ecb8,"The recent field of Machine Ethics is experiencing rapid growth to answer the societal need for Artificial Intelligence (AI) algorithms imbued with ethical considerations, such as benevolence toward human users and actors. Several approaches already exist for this purpose, mostly either by reasoning over a set of predefined ethical principles (Top-Down), or by learning new principles (Bottom-Up). While both methods have their own advantages and drawbacks, only few works have explored hybrid approaches, such as using symbolic rules to guide the learning process for instance, combining the advantages of each. This paper draws upon existing works to propose a novel hybrid method using symbolic judging agents to evaluate the ethics of learning agents' behaviors, and accordingly improve their ability to ethically behave in dynamic multi-agent environments. Multiple benefits ensue from this separation between judging and learning agents: agents can evolve (or be updated by human designers) separately, benefiting from co-construction processes; judging agents can act as accessible proxies for non-expert human stakeholders or regulators; and finally, multiple points of view (one per judging agent) can be adopted to judge the behavior of the same agent, which produces a richer feedback. Our proposed approach is applied to an energy distribution problem, in the context of a Smart Grid simulator, with continuous and multi-dimensional states and actions. The experiments and results show the ability of learning agents to correctly adapt their behaviors to comply with the judging agents' rules, including when rules evolve over time.",40.458333333333336,35.57475798648673,-0.7437389551148509,-0.1985261072676179,Top 50%
Utilizing Housing Resources for Homeless Youth Through the Lens of Multiple Multi-Dimensional Knapsacks,"Hau-yin. Chan, Long Tran-Thanh, Bryan Wilder, E. Rice, Phebe Vayanos, Milind Tambe",2018,"AAAI/ACM Conference on AI, Ethics, and Society",10.1145/3278721.3278757,https://www.semanticscholar.org/paper/8b442f1d1715365b65a7d0f3cc5ea2470772de05,14,8b442f1d1715365b65a7d0f3cc5ea2470772de05,"There are over 1 million homeless youth in the U.S. each year. To reduce homelessness, U.S. Housing and Urban Development (HUD) and housing communities provide housing programs/services to homeless youth with the goal of improving their long-term situation. Housing communities are facing a difficult task of filling their housing programs, with as many youths as possible, subject to resource constraints for meeting the needs of youth. Currently, the assignment is manually done by humans working in the housing communities. In this paper, we consider the problem of assigning homeless youth to housing programs subject to resource constraints. We provide an initial abstract model for this setting and show that the problem of maximizing the total assigned youth to the programs under this model is APX-hard. To solve the problem, we non-trivially formulate it as a multiple multi-dimensional knapsack problem (MMDKP), which is not known to have any approximation algorithm. We provide a first interpretable and easy-to-use greedy algorithm with logarithmic approximation ratio for solving general MMDKP. We conduct experiments on random and realistic instances of the housing assignment settings and show that our algorithm is efficient and effective in solving large instances (up to 1 million youth).",90.46774193548389,228.93937330061112,-0.3340086977309802,-0.1985261072676179,Top 50%
"Embodiment, Anthropomorphism, and Intellectual Property Rights for AI Creations","Deepak Somaya, L. Varshney",2018,"AAAI/ACM Conference on AI, Ethics, and Society",10.1145/3278721.3278754,https://www.semanticscholar.org/paper/46839202575d260e68fad15a175487811355e45b,14,46839202575d260e68fad15a175487811355e45b,"Computational creativity is an emerging branch of artificial intelligence (AI) concerned with algorithms that can create novel and high-quality ideas or artifacts, either autonomously or semi-autonomously in collaboration with people. Quite simply, such algorithms may be described as artificial innovation engines. These technologies raise questions of authorship/inventorship and of agency, which become further muddled by the social context induced by AI that may be physically-embodied or anthropomorphized. These questions are fundamentally intertwined with the provision of appropriate incentives for conducting and commercializing computational creativity research through intellectual property regimes. This paper reviews current understanding of intellectual property rights for AI, and explores possible framings for intellectual property policy in social context.",90.46774193548389,228.93937330061112,-0.3340086977309802,-0.1985261072676179,Top 50%
Managing Sustainability Tensions in Artificial Intelligence: Insights from Paradox Theory,"Eleanor Mill, Wolfgang Garn, Nick F. Ryman-Tubb",2022,"AAAI/ACM Conference on AI, Ethics, and Society",10.1145/3514094.3534175,https://www.semanticscholar.org/paper/520782ccd8559ea3f72adc3568d3abfad0a78d63,14,520782ccd8559ea3f72adc3568d3abfad0a78d63,"This paper offers preliminary reflections on the sustainability tensions present in Artificial Intelligence (AI) and suggests that Paradox Theory, an approach borrowed from the strategic management literature, may help guide scholars towards innovative solutions. The benefits of AI to our society are well documented. Yet those benefits come at environmental and sociological cost, a fact which is often overlooked by mainstream scholars and practitioners. After examining the nascent corpus of literature on the sustainability tensions present in AI, this paper introduces the Accuracy - Energy Paradox and suggests how the principles of paradox theory can guide the AI community to a more sustainable solution.",26.925925925925927,39.8625067506353,-0.3242627466151492,-0.1985261072676179,Top 50%
When Trusted Black Boxes Don't Agree: Incentivizing Iterative Improvement and Accountability in Critical Software Systems,"Jeanna Neefe Matthews, G. Northup, Isabella Grasso, Stephen Lorenz, Marzieh Babaeianjelodar, Hunter Bashaw, Sumona Mondal, Abigail V. Matthews, Mariama Njie, Jessica Goldthwaite",2020,"AAAI/ACM Conference on AI, Ethics, and Society",10.1145/3375627.3375807,https://www.semanticscholar.org/paper/c1fcd2f51127b5f568de4c384ead42e02415283b,14,c1fcd2f51127b5f568de4c384ead42e02415283b,"Software increasingly plays a key role in regulated areas like housing, hiring, and credit, as well as major public functions such as criminal justice and elections. It is easy for there to be unintended defects with a large impact on the lives of individuals and society as a whole. Preventing, finding, and fixing software defects is a key focus of both industrial software development efforts as well as academic research in software engineering. In this paper, we discuss flaws in the larger socio-technical decision-making processes in which critical black-box software systems are developed, deployed, and trusted. We use criminal justice software, specifically probabilistic genotyping (PG) software, as a concrete example. We describe how PG software systems, designed to do the same job, produce different results. We highlight the under-appreciated impact of changes in key parameters and the disparate impact that one such parameter can have on different racial/ethnic groups. We propose concrete changes to the socio-technical decision-making processes surrounding the use of PG software that could be used to incentivize iterative improvements in the accuracy, fairness, reliability, and accountability of these systems.",50.56,77.12710288867332,-0.4740227317078327,-0.1985261072676179,Top 50%
Actual Causality and Responsibility Attribution in Decentralized Partially Observable Markov Decision Processes,"Stelios Triantafyllou, A. Singla, Goran Radanovic",2022,"AAAI/ACM Conference on AI, Ethics, and Society",10.1145/3514094.3534133,https://www.semanticscholar.org/paper/f5cb5a369b1e82a5b31c99250b86d7b4c294a8bb,14,f5cb5a369b1e82a5b31c99250b86d7b4c294a8bb,"Actual causality and a closely related concept of responsibility attribution are central to accountable decision making. Actual causality focuses on specific outcomes and aims to identify decisions (actions) that were critical in realizing an outcome of interest. Responsibility attribution is complementary and aims to identify the extent to which decision makers (agents) are responsible for this outcome. In this paper, we study these concepts under a widely used framework for multi-agent sequential decision making under uncertainty: decentralized partially observable Markov decision processes (Dec-POMDPs). Following recent works in RL that show correspondence between POMDPs and Structural Causal Models (SCMs), we first establish a connection between Dec-POMDPs and SCMs. This connection enables us to utilize a language for describing actual causality from prior work and study existing definitions of actual causality in Dec-POMDPs. Given that some of the well-known definitions may lead to counter-intuitive actual causes, we introduce a novel definition that more explicitly accounts for causal dependencies between agents' actions. We then turn to responsibility attribution based on actual causality, where we argue that in ascribing responsibility to an agent it is important to consider both the number of actual causes in which the agent participates, as well as its ability to manipulate its own degree of responsibility. Motivated by these arguments we introduce a family of responsibility attribution methods that extends prior work, while accounting for the aforementioned considerations. Finally, through a simulation-based experiment, we compare different definitions of actual causality and responsibility attribution methods. The empirical results demonstrate the qualitative difference between the considered definitions of actual causality and their impact on attributed responsibility.",26.925925925925927,39.8625067506353,-0.3242627466151492,-0.1985261072676179,Top 50%
Diversity by Design?: Balancing the Inclusion and Protection of Users in an Online Social Platform,"P. Helm, Loizos Michael, Laura Schelenz",2022,"AAAI/ACM Conference on AI, Ethics, and Society",10.1145/3514094.3534149,https://www.semanticscholar.org/paper/ee6e5974f6d5d155444939d017ee52e6eddb5e36,14,ee6e5974f6d5d155444939d017ee52e6eddb5e36,"The unreflected promotion of diversity as a value in social interactions --- including in technology-mediated ones --- risks emphasizing the benefits of inclusion without recognizing the potential harm of failing to protect vulnerable individuals or account for the empowerment of marginalized groups. Adopting the position that technology is not value-neutral, we seek to answer the question of how technology-mediated social platforms can accommodate diversity by design by balancing the often tension-ridden principles of protection and inclusion. In this paper, we present our research program, developed strategy, as well as first analyses and results. Building on approaches from scenario analysis and Value Sensitive Design, we identify key arguments for a ""diversity by design''-agenda. Furthermore, we discuss how these arguments can be operationalized and implemented in a diversity-aware chatbot and provide a critical reflection on the limits and drawbacks of the proposed approach.",26.925925925925927,39.8625067506353,-0.3242627466151492,-0.1985261072676179,Top 50%
Reinforcement Learning and Inverse Reinforcement Learning with System 1 and System 2,A. Peysakhovich,2018,"AAAI/ACM Conference on AI, Ethics, and Society",10.1145/3306618.3314259,https://www.semanticscholar.org/paper/888fca1801bd8288fca9c81540c0c76f9e91498e,14,888fca1801bd8288fca9c81540c0c76f9e91498e,"Inferring a person's goal from their behavior is an important problem in applications of AI (e.g. automated assistants, recommender systems). The workhorse model for this task is the rational actor model - this amounts to assuming that people have stable reward functions, discount the future exponentially, and construct optimal plans. Under the rational actor assumption techniques such as inverse reinforcement learning (IRL) can be used to infer a person's goals from their actions. A competing model is the dual-system model. Here decisions are the result of an interplay between a fast, automatic, heuristic-based system 1 and a slower, deliberate, calculating system 2. We generalize the dual system framework to the case of Markov decision problems and show how to compute optimal plans for dual-system agents. We show that dual-system agents exhibit behaviors that are incompatible with rational actor assumption. We show that naive applications of rational-actor IRL to the behavior of dual-system agents can generate wrong inference about the agents' goals and suggest interventions that actually reduce the agent's overall utility. Finally, we adapt a simple IRL algorithm to correctly infer the goals of dual system decision-makers. This allows us to make interventions that help, rather than hinder, the dual-system agent's ability to reach their true goals.",90.46774193548389,228.93937330061112,-0.3340086977309802,-0.1985261072676179,Top 50%
Balancing the Benefits of Autonomous Vehicles,"T. Geary, D. Danks",2019,"AAAI/ACM Conference on AI, Ethics, and Society",10.1145/3306618.3314237,https://www.semanticscholar.org/paper/da70d132dd7bba5ee44fb7fe0fc59f82fdd933e3,14,da70d132dd7bba5ee44fb7fe0fc59f82fdd933e3,"Autonomous vehicles are regularly touted as holding the potential to provide significant benefits for diverse populations. There are significant technological barriers to be overcome, but as those are solved, autonomous vehicles are expected to reduce fatalities; decrease emissions and pollutants; provide new options to mobility-challenged individuals; enable people to use their time more productively; and so much more. In this paper, we argue that these high expectations for autonomous vehicles almost certainly cannot be fully realized. More specifically, the proposed benefits divide into two high-level groups, centered around efficiency and safety improvements, and increases in people's agency and autonomy. The first group of benefits is almost always framed in terms of rates: fatality rates, traffic flow per mile, and so forth. However, we arguably care about the absolute numbers for these measures, not the rates; number of fatalities is the key metric, not fatality rate per vehicle mile traveled. Hence, these potential benefits will be reduced, perhaps to non-existence, if autonomous vehicles lead to increases in vehicular usage. But that is exactly the result that we should expect if the second group of benefits is realized: if people's agency and autonomy is increased, then they will use vehicles more. There is an inevitable tension between the benefits that are proposed for autonomous vehicles, such that we cannot fully have all of them at once. We close by pointing towards other types of AI technologies where we should expect to find similar types of necessary and inevitable tradeoffs between classes of benefits.",87.5909090909091,155.04430902886364,-0.4746443745781674,-0.1985261072676179,Top 50%
Socialbots Supporting Human Rights,"P. Suárez-Serrato, E. I. V. Richards, Mehrdad Yazdani",2017,"AAAI/ACM Conference on AI, Ethics, and Society",10.1145/3278721.3278734,https://www.semanticscholar.org/paper/0b5e8b2659b5677e330de18be4b91fb151606131,14,0b5e8b2659b5677e330de18be4b91fb151606131,"Socialbots, or non-human/algorithmic social media users, have recently been documented as competing for information dissemination and disruption on online social networks. Here we investigate the influence of socialbots in Mexican Twitter in regards to the ""Tanhuato"" human rights abuse report. We analyze the applicability of the BotOrNot API to generalize from English to Spanish tweets and propose adaptations for Spanish-speaking bot detection. We then use text and sentiment analysis to compare the differences between bot and human tweets. Our analysis shows that bots actually aided in information proliferation among human users. This suggests that taxonomies classifying bots should include non-adversarial roles as well. Our study contributes to the understanding of different behaviors and intentions of automated accounts observed in empirical online social network data. Since this type of analysis is seldom performed in languages different from English, the proposed techniques we employ here are also useful for other non-English corpora.",84.08333333333333,80.16512315026385,-0.8742372066461755,-0.1985261072676179,Top 50%
Epistemic Therapy for Bias in Automated Decision-Making,"T. Gilbert, Yonatan Dov Mintz",2019,"AAAI/ACM Conference on AI, Ethics, and Society",10.1145/3306618.3314294,https://www.semanticscholar.org/paper/416312b9cf98249cb2afc22d5e73ecab337c490d,13,416312b9cf98249cb2afc22d5e73ecab337c490d,"Despite recent interest in both the critical and machine learning literature on ""bias"" in artificial intelligence (AI) systems, the nature of specific biases stemming from the interaction of machines, humans, and data remains ambiguous. Influenced by Gendler's work on human cognitive biases, we introduce the concept of alief-discordant belief, the tension between the intuitive moral dispositions of designers and the explicit representations generated by algorithms. Our discussion of alief-discordant belief diagnoses the ethical concerns that arise when designing AI systems atop human biases. We furthermore codify the relationship between data, algorithms, and engineers as components of this cognitive discordance, comprising a novel epistemic framework for ethics in AI.",87.5909090909091,155.04430902886364,-0.4810941437200572,-0.2079950450692592,Top 50%
Multicalibrated Regression for Downstream Fairness,"Ira Globus-Harris, Varun Gupta, Christopher Jung, Michael Kearns, Jamie H. Morgenstern, Aaron Roth",2022,"AAAI/ACM Conference on AI, Ethics, and Society",10.1145/3600211.3604683,https://www.semanticscholar.org/paper/49eb6059b3b989ec2e5eaab9b3c7c275ad7d05a1,13,49eb6059b3b989ec2e5eaab9b3c7c275ad7d05a1,"We show how to take a regression function that is appropriately multicalibrated and efficiently post-process it into an approximately error minimizing classifier satisfying a large variety of fairness constraints. The post-processing requires no labeled data, and only a modest amount of unlabeled data and computation. The computational and sample complexity requirements of computing are comparable to the requirements for solving a single fair learning task optimally, but it can in fact be used to solve many different downstream fairness-constrained learning problems efficiently. Our post-processing method easily handles intersecting groups, generalizing prior work on post-processing regression functions to satisfy fairness constraints that only applied to disjoint groups. Our work extends recent work showing that multicalibrated regression functions are omnipredictors (i.e. can be post-processed to optimally solve unconstrained ERM problems) to constrained optimization problems.",26.925925925925927,39.8625067506353,-0.3493489762959773,-0.2079950450692592,Top 50%
Ethically Aligned Opportunistic Scheduling for Productive Laziness,"Han Yu, C. Miao, Yongqing Zheng, Li-zhen Cui, Simon Fauvel, Cyril Leung",2019,"AAAI/ACM Conference on AI, Ethics, and Society",10.1145/3306618.3314240,https://www.semanticscholar.org/paper/94c38bb7723a11ca79fd6da616db480e8309cda9,13,94c38bb7723a11ca79fd6da616db480e8309cda9,"In artificial intelligence (AI) mediated workforce management systems (e.g., crowdsourcing), long-term success depends on workers accomplishing tasks productively and resting well. This dual objective can be summarized by the concept of productive laziness. Existing scheduling approaches mostly focus on efficiency but overlook worker wellbeing through proper rest. In order to enable workforce management systems to follow the IEEE Ethically Aligned Design guidelines to prioritize worker wellbeing, we propose a distributed Computational Productive Laziness (CPL) approach in this paper. It intelligently recommends personalized work-rest schedules based on local data concerning a worker's capabilities and situational factors to incorporate opportunistic resting and achieve superlinear collective productivity without the need for explicit coordination messages. Extensive experiments based on a real-world dataset of over 5,000 workers demonstrate that CPL enables workers to spend 70% of the effort to complete 90% of the tasks on average, providing more ethically aligned scheduling than existing approaches.",87.5909090909091,155.04430902886364,-0.4810941437200572,-0.2079950450692592,Top 50%
Beyond the ML Model: Applying Safety Engineering Frameworks to Text-to-Image Development,"Shalaleh Rismani, R. Shelby, A. Smart, Renelito Delos Santos, AJung Moon, Negar Rostamzadeh",2023,"AAAI/ACM Conference on AI, Ethics, and Society",10.1145/3600211.3604685,https://www.semanticscholar.org/paper/a517f44a8aeec22a2d8334cde7b5c6aceeb2e2f3,13,a517f44a8aeec22a2d8334cde7b5c6aceeb2e2f3,"Identifying potential social and ethical risks in emerging machine learning (ML) models and their applications remains challenging. In this work, we applied two well-established safety engineering frameworks (FMEA, STPA) to a case study involving text-to-image models at three stages of the ML product development pipeline: data processing, integration of a T2I model with other models, and use. Results of our analysis demonstrate the safety frameworks – both of which are not designed explicitly examine social and ethical risks – can uncover failure and hazards that pose social and ethical risks. We discovered a broad range of failures and hazards (i.e., functional, social, and ethical) by analyzing interactions (i.e., between different ML models in the product, between the ML product and user, and between development teams) and processes (i.e., preparation of training data or workflows for using an ML service/product). Our findings underscore the value and importance of examining beyond an ML model in examining social and ethical risks, especially when we have minimal information about an ML model.",26.6,45.93699388736063,-0.2960576835599594,-0.2079950450692592,Top 50%
"The Case for ""Thick Evaluations"" of Cultural Representation in AI","Rida Qadri, Mark Díaz, Ding Wang, Michael Madaio",2025,"Proceedings of the AAAI/ACM Conference on AI, Ethics, and Society",10.1609/aies.v8i3.36696,https://www.semanticscholar.org/paper/0a72da734ddd507a88d83d769687e05cdae5cbcb,13,0a72da734ddd507a88d83d769687e05cdae5cbcb,"Generative AI image models have been increasingly evaluated
for their (in)ability to represent non-Western cultures. 
We argue that these evaluations operate through reductive
ideals of representation, abstracted from how people define
their own representation and neglecting the inherently
interpretive and contextual nature of cultural
representation. In contrast to these ""thin"" evaluations, we
introduce the idea of ""thick evaluations"": a more granular,
situated, and discursive measurement framework for
evaluating representations of social worlds in AI images,
steeped in communities' own understandings of
representation. We develop this evaluation framework
through workshops in South Asia, by studying the ""thick""
ways in which people interpret and assign meaning to images
of their own cultures. We introduce practices for thicker
evaluations of representation that expand the understanding
of representation underpinning AI evaluations and by
co-constructing metrics with communities, bringing
measurement in line with the experiences of communities on
the ground.",0.8040201005025126,2.280081497656951,5.348922795974739,-0.2079950450692592,Top 50%
Respect as a Lens for the Design of AI Systems,"W. Seymour, M. V. Kleek, Reuben Binns, Dave Murray-Rust",2022,"AAAI/ACM Conference on AI, Ethics, and Society",10.1145/3514094.3534186,https://www.semanticscholar.org/paper/17954bea53ea383a5288960e16775e22ba68183a,13,17954bea53ea383a5288960e16775e22ba68183a,"Critical examinations of AI systems often apply principles such as fairness, justice, accountability, and safety, which is reflected in AI regulations such as the EU AI Act. Are such principles sufficient to promote the design of systems that support human flourishing? Even if a system is in some sense fair, just, or 'safe', it can nonetheless be exploitative, coercive, inconvenient, or otherwise conflict with cultural, individual, or social values. This paper proposes a dimension of interactional ethics thus far overlooked: the ways AI systems should treat human beings. For this purpose, we explore the philosophical concept of respect: if respect is something everyone needs and deserves, shouldn't technology aim to be respectful? Despite its intuitive simplicity, respect in philosophy is a complex concept with many disparate senses. Like fairness or justice, respect can characterise how people deserve to be treated; but rather than relating primarily to the distribution of benefits or punishments, respect relates to how people regard one another, and how this translates to perception, treatment, and behaviour. We explore respect broadly across several literatures, synthesising perspectives on respect from Kantian, post-Kantian, dramaturgical, and agential realist design perspectives with a goal of drawing together a view of what respect could mean for AI. In so doing, we identify ways that respect may guide us towards more sociable artefacts that ethically and inclusively honour and recognise humans using the rich social language that we have evolved to interact with one another every day.",26.925925925925927,39.8625067506353,-0.3493489762959773,-0.2079950450692592,Top 50%
Rethinking AI Strategy and Policy as Entangled Super Wicked Problems,Ross Gruetzemacher,2018,"AAAI/ACM Conference on AI, Ethics, and Society",10.1145/3278721.3278746,https://www.semanticscholar.org/paper/309127b71c9d36298740ea1711d2a7c59adf9ff7,13,309127b71c9d36298740ea1711d2a7c59adf9ff7,"This paper attempts a preliminary analysis of the general approach to AI strategy/policy research through the lens of wicked problems literature. Wicked problems are a class of social policy problems for which traditional methods of resolution fail. Super wicked problems refer to even more complex social policy problems, e.g. climate change. We first propose a hierarchy of three classes of AI strategy/policy problems, all wicked or super wicked problems. We next identify three independent super wicked problems in AI strategy/policy and propose that the most significant of these challenges - the development of safe and beneficial artificial general intelligence - to be significantly more complex and nuanced, thus posing a new degree of 'wickedness.' We then explore analysis and techniques for addressing wicked problems and super wicked problems. This leads to a discussion of the implications of these ideas on the problems of AI strategy/policy.",90.46774193548389,228.93937330061112,-0.3383766663577089,-0.2079950450692592,Top 50%
AI Art and Misinformation: Approaches and Strategies for Media Literacy and Fact Checking,"J. Walker, Gefion Thuermer, J. Vicens, E. Simperl",2023,"AAAI/ACM Conference on AI, Ethics, and Society",10.1145/3600211.3604715,https://www.semanticscholar.org/paper/cc6bb02fe81f3b912f7efc98dab5428a54dcd58d,13,cc6bb02fe81f3b912f7efc98dab5428a54dcd58d,"Misinformation in its many forms is a substantial and growing problem for society today. Whether financially or ideologically motivated, purveyors of misinformation do not abide by legal, technical or moral rules. Therefore new, ludic, narrative, gamified and artistic approaches are needed. In this paper we analyse the approaches taken in countering misinformation by 18 AI and machine learning works of art, developed in the MediaFutures project. We examine how these align with existing AI approaches to countering misinformation, and how they address some of the key challenges. We show that AI artists engage with existing debunking and inoculating strategies, including highly technical aspects such as deepfakes, while also utilizing focused strategies of data literacy and collective intelligence. We also find that they are able to integrate hard-to-refute strategies such as narrative and emotion. These findings suggest that data as an art material and AI techniques as art tools are worth of further investigation as to their effectiveness for countering misinformation within society.",26.6,45.93699388736063,-0.2960576835599594,-0.2079950450692592,Top 50%
Inferring Work Task Automatability from AI Expert Evidence,"Paul Duckworth, L. Graham, Michael A. Osborne",2019,"AAAI/ACM Conference on AI, Ethics, and Society",10.1145/3306618.3314247,https://www.semanticscholar.org/paper/9cd680d123ad43b759a158b58b2db747ae98f802,13,9cd680d123ad43b759a158b58b2db747ae98f802,"Despite growing alarm about machine learning technologies automating jobs, there is little good evidence on what activities can be automated using such technologies. We contribute the first dataset of its kind by surveying over 150 top academics and industry experts in machine learning, robotics and AI, receiving over 4,500 ratings of how automatable specific tasks are today. We present a probabilistic machine learning model to learn the patterns connecting expert estimates of task automatability and the skills, knowledge and abilities required to perform those tasks. Our model infers the automatability of over 2,000 work activities, and we show how automation differs across types of activities and types of occupations. Sensitivity analysis identifies the specific skills, knowledge and abilities of activities that drive higher or lower automatability. We provide quantitative evidence of what is perceived to be automatable using the state-of-the-art in machine learning technology. We consider the societal impacts of these results and of task-level approaches.",87.5909090909091,155.04430902886364,-0.4810941437200572,-0.2079950450692592,Top 50%
The Seductive Allure of Artificial Intelligence-Powered Neurotechnology,"Charles M. Giattino, Lydia Kwong, Chad Rafetto, Nita A. Farahany",2019,"AAAI/ACM Conference on AI, Ethics, and Society",10.1145/3306618.3314269,https://www.semanticscholar.org/paper/93f2aea18e44fc120525516d86fc1b464bd1a313,12,93f2aea18e44fc120525516d86fc1b464bd1a313,"Neuroscience explanations-even when completely irrelevant-have been shown to exert a ""seductive allure"" on individuals, leading them to judge bad explanations or arguments more favorably. There seems to be a similarly seductive allure for artificial intelligence (AI) technologies, leading people to ""overtrust"" these systems, even when they have just witnessed the system perform poorly. The AI-powered neurotechnologies that have begun to proliferate in recent years, particularly those based on electroencephalography (EEG), represent a potentially doubly-alluring combination. While there is enormous potential benefit in applying AI techniques in neuroscience to ""decode"" brain activity and associated mental states, these efforts are still in the early stages, and there is a danger in using these unproven technologies prematurely, especially in important, real-world contexts. Yet, such premature use has begun to emerge in several high-stakes set-tings, including the law, health & wellness, employment, and transportation. In light of the potential seductive allure of these technologies, we need to be vigilant in monitoring their scientific validity and challenging both unsubstantiated claims and misuse, while still actively supporting their continued development and proper use.",87.5909090909091,155.04430902886364,-0.4875439128619471,-0.2174639828709004,Top 50%
Sub-committee Approval Voting and Generalized Justified Representation Axioms,"H. Aziz, Barton E. Lee",2017,"AAAI/ACM Conference on AI, Ethics, and Society",10.1145/3278721.3278739,https://www.semanticscholar.org/paper/37b69fb56157a4026fcdd24217144f75593122bb,12,37b69fb56157a4026fcdd24217144f75593122bb,"Social choice is replete with various settings including single-winner voting, multi-winner voting, probabilistic voting, multiple referenda, and public decision making. We study a general model of social choice called sub-committee voting (SCV) that simultaneously generalizes these settings. We then focus on sub-committee voting with approvals and propose extensions of the justified representation axioms that have been considered for proportional representation in approval-based committee voting. We study the properties and relations of these axioms. For each of the axioms, we analyze whether a representative committee exists and also examine the complexity of computing and verifying such a committee.",84.08333333333333,80.16512315026385,-0.8991857119488013,-0.2174639828709004,Top 50%
Racial Disparities in the Enforcement of Marijuana Violations in the US,"Bradley Butcher, C. Robinson, Miri Zilka, Riccardo Fogliato, Carolyn Ashurst, Adrian Weller",2022,"AAAI/ACM Conference on AI, Ethics, and Society",10.1145/3514094.3534184,https://www.semanticscholar.org/paper/5009da12af7e2b7b663291e4d61de3e021d2ff56,12,5009da12af7e2b7b663291e4d61de3e021d2ff56,"Racial disparities in US drug arrest rates have been observed for decades, but their causes and policy implications are still contested. Some have argued that the disparities largely reflect differences in drug use between racial groups, while others have hypothesized that discriminatory enforcement policies and police practices play a significant role. In this work, we analyze racial disparities in the enforcement of marijuana violations in the US. Using data from the National Incident-Based Reporting System (NIBRS) and the National Survey on Drug Use and Health (NSDUH) programs, we investigate whether marijuana usage and purchasing behaviors can explain the racial composition of offenders in police records. We examine potential driving mechanisms behind these disparities and the extent to which county-level socioeconomic factors are associated with corresponding disparities. Our results indicate that the significant racial disparities in reported incidents and arrests cannot be explained by differences in marijuana days-of-use alone. Variations in the location where marijuana is purchased and in the frequency of these purchases partially explain the observed disparities. We observe an increase in racial disparities across most counties over the last decade, with the greatest increases in states that legalized the use of marijuana within this timeframe. Income, high school graduation rate, and rate of employment positively correlate with larger racial disparities, while the rate of incarceration is negatively correlated. We conclude with a discussion of the implications of the observed racial disparities in the context of algorithmic fairness.",26.925925925925927,39.8625067506353,-0.3744352059768055,-0.2174639828709004,Top 50%
How does Value Similarity affect Human Reliance in AI-Assisted Ethical Decision Making?,"Saumik Narayanan, Chien-Ju Ho, Ming Yin",2023,"AAAI/ACM Conference on AI, Ethics, and Society",10.1145/3600211.3604709,https://www.semanticscholar.org/paper/bea8e31ef95355d78e0e0435e59bcccd5018f85d,12,bea8e31ef95355d78e0e0435e59bcccd5018f85d,"This paper explores the impact of value similarity between humans and AI on human reliance in the context of AI-assisted ethical decision-making. Using kidney allocation as a case study, we conducted a randomized human-subject experiment where workers were presented with ethical dilemmas in various conditions, including no AI recommendations, recommendations from a similar AI, and recommendations from a dissimilar AI. We found that recommendations provided by a dissimilar AI had a higher overall effect on human decisions than recommendations from a similar AI. However, when humans and AI disagreed, participants were more likely to change their decisions when provided with recommendations from a similar AI. The effect was not due to humans’ perceptions of the AI being similar, but rather due to the AI displaying similar ethical values through its recommendations. We also conduct a preliminary analysis on the relationship between value similarity and trust, and potential shifts in ethical preferences at the population-level.",26.6,45.93699388736063,-0.3178266308805446,-0.2174639828709004,Top 50%
"Towards Better Detection of Biased Language with Scarce, Noisy, and Biased Annotations","Zhuoyan Li, Zhuoran Lu, Ming Yin",2022,"AAAI/ACM Conference on AI, Ethics, and Society",10.1145/3514094.3534142,https://www.semanticscholar.org/paper/12a7bd7b3c129015bdf57800f4cb3a8cba0f53a0,12,12a7bd7b3c129015bdf57800f4cb3a8cba0f53a0,"Biased language is prevalent in today's online social media. To reduce the amount of online biased language, one critical first step is to accurately detect such biased language, ideally automatically. This is a challenging problem, however, as the annotated data necessary for training a biased language classifier is either scarce and costly (e.g., when collected from experts), or noisy and potentially biased on their own (e.g., when collected from crowd workers). The biased language classifier built based on these annotations may thus be inaccurate, and sometimes unfair (e.g., have systematic accuracy disparities across texts with different political leanings). In this paper, we propose a novel method, CLEARE, for biased language detection, in which we utilize self-supervised contrastive learning to enhance the biased language classifier---we learn a robust encoder of the textual data through solving a min-max optimization problem, so that the encoder could help achieve the best classification performance even if the worst data augmentation strategy is selected. Extensive evaluations suggest that CLEARE shows substantial improvements compared to the state-of-art biased language detection methods on several benchmark datasets, in terms of improving both the accuracy and the fairness of the detection.",26.925925925925927,39.8625067506353,-0.3744352059768055,-0.2174639828709004,Top 50%
Real-Time Inference of User Types to Assist with more Inclusive and Diverse Social Media Activism Campaigns,"Habib Karbasian, Hemant Purohit, Rajat Handa, Aqdas Malik, A. Johri",2018,"AAAI/ACM Conference on AI, Ethics, and Society",10.1145/3278721.3278781,https://www.semanticscholar.org/paper/2e0a1f07cbe9af2cc40bf8bfe9d36d11228bcb2a,12,2e0a1f07cbe9af2cc40bf8bfe9d36d11228bcb2a,"Social media provides a mechanism for people to engage with social causes across a range of issues. It also provides a strategic tool to those looking to advance a cause to exchange, promote or publicize their ideas. In such instances, AI can be either an asset if used appropriately or a barrier. One of the key issues for a workforce diversity campaign is to understand in real-time who is participating - specifically, whether the participants are individuals or organizations, and in case of individuals, whether they are male or female. In this paper, we present a study to demonstrate a case for AI for social good that develops a model to infer in real-time the different user types participating in a cause-driven hashtag campaign on Twitter, ILookLikeAnEngineer (ILLAE). A generic framework is devised to classify a Twitter user into three classes: organization, male and female in a real-time manner. The framework is tested against two datasets (ILLAE and a general dataset) and outperforms the baseline binary classifiers for categorizing organization/individual and male/female. The proposed model can be applied to future social cause-driven campaigns to get real-time insights on the macro-level social behavior of participants.",90.46774193548389,228.93937330061112,-0.3427446349844376,-0.2174639828709004,Top 50%
Unpicking Epistemic Injustices in Digital Health: On the Implications of Designing Data-Driven Technologies for the Management of Long-Term Conditions,"SJ Bennett, C. Claisse, E. Luger, Abigail C. Durrant",2023,"AAAI/ACM Conference on AI, Ethics, and Society",10.1145/3600211.3604684,https://www.semanticscholar.org/paper/0b5fcb43b0966a53e182513878063b407beeba46,12,0b5fcb43b0966a53e182513878063b407beeba46,"Applications of Artificial Intelligence (AI) in the domain of Personal Health Informatics (PHI) offer potential avenues for personalised treatment and support for people living with long-term conditions, however, they also present a number of ethical challenges. Whilst participatory approaches can help mitigate concerns by actively involving healthcare professionals, patients, and other stakeholders in design and development, these are constrained by the limits of epistemic standpoints and the risks posed by extrapolation from individuals to groups. In this paper we draw upon interviews with stakeholders involved in Human Immunodeficiency Virus (HIV) care, including clinicians, insurance providers and pharmaceutical industry representatives, to map intentions and ethical considerations for developing PHI tools for people living with HIV. Whilst treatment efficacy for HIV has improved patient quality of life and life expectancy, management and care is complicated by knowledge gaps about what living and ageing with HIV entails. We investigate how the critical concept of epistemic injustice can inform the design of data-driven technologies intended to address these gaps, helping orient expert perspectives within the broader structures and socio-historical influences that shape them. This is of particular importance when designing for marginalized populations such as people with HIV (i.e. who may experience social stigma and be under-resourced, managing multiple conditions), helping to identify and better account for fundamental ethical considerations such as equity.",26.6,45.93699388736063,-0.3178266308805446,-0.2174639828709004,Top 50%
When Your Only Tool Is A Hammer: Ethical Limitations of Algorithmic Fairness Solutions in Healthcare Machine Learning,"M. McCradden, Mjaye L. Mazwi, Shalmali Joshi, James A. Anderson",2020,"AAAI/ACM Conference on AI, Ethics, and Society",10.1145/3375627.3375824,https://www.semanticscholar.org/paper/1bf03cf7bb60fa84cb4e238478d0606e70c6d9d1,12,1bf03cf7bb60fa84cb4e238478d0606e70c6d9d1,"It is no longer a hypothetical worry that artificial intelligence - more specifically, machine learning (ML) - can propagate the effects of pernicious bias in healthcare. To address these problems, some have proposed the development of 'algorithmic fairness' solutions. The primary goal of these solutions is to constrain the effect of pernicious bias with respect to a given outcome of interest as a function of one's protected identity (i.e., characteristics generally protected by civil or human rights legislation. The technical limitations of these solutions have been well-characterized. Ethically, the problematic implication - of developers, potentially, and end users - is that by virtue of algorithmic fairness solutions a model can be rendered 'objective' (i.e., free from the influence of pernicious bias). The ostensible neutrality of these solutions may unintentionally prompt new consequences for vulnerable groups by obscuring downstream problems due to the persistence of real-world bias. The main epistemic limitation of algorithmic fairness is that it assumes the relationship between the extent of bias's impact on a given health outcome and one's protected identity is mathematically quantifiable. The reality is that social and structural factors confluence in complex and unknown ways to produce health inequalities. Some of these are biologic in nature, and differences like these are directly relevant to predicting a health event and should be incorporated into the model's design. Others are reflective of prejudice, lack of access to healthcare, or implicit bias. Sometimes, there may be a combination. With respect to any specific task, it is difficult to untangle the complex relationships between potentially influential factors and which ones are 'fair' and which are not to inform their inclusion or mitigation in the model's design.",50.56,77.12710288867332,-0.4999539533548695,-0.2174639828709004,Top 50%
A multidomain relational framework to guide institutional AI research and adoption,"Vincent J. Straub, Deborah Morgan, Youmna Hashem, J. Francis, Saba Esnaashari, Jonathan Bright",2023,EWAF,10.1145/3600211.3604718,https://www.semanticscholar.org/paper/93a2901c8b4d941369e8342a6e0de7daeb29910d,11,93a2901c8b4d941369e8342a6e0de7daeb29910d,"Calls for new metrics, technical standards and governance mechanisms to guide the adoption of Artificial Intelligence (AI) in institutions and public administration are now commonplace. Yet, most research and policy efforts aimed at understanding the implications of adopting AI tend to prioritize only a handful of ideas; they do not fully connect all the different perspectives and topics that are potentially relevant. In this position paper, we contend that this omission stems, in part, from what we call the ‘relational problem’ in socio-technical discourse: fundamental ontological issues have not yet been settled—including semantic ambiguity, a lack of clear relations between concepts and differing standard terminologies. This contributes to the persistence of disparate modes of reasoning to assess institutional AI systems, and the prevalence of conceptual isolation in the fields that study them including ML, human factors, social science and policy. After developing this critique, we offer a way forward by proposing a simple policy and research design tool in the form of a conceptual framework to organize terms across fields—consisting of three horizontal domains for grouping relevant concepts and related methods: Operational, Epistemic, and Normative. We first situate this framework against the backdrop of recent socio-technical discourse at two premier academic venues, AIES and FAccT, before illustrating how developing suitable metrics, standards, and mechanisms can be aided by operationalizing relevant concepts in each of these domains. Finally, we outline outstanding questions for developing this relational approach to institutional AI research and adoption.",26.6,45.93699388736063,-0.3395955782011299,-0.2269329206725417,Top 50%
Fair Machine Learning Under Partial Compliance,"Jessica Dai, S. Fazelpour, Zachary Chase Lipton",2020,"AAAI/ACM Conference on AI, Ethics, and Society",10.1145/3461702.3462521,https://www.semanticscholar.org/paper/1fa32503bce4f01ab2ccb65dedd374310c488fe8,11,1fa32503bce4f01ab2ccb65dedd374310c488fe8,"Typically, fair machine learning research focuses on a single decision maker and assumes that the underlying population is stationary. However, many of the critical domains motivating this work are characterized by competitive marketplaces with many decision makers. Realistically, we might expect only a subset of them to adopt any non-compulsory fairness-conscious policy, a situation that political philosophers call partial compliance. This possibility raises important questions: how does partial compliance and the consequent strategic behavior of decision subjects affect the allocation outcomes? If k% of employers were to voluntarily adopt a fairness-promoting intervention, should we expect k% progress (in aggregate) towards the benefits of universal adoption, or will the dynamics of partial compliance wash out the hoped-for benefits? How might adopting a global (versus local) perspective impact the conclusions of an auditor? In this paper, we propose a simple model of an employment market, leveraging simulation as a tool to explore the impact of both interaction effects and incentive effects on outcomes and auditing metrics. Our key findings are that at equilibrium: (1) partial compliance by k% of employers can result in far less than proportional (k%) progress towards the full compliance outcomes; (2) the gap is more severe when fair employers match global (vs local) statistics; (3) choices of local vs global statistics can paint dramatically different pictures of the performance vis-a-vis fairness desiderata of compliant versus non-compliant employers; (4) partial compliance based on local parity measures can induce extreme segregation. Finally, we discuss implications for auditors and insights concerning the design of regulatory frameworks.",50.56,77.12710288867332,-0.5129195641783879,-0.2269329206725417,Top 50%
"Flickr Africa: Examining Geo-Diversity in Large-Scale, Human-Centric Visual Data","Keziah Naggita, J. LaChance, Alice Xiang",2023,"AAAI/ACM Conference on AI, Ethics, and Society",10.1145/3600211.3604659,https://www.semanticscholar.org/paper/2cac077eb7ce40b3173cbb9ab304fd8a6f94a784,11,2cac077eb7ce40b3173cbb9ab304fd8a6f94a784,"Biases in large-scale image datasets are known to influence the performance of computer vision models as a function of geographic context. To investigate the limitations of standard Internet data collection methods in low- and middle-income countries, we analyze human-centric image geo-diversity on a massive scale using geotagged Flickr images associated with each nation in Africa. We report the quantity and content of available data with comparisons to population-matched nations in Europe as well as the distribution of data according to fine-grained intra-national wealth estimates. Temporal analyses are performed at two-year intervals to expose emerging data trends. Furthermore, we present findings for an “othering” phenomenon as evidenced by a substantial number of images from Africa being taken by non-local photographers. The results of our study suggest that further work is required to capture image data representative of African people and their environments and, ultimately, to improve the applicability of computer vision models in a global context.",26.6,45.93699388736063,-0.3395955782011299,-0.2269329206725417,Top 50%
Algorithmic Greenlining: An Approach to Increase Diversity,"C. Borgs, J. Chayes, Nika Haghtalab, A. Kalai, Ellen Vitercik",2019,"AAAI/ACM Conference on AI, Ethics, and Society",10.1145/3306618.3314246,https://www.semanticscholar.org/paper/cdd810f691f9502de3056681e899e3020559096c,11,cdd810f691f9502de3056681e899e3020559096c,"In contexts such as college admissions, hiring, and image search, decision-makers often aspire to formulate selection criteria that yield both high-quality and diverse results. However, simultaneously optimizing for quality and diversity can be challenging, especially when the decision-maker does not know the true quality of any criterion and instead must rely on heuristics and intuition. We introduce an algorithmic framework that takes as input a user's selection criterion, which may yield high-quality but homogeneous results. Using an application-specific notion of substitutability, our algorithms suggest similar criteria with more diverse results, in the spirit of statistical or demographic parity. For instance, given the image search query ""chairman"", it suggests alternative queries which are similar but more gender-diverse, such as ""chairperson"". In the context of college admissions, we apply our algorithm to a dataset of students' applications and rediscover Texas's ""top 10% rule"": the input criterion is an ACT score cutoff, and the output is a class rank cutoff, automatically accepting the students in the top decile of their graduating class. Historically, this policy has been effective in admitting students who perform well in college and come from diverse backgrounds. We complement our empirical analysis with learning-theoretic guarantees for estimating the true diversity of any criterion based on historical data.",87.5909090909091,155.04430902886364,-0.493993682003837,-0.2269329206725417,Top 50%
Contrastive Counterfactual Fairness in Algorithmic Decision-Making,"Ecem Mutlu, Niloofar Yousefi, O. Garibay",2022,"AAAI/ACM Conference on AI, Ethics, and Society",10.1145/3514094.3534143,https://www.semanticscholar.org/paper/7c56ff2757bee50501687265bd617df29d17743b,11,7c56ff2757bee50501687265bd617df29d17743b,"The widespread use of artificial intelligence algorithms and their role in decision-making with consequential decisions for human subjects has resulted in a growing interest in designing AI algorithms accounting for fairness considerations. There have been attempts to account for fairness of AI algorithms without compromising their accuracy to improve poorly designed algorithms that disregard sensitive attributes (e.g., age, race, and gender) at the peril of introducing or increasing bias against specific groups. Although many studies have examined the optimal trade-off between fairness and accuracy, it remains a challenge to understand the sources of unfairness in decision-making and mitigate it effectively. To tackle this problem, researchers have proposed fair causal learning approaches which assist us in modeling cause and effect knowledge structures, discovering bias sources, and refining AI algorithms to make them more transparent and explainable. In this study, we formalize probabilistic interpretations of both contrastive and counterfactual causality as essential features in order to encourage users' trust and to expand the applicability of such automated systems. We use this formalism to define a novel fairness criterion that we call contrastive counterfactual fairness. This paper introduces, to the best of our knowledge, the first probabilistic fairness-aware data augmentation approach that is based on contrastive counterfactual causality. We tested our approach on two well-known fairness-related datasets, UCI Adult and German Credit, and concluded that our proposed method has a promising ability to capture and mitigate unfairness in AI deployment. This model-agnostic approach can be used with any AI model because it is applied in pre-processing.",26.925925925925927,39.8625067506353,-0.3995214356576336,-0.2269329206725417,Top 50%
Human Autonomy in Algorithmic Management,"C. Unruh, Charlotte Haid, J. Fottner, Tim Büthe",2022,"AAAI/ACM Conference on AI, Ethics, and Society",10.1145/3514094.3534168,https://www.semanticscholar.org/paper/448e1abd8c730b52b3fcc30cd65cf87c6180629f,11,448e1abd8c730b52b3fcc30cd65cf87c6180629f,"Algorithmic management tools support or replace managerial decision making in areas such as task allocation, shift planning, or team formation. These tools can have a significant impact on the lives of workers. In this paper, we contribute to the emerging literature on the ethics of algorithmic management by developing a conceptual framework for autonomy at work. Further, we use this framework to discuss risks and opportunities for autonomy in the context of work decision algorithms in Industry 4.0.",26.925925925925927,39.8625067506353,-0.3995214356576336,-0.2269329206725417,Top 50%
Making Human-Like Moral Decisions,"A. Loreggia, N. Mattei, Taher Rahgooy, F. Rossi, Biplav Srivastava, K. Venable",2022,"AAAI/ACM Conference on AI, Ethics, and Society",10.1145/3514094.3534174,https://www.semanticscholar.org/paper/3d15dcdd0e6480366d52df0bd23a2bfed3418f30,11,3d15dcdd0e6480366d52df0bd23a2bfed3418f30,"Many real-life scenarios require humans to make difficult trade-offs: do we always follow all the traffic rules or do we violate the speed limit in an emergency? In general, how should we account for and balance the ethical values, safety recommendations, and societal norms, when we are trying to achieve a certain objective? To enable effective AI-human collaboration, we must equip AI agents with a model of how humans make such trade-offs in environments where there is not only a goal to be reached, but there are also ethical constraints to be considered and to possibly align with. These ethical constraints could be both deontological rules on actions that should not be performed, or also consequentialist policies that recommend avoiding reaching certain states of the world. Our purpose is to build AI agents that can mimic human behavior in these ethically constrained decision environments, with a long term research goal to use AI to help humans in making better moral judgments and actions. To this end, we propose a computational approach where competing objectives and ethical constraints are orchestrated through a method that leverages a cognitive model of human decision making, called multi-alternative decision field theory (MDFT). Using MDFT, we build an orchestrator, called MDFT-Orchestrator (MDFT-O), that is both general and flexible. We also show experimentally that MDFT-O both generates better decisions than using a heuristic that takes a weighted average of competing policies (WA-O), but also performs better in terms of mimicking human decisions as collected through Amazon Mechanical Turk (AMT). Our methodology is therefore able to faithfully model human decision in ethically constrained decision environments.",26.925925925925927,39.8625067506353,-0.3995214356576336,-0.2269329206725417,Top 50%
Theories of Parenting and Their Application to Artificial Intelligence,"S. Croeser, P. Eckersley",2019,"AAAI/ACM Conference on AI, Ethics, and Society",10.1145/3306618.3314231,https://www.semanticscholar.org/paper/176402737ba085569bb9e0a168ce20fa9b09b9b4,11,176402737ba085569bb9e0a168ce20fa9b09b9b4,"As machine learning (ML) systems have advanced, they have acquired more power over humans' lives, and questions about what values are embedded in them have become more complex and fraught. It is conceivable that in the coming decades, humans may succeed in creating artificial general intelligence (AGI) that thinks and acts with an open-endedness and autonomy comparable to that of humans. The implications would be profound for our species; they are now widely debated not just in science fiction and speculative research agendas but increasingly in serious technical and policy conversations. Much work is underway to try to weave ethics into advancing ML research. We think it useful to add the lens of parenting to these efforts, and specifically radical, queer theories of parenting that consciously set out to nurture agents whose experiences, objectives and understanding of the world will necessarily be very different from their parents'. We propose a spectrum of principles which might underpin such an effort; some are relevant to current ML research, while others will become more important if AGI becomes more likely. These principles may encourage new thinking about the development, design, training, and release into the world of increasingly autonomous agents.",87.5909090909091,155.04430902886364,-0.493993682003837,-0.2269329206725417,Top 50%
Co-design and Ethical Artificial Intelligence for Health: Myths and Misconceptions,"Joseph Donia, J. Shaw",2021,"AAAI/ACM Conference on AI, Ethics, and Society",10.1145/3461702.3462537,https://www.semanticscholar.org/paper/b8b20d4cef6d4b5c4cdd22f5c4af656f702456e2,11,b8b20d4cef6d4b5c4cdd22f5c4af656f702456e2,"Applications of artificial intelligence / machine learning (AI/ML) are dynamic and rapidly growing, and although multi-purpose, are particularly consequential in health care. One strategy for anticipating and addressing ethical challenges related to AI/ML for health care is co-design - or involvement of end users in design. Co-design has a diverse intellectual and practical history, however, and has been conceptualized in many different ways. Moreover, the unique features of AI/ML introduce challenges to co-design that are often underappreciated. This review summarizes the research literature on involvement in health care and design, and informed by critical data studies, examines the extent to which co-design as commonly conceptualized is capable of addressing the range of normative issues raised by AI/ML for health. We suggest that AI/ML technologies have amplified existing challenges related to co-design, and created entirely new challenges. We outline five co-design 'myths and misconceptions' related to AI/ML for health that form the basis for future research and practice. We conclude by suggesting that the normative strength of a co-design approach to AI/ML for health can be considered at three levels: technological, health care system, and societal. We also suggest research directions for a 'new era' of co-design capable of addressing these challenges. Link to full text: https://bit.ly/3yZrb3y",40.458333333333336,35.57475798648673,-0.8280684114428339,-0.2269329206725417,Top 50%
When Fair Classification Meets Noisy Protected Attributes,"Avijit Ghosh, Pablo Kvitca, Chris L. Wilson",2023,"AAAI/ACM Conference on AI, Ethics, and Society",10.1145/3600211.3604707,https://www.semanticscholar.org/paper/9aeaa29ffd999396a39d48dd29ccec8e6f03f3eb,10,9aeaa29ffd999396a39d48dd29ccec8e6f03f3eb,"The operationalization of algorithmic fairness comes with several practical challenges, not the least of which is the availability or reliability of protected attributes in datasets. In real-world contexts, practical and legal impediments may prevent the collection and use of demographic data, making it difficult to ensure algorithmic fairness. While initial fairness algorithms did not consider these limitations, recent proposals aim to achieve algorithmic fairness in classification by incorporating noisiness in protected attributes or not using protected attributes at all. To the best of our knowledge, this is the first head-to-head study of fair classification algorithms to compare attribute-reliant, noise-tolerant and attribute-unaware algorithms along the dual axes of predictivity and fairness. We evaluated these algorithms via case studies on four real-world datasets and synthetic perturbations. Our study reveals that attribute-unaware and noise-tolerant fair classifiers can potentially achieve similar level of performance as attribute-reliant algorithms, even when protected attributes are noisy. However, implementing them in practice requires careful nuance. Our study provides insights into the practical implications of using fair classification algorithms in scenarios where protected attributes are noisy or partially available.",26.6,45.93699388736063,-0.3613645255217151,-0.2364018584741829,Top 50%
"No Justice, No Robots: From the Dispositions of Policing to an Abolitionist Robotics","Tom Williams, Kerstin S Haring",2023,"AAAI/ACM Conference on AI, Ethics, and Society",10.1145/3600211.3604663,https://www.semanticscholar.org/paper/32e7e5118540d4c191632a6ab6093c01a3d1c036,10,32e7e5118540d4c191632a6ab6093c01a3d1c036,"In this paper, we examine the risks posed by roboticists’ collaboration with law enforcement agencies in the U.S. Using Trust frameworks from AI Ethics, we argue that collaborations with law enforcement present not only risks of technology misuse, but also risks of legitimizing bad actors, and of exacerbating our field’s challenges of representation. We discuss evidence of bad dispositions justifying these risks, grounded in the behavior, origins, and incentivization of American policing, and suggest courses of action for American roboticists seeking to pursue research projects that currently require collaboration with law enforcement agencies, closing with a call for abolitionist robotics.",26.6,45.93699388736063,-0.3613645255217151,-0.2364018584741829,Top 50%
A Dynamic Decision-Making Framework Promoting Long-Term Fairness,"Bhagyashree Puranik, U. Madhow, Ramtin Pedarsani",2022,"AAAI/ACM Conference on AI, Ethics, and Society",10.1145/3514094.3534127,https://www.semanticscholar.org/paper/699012b173705af22ada083dce3ed016769746b8,10,699012b173705af22ada083dce3ed016769746b8,"With AI-based decisions playing an increasingly consequential role in our society, for example, in our financial and criminal justice systems, there is a great deal of interest in designing algorithms conforming to application-specific notions of fairness. In this work, we ask a complementary question: can AI-based decisions be designed to dynamically influence the evolution of fairness in our society over the long term? To explore this question, we propose a framework for sequential decision-making aimed at dynamically influencing long-term societal fairness, illustrated via the problem of selecting applicants from a pool consisting of two groups, one of which is under-represented. We consider a dynamic model for the composition of the applicant pool, in which admission of more applicants from a group in a given selection round positively reinforces more candidates from the group to participate in future selection rounds. Under such a model, we show the efficacy of the proposed Fair-Greedy selection policy which systematically trades the sum of the scores of the selected applicants (""greedy'') against the deviation of the proportion of selected applicants belonging to a given group from a target proportion (""fair''). In addition to experimenting on synthetic data, we adapt static real-world datasets on law school candidates and credit lending to simulate the dynamics of the composition of the applicant pool. We prove that the applicant pool composition converges to a target proportion set by the decision-maker when score distributions across the groups are identical.",26.925925925925927,39.8625067506353,-0.4246076653384618,-0.2364018584741829,Top 50%
Inverse Norm Conflict Resolution,"Daniel Kasenberg, Matthias Scheutz",2018,"AAAI/ACM Conference on AI, Ethics, and Society",10.1145/3278721.3278775,https://www.semanticscholar.org/paper/3f662f6b250f0948e097b80bcc1fa02b01dfbd8f,10,3f662f6b250f0948e097b80bcc1fa02b01dfbd8f,"In previous work we provided a ""norm conflict resolution"" algorithm allowing agents in stochastic domains (represented by Markov Decision Processes) to ""maximally satisfy"" a set of moral or social norms, where such norms are represented by statements in linear temporal logic (LTL). This required the agent designer to provide weights specifying the relative importance of each norm. In this paper, we propose an ""inverse norm conflict resolution'' algorithm for learning these weights from demonstration. This approach minimizes a cost function based on the relative entropy between a policy encoding the observed behavior and a policy representing optimal norm-following behavior. We demonstrate the effectiveness of the algorithm in a simple GridWorld domain.",90.46774193548389,228.93937330061112,-0.3514805722378951,-0.2364018584741829,Top 50%
Multi-CoPED: A Multilingual Multi-Task Approach for Coding Political Event Data on Conflict and Mediation Domain,"Erick Skorupa Parolin, Mohammad Javad Hosseini, Yibo Hu, Latif Khan, Patrick T. Brandt, Javier Osorio, Vito D'Orazio",2022,"AAAI/ACM Conference on AI, Ethics, and Society",10.1145/3514094.3534178,https://www.semanticscholar.org/paper/ee5dcdbd21ff8e1f071d2d89f217e5d4c9efe148,10,ee5dcdbd21ff8e1f071d2d89f217e5d4c9efe148,"Political and social scientists monitor, analyze and predict political unrest and violence, preventing (or mitigating) harm, and promoting the management of global conflict. They do so using event coder systems, which extract structured representations from news articles to design forecast models and event-driven continuous monitoring systems. Existing methods rely on expensive manual annotated dictionaries and do not support multilingual settings. To advance the global conflict management, we propose a novel model, Multi-CoPED (Multilingual Multi-Task Learning BERT for Coding Political Event Data), by exploiting multi-task learning and state-of-the-art language models for coding multilingual political events. This eliminates the need for expensive dictionaries by leveraging BERT models' contextual knowledge through transfer learning. The multilingual experiments demonstrate the superiority of Multi-CoPED over existing event coders, improving the absolute macro-averaged F1-scores by 23.3% and 30.7% for coding events in English and Spanish corpus, respectively. We believe that such expressive performance improvements can help to reduce harms to people at risk of violence.",26.925925925925927,39.8625067506353,-0.4246076653384618,-0.2364018584741829,Top 50%
Bayesian Sensitivity Analysis for Offline Policy Evaluation,"Jongbin Jung, Ravi Shroff, A. Feller, Sharad Goel",2020,"AAAI/ACM Conference on AI, Ethics, and Society",10.1145/3375627.3375822,https://www.semanticscholar.org/paper/c3e96e199e6240e4b22958f77d275432007a6a44,10,c3e96e199e6240e4b22958f77d275432007a6a44,"On a variety of complex decision-making tasks, from doctors prescribing treatment to judges setting bail, machine learning algorithms have been shown to outperform expert human judgments. One complication, however, is that it is often difficult to anticipate the effects of algorithmic policies prior to deployment, as one generally cannot use historical data to directly observe what would have happened had the actions recommended by the algorithm been taken. A common strategy is to model potential outcomes for alternative decisions assuming that there are no unmeasured confounders (i.e., to assume ignorability). But if this ignorability assumption is violated, the predicted and actual effects of an algorithmic policy can diverge sharply. In this paper we present a flexible Bayesian approach to gauge the sensitivity of predicted policy outcomes to unmeasured confounders. In particular, and in contrast to past work, our modeling framework easily enables confounders to vary with the observed covariates. We demonstrate the efficacy of our method on a large dataset of judicial actions, in which one must decide whether defendants awaiting trial should be required to pay bail or can be released without payment.",50.56,77.12710288867332,-0.5258851750019063,-0.2364018584741829,Top 50%
Paradoxes in Fair Computer-Aided Decision Making,"Andrew Morgan, R. Pass",2017,"AAAI/ACM Conference on AI, Ethics, and Society",10.1145/3306618.3314242,https://www.semanticscholar.org/paper/d03661af943188c7bb73ef2c0426b81ac20ff241,9,d03661af943188c7bb73ef2c0426b81ac20ff241,"Computer-aided decision making--where a human decision-maker is aided by a computational classifier in making a decision--is becoming increasingly prevalent. For instance, judges in at least nine states make use of algorithmic tools meant to determine ""recidivism risk scores"" for criminal defendants in sentencing, parole, or bail decisions. A subject of much recent debate is whether such algorithmic tools are ""fair"" in the sense that they do not discriminate against certain groups (e.g., races) of people. Our main result shows that for ""non-trivial"" computer-aided decision making, either the classifier must be discriminatory, or a rational decision-maker using the output of the classifier is forced to be discriminatory. We further provide a complete characterization of situations where fair computer-aided decision making is possible.",84.08333333333333,80.16512315026385,-0.9366084699027396,-0.2458707962758241,Top 50%
An Empirical Approach to Capture Moral Uncertainty in AI,"Andreia Martinho, M. Kroesen, C. Chorus",2020,"AAAI/ACM Conference on AI, Ethics, and Society",10.1145/3375627.3375805,https://www.semanticscholar.org/paper/5807b4d00314ae8d5fd611ffb8a61bde2dbcf887,9,5807b4d00314ae8d5fd611ffb8a61bde2dbcf887,As AI Systems become increasingly autonomous they are expected to engage in complex moral decision-making processes. For the purpose of guidance of such processes theoretical and empirical solutions have been sought. In this research we integrate both theoretical and empirical lines of thought to address the matters of moral reasoning in AI Systems. We reconceptualize a metanormative framework for decision-making under moral uncertainty within the Discrete Choice Analysis domain and we operationalize it through a latent class choice model. The discrete choice analysis-based formulation of the metanormative framework is theory-rooted and practical as it captures moral uncertainty through a small set of latent classes. To illustrate our approach we conceptualize a society in which AI Systems are in charge of making policy choices. In the proof of concept two AI systems make policy choices on behalf of a society but while one of the systems uses a baseline moral certain model the other uses a moral uncertain model. It was observed that there are cases in which the AI Systems disagree about the policy to be chosen which we believe is an indication about the relevance of moral uncertainty.,50.56,77.12710288867332,-0.5388507858254247,-0.2458707962758241,Top 50%
Not So Fair: The Impact of Presumably Fair Machine Learning Models,"Mackenzie Jorgensen, Hannah Richert, Elizabeth Black, N. Criado, J. Such",2023,"AAAI/ACM Conference on AI, Ethics, and Society",10.1145/3600211.3604699,https://www.semanticscholar.org/paper/d2459ca6704c4354d1c52c2d7e64954dddd571f6,9,d2459ca6704c4354d1c52c2d7e64954dddd571f6,"When bias mitigation methods are applied to make fairer machine learning models in fairness-related classification settings, there is an assumption that the disadvantaged group should be better off than if no mitigation method was applied. However, this is a potentially dangerous assumption because a “fair” model outcome does not automatically imply a positive impact for a disadvantaged individual—they could still be negatively impacted. Modeling and accounting for those impacts is key to ensure that mitigated models are not unintentionally harming individuals; we investigate if mitigated models can still negatively impact disadvantaged individuals and what conditions affect those impacts in a loan repayment example. Our results show that most mitigated models negatively impact disadvantaged group members in comparison to the unmitigated models. The domain-dependent impacts of model outcomes should help drive future bias mitigation method development.",26.6,45.93699388736063,-0.3831334728423003,-0.2458707962758241,Top 50%
Precarity: Modeling the Long Term Effects of Compounded Decisions on Individual Instability,"Pegah Nokhiz, Aravinda Kanchana Ruwanpathirana, Neal Patwari, S. Venkatasubramanian",2021,"AAAI/ACM Conference on AI, Ethics, and Society",10.1145/3461702.3462529,https://www.semanticscholar.org/paper/55a21252d35576d353539a5c1f313561c016494a,9,55a21252d35576d353539a5c1f313561c016494a,"When it comes to studying the impacts of decision making, the research has been largely focused on examining the fairness of the decisions, the long-term effects of the decision pipelines, and utility-based perspectives considering both the decision-maker and the individuals. However, there has hardly been any focus on precarity which is the term that encapsulates the instability in people's lives. That is, a negative outcome can overspread to other decisions and measures of well-being. Studying precarity necessitates a shift in focus -- from the point of view of the decision-maker to the perspective of the decision subject. This centering of the subject is an important direction that unlocks the importance of parting with aggregate measures to examine the long-term effects of decision making. To address this issue, in this paper, we propose a modeling framework that simulates the effects of compounded decision-making on precarity over time. Through our simulations, we are able to show the heterogeneity of precarity by the non-uniform ruinous aftereffects of negative decisions on different income classes of the underlying population and how policy interventions can help mitigate such effects.",40.458333333333336,35.57475798648673,-0.8842880489948226,-0.2458707962758241,Top 50%
Evaluating Goal Drift in Language Model Agents,"Rauno Arike, Elizabeth Donoway, Henning Bartsch, Marius Hobbhahn",2025,"Proceedings of the AAAI/ACM Conference on AI, Ethics, and Society",10.1609/aies.v8i1.36541,https://www.semanticscholar.org/paper/384e32875255f2c17f7b5f3110a11b4be09ffab8,9,384e32875255f2c17f7b5f3110a11b4be09ffab8,"As language models (LMs) are increasingly deployed as
autonomous agents, their robust adherence to human-assigned
objectives becomes crucial for safe operation. When these
agents operate independently for extended periods without
human oversight, even initially well-specified goals may
gradually shift. Detecting and measuring goal drift - an
agent's tendency to deviate from its original objective
over time - presents significant challenges, as goals can
shift gradually, causing only subtle behavioral changes.
This paper proposes a novel approach to analyzing goal
drift in LM agents. In our experiments, agents are first
explicitly given a goal through their system prompt, then
exposed to competing objectives through environmental
pressures. We demonstrate that while the best-performing
agent (a scaffolded version of Claude 3.5 Sonnet) maintains
nearly perfect goal adherence for more than 100,000 tokens
in our most difficult evaluation setting, all evaluated
models exhibit some degree of goal drift. We also find that
goal drift correlates with models' increasing
susceptibility to pattern-matching behaviors as the context
length grows.",0.8040201005025126,2.280081497656951,3.5945995386216727,-0.2458707962758241,Top 50%
Fairness and Data Protection Impact Assessments,"Atoosa Kasirzadeh, D. Clifford",2021,"AAAI/ACM Conference on AI, Ethics, and Society",10.1145/3461702.3462528,https://www.semanticscholar.org/paper/c7431f474857a1dce80543ac807a87fc65042c44,9,c7431f474857a1dce80543ac807a87fc65042c44,"In this paper, we critically examine the effectiveness of the requirement to conduct a Data Protection Impact Assessment (DPIA) in Article 35 of the General Data Protection Regulation (GDPR) in light of fairness metrics. Through this analysis, we explore the role of the fairness principle as introduced in Article 5(1)(a) and its multifaceted interpretation in the obligation to conduct a DPIA. Our paper argues that although there is a significant theoretical role for the considerations of fairness in the DPIA process, an analysis of the various guidance documents issued by data protection authorities on the obligation to conduct a DPIA reveals that they rarely mention the fairness principle in practice. Our analysis questions this omission, and assesses the capacity of fairness metrics to be truly operationalized within DPIAs. We conclude by exploring the practical effectiveness of DPIA with particular reference to (1) technical challenges that have an impact on the usefulness of DPIAs irrespective of a controller's willingness to actively engage in the process, (2) the context dependent nature of the fairness principle, and (3) the key role played by data controllers in the determination of what is fair.",40.458333333333336,35.57475798648673,-0.8842880489948226,-0.2458707962758241,Top 50%
Human-AI Learning Performance in Multi-Armed Bandits,"Ravi Pandya, Sandy H. Huang, Dylan Hadfield-Menell, A. Dragan",2018,"AAAI/ACM Conference on AI, Ethics, and Society",10.1145/3306618.3314245,https://www.semanticscholar.org/paper/81d8e823ae763f88d7807e1acdec62f89cee0111,9,81d8e823ae763f88d7807e1acdec62f89cee0111,"People frequently face challenging decision-making problems in which outcomes are uncertain or unknown. Artificial intelligence (AI) algorithms exist that can outperform humans at learning such tasks. Thus, there is an opportunity for AI agents to assist people in learning these tasks more effectively. In this work, we use a multi-armed bandit as a controlled setting in which to explore this direction. We pair humans with a selection of agents and observe how well each human-agent team performs. We find that team performance can beat both human and agent performance in isolation. Interestingly, we also find that an agent's performance in isolation does not necessarily correlate with the human-agent team's performance. A drop in agent performance can lead to a disproportionately large drop in team performance, or in some settings can even improve team performance. Pairing a human with an agent that performs slightly better than them can make them perform much better, while pairing them with an agent that performs the same can make them them perform much worse. Further, our results suggest that people have different exploration strategies and might perform better with agents that match their strategy. Overall, optimizing human-agent team performance requires going beyond optimizing agent performance, to understanding how the agent's suggestions will influence human decision-making.",90.46774193548389,228.93937330061112,-0.3558485408646237,-0.2458707962758241,Top 50%
Killer Robots and Human Dignity,Daniel Lim,2019,"AAAI/ACM Conference on AI, Ethics, and Society",10.1145/3306618.3314291,https://www.semanticscholar.org/paper/ab40824fca705f794c346d217554c86ff6aec3da,8,ab40824fca705f794c346d217554c86ff6aec3da,"Lethal Autonomous Weapon Systems (LAWS) have become the center of an internationally relevant ethical debate. Deontological arguments based on putative legal compliance failures and the creation of accountability gaps along with wide consequentialist arguments based on factors like the ease of engaging in wars have been leveraged by a number of different states and organizations to try and reach global consensus on a ban of LAWS. This paper will focus on one strand of deontological arguments-ones based on human dignity. Merely asserting that LAWS pose a threat to human dignity would be question begging. Independent evidence based on a morally relevant distinction between humans and LAWS is needed. There are at least four reasons to think that the capacity for emotion cannot be a morally relevant distinction. First, if the concept of human dignity is given a subjective definition, whether or not lethal force is administered by humans or LAWS seems to be irrelevant. Second, it is far from clear that human combatants either have the relevant capacity for emotion or that the capacity is exercised in the relevant circumstances. Third, the capacity for emotion can actually be an impediment to the exercising of a combatant's ability to treat an enemy respectfully. Fourth, there is strong inductive evidence to believe that any capacity, when sufficiently well described, can be carried out by artificially intelligent programs.",87.5909090909091,155.04430902886364,-0.5133429894295065,-0.2553397340774654,Top 50%
"Speaking on Behalf of: Representation, Delegation, and Authority in Computational Text Analysis","E. Baumer, M. McGee",2019,"AAAI/ACM Conference on AI, Ethics, and Society",10.1145/3306618.3314292,https://www.semanticscholar.org/paper/430b15cf87001b782ad87477ed479d3ec88bfb23,8,430b15cf87001b782ad87477ed479d3ec88bfb23,"Computational tools can often facilitate human work by rapidly summarizing large amounts of data, especially text. Doing so delegates to such models some measure of authority to speak on behalf of those people whose data are being analyzed. This paper considers the consequences of such delegation. It draws on sociological accounts of representation and translation to examine one particular case: the application of topic modeling to blogs written by parents of children on the autism spectrum. In doing so, the paper illustrates the kinds of statements that topic models, and other computational techniques, can make on behalf of people. It also articulates some of the potential consequences of such statements. The paper concludes by offering several suggestions about how to address potential harms that can occur when computational models speak on behalf of someone.",87.5909090909091,155.04430902886364,-0.5133429894295065,-0.2553397340774654,Top 50%
Piecemeal Knowledge Acquisition for Computational Normative Reasoning,"Ilaria Canavotto, J. Horty",2022,"AAAI/ACM Conference on AI, Ethics, and Society",10.1145/3514094.3534182,https://www.semanticscholar.org/paper/c7ca8ecf2861f7e9ac7ebc54dc78815d68c93c0f,8,c7ca8ecf2861f7e9ac7ebc54dc78815d68c93c0f,"We present a hybrid approach to knowledge acquisition and representation for machine ethics---or more generally, computational normative reasoning. Building on recent research in artificial intelligence and law, our approach is modeled on the familiar practice of decision-making under precedential constraint in the common law. We first provide a formal characterization of this practice, showing how a body of normative information can be constructed in a way that is piecemeal, distributed, and responsive to particular circumstances. We then discuss two possible applications: first, a robot childminder, and second, moral judgment in a bioethical domain.",26.925925925925927,39.8625067506353,-0.4747801247001181,-0.2553397340774654,Top 50%
Self-determination through explanation: an ethical perspective on the implementation of the transparency requirements for recommender systems set by the Digital Services Act of the European Union,M. Fabbri,2023,"AAAI/ACM Conference on AI, Ethics, and Society",10.1145/3600211.3604717,https://www.semanticscholar.org/paper/a556c0adaaa7c85b9333b91f75ddb6ec4a668a5b,8,a556c0adaaa7c85b9333b91f75ddb6ec4a668a5b,"In the contemporary information age, recommender systems (RSs) play a critical role in influencing online behaviour: from social media to e-commerce, from music streaming to news aggregators, individuals are constantly targeted by personalized recommendations suggesting contents that may interest them. Despite such diffusion, the extent to which recommendations influence users’ decisions is still underexplored, given that independent audits on the structure and functioning of RSs deployed on online platforms are usually prevented by proprietary constraints. The nudging potential of RSs can represent a risk for vulnerable people: indeed, judicial cases involving platforms’ responsibility for displaying recommendations that may lead to political radicalization or endangerment of minors have recently caught public attention. The Digital Services Act of the European Union (DSA) is the first supranational regulation that sets specific transparency and auditing requirements for RSs implemented by online platforms with the aim of enhancing users’ self-determination: in particular, it allows users to modify the parameters on which recommendations rely so to let them choose autonomously which kind of content they want to see. This research focuses on whether and how the enforcement of this regulation can mitigate the unfair consequences of the power imbalance between online platforms and users. To this aim, I discuss the harms arising from digital nudging based on RSs and propose explanations as a tool that can reduce the impact of those harms by increasing users’ awareness. Through a comparative analysis of relevant articles of the DSA, the General Data Protection Regulation (GDPR) and the AI Act, I outline how the provisions of the DSA fill some of the gaps left by other relevant European regulations, while leaving the so-called right to explanation substantially unaddressed. As a result of this analysis, I argue that, in order for the implementation of the DSA provisions on recommender systems to be effective, policy-makers should: 1) enhance users’ awareness through clear and easily accessible explanations on how the recommendation process works and how they can be influenced by it; 2) grant users the possibility of intervening directly on the strategies through which RSs target them on the platform’s interface.",26.6,45.93699388736063,-0.4049024201628856,-0.2553397340774654,Top 50%
"AI Supply Chains: An Emerging Ecosystem of AI Actors, Products, and Services","Aspen Hopkins, Sarah H. Cen, Andrew Ilyas, Isabella Struckman, Luis Videgaray, Aleksander Ma̧dry",2025,"Proceedings of the AAAI/ACM Conference on AI, Ethics, and Society",10.1609/aies.v8i2.36628,https://www.semanticscholar.org/paper/79e7fd4923245fafc2657136c2659889ebb9aeba,8,79e7fd4923245fafc2657136c2659889ebb9aeba,"The widespread adoption of AI in recent years has led to the emergence of AI supply chains: complex networks of AI actors contributing models, datasets, and more to the development of AI products and services. AI supply chains have many implications yet are poorly understood. In this work, we take a first step toward a formal study of AI supply chains and their implications, providing two illustrative case studies indicating that both AI development and regulation are complicated in the presence of supply chains.
We begin by presenting a brief historical perspective on AI supply chains, discussing how their rise reflects a longstanding shift towards specialization and outsourcing that signals the healthy growth of the AI industry. We then model AI supply chains as directed graphs and demonstrate the power of this abstraction by connecting examples of AI issues to graph properties.
Finally, we examine two case studies in detail, providing theoretical and empirical results in both. In the first, we show that information passing—specifically, of explanations—along the AI supply chains is imperfect, which can result in misunderstandings that have real-world implications. In the second, we show that upstream design choices (e.g., by base model providers) have downstream consequences (e.g., on AI products fine-tuned on the base model).
Together, our findings motivate further study of AI supply chains and their increasingly salient social, economic, regulatory, and technical implications.",0.8040201005025126,2.280081497656951,3.156018724283406,-0.2553397340774654,Top 50%
Strategic Best Response Fairness in Fair Machine Learning,"Hajime Shimao, Warut Khern-am-nuai, Karthik Kannan, Maxime C. Cohen",2022,"AAAI/ACM Conference on AI, Ethics, and Society",10.1145/3514094.3534194,https://www.semanticscholar.org/paper/8da819090dcb5e49aa4b35bbbcda2e5706f2217a,8,8da819090dcb5e49aa4b35bbbcda2e5706f2217a,"While artificial intelligence (AI) and machine learning (ML) have been increasingly used for decision-making, issues related to discrimination in AI/ML have become prominent. While several fair algorithms are proposed to alleviate these discrimination issues, most of them provide fairness by imposing constraints to eliminate disparity in prediction results. However, the use of these fair algorithms may change the behavior of prediction subjects. As such, even though the disparity in prediction results might be removed by fair algorithms, behavioral responses to the use of fair algorithms can still create disparity in behavior which may persist across different groups of prediction subjects. To study this issue, we define a notion called ""strategic best-response fairness"" (SBR-fair). It is defined in a context that includes different groups of prediction subjects who are ex-ante identical in terms of abilities and conditional payoffs. We utilize a game-theoretic model to investigate whether different types of fair algorithms lead to identical equilibrium behaviors among different groups of prediction subjects. If yes, such an algorithm is considered SBR-fair. We then demonstrate that many existing fair algorithms are not SBR-fair. As a result, implementing these algorithms may impose fairness on prediction results but actually induce disparity between privileged and unprivileged individuals in the long run.",26.925925925925927,39.8625067506353,-0.4747801247001181,-0.2553397340774654,Top 50%
"Social Media Profiling Continues to Partake in the Development of Formalistic Self-Concepts. Social Media Users Think So, Too.","Severin Engelmann, Valentin Scheibe, F. Battaglia, Jens Grossklags",2022,"AAAI/ACM Conference on AI, Ethics, and Society",10.1145/3514094.3534192,https://www.semanticscholar.org/paper/c80f30ed73b170a7e1b4928905029f14f8045a13,8,c80f30ed73b170a7e1b4928905029f14f8045a13,"Social media platforms generate user profiles to recommend informational resources including targeted advertisements. The technical possibilities of user profiling methods go beyond the classification of individuals into types of potential customers. They enable the transformation of implicit identity claims of individuals into explicit declarations of identity. As such, a key ethical challenge of social media profiling is that it stands in contrast with people's ability to self-determine autonomously, a core principle of the right to informational self-determination. In this research study, we take a step back and revisit theories of personal identity in philosophy that underline two constitutive meta-principles necessary for individuals to self-interpret autonomously: justification and control. That is, individuals have the ability to justify and control essential aspects of their self-concept. Returning to a philosophical basis for the value of self-determination serves as a reminder that user profiling is essentially normative in that it formalizes a person's self-concept within an algorithmic system. To understand whether social media users would want to justify and control social media's identity declarations, we conducted a vignette survey study (N = 368). First, participants indicate a strong preference for more transparency in social media identity declarations, a core requirement for the justification of a self-concept. Second, respondents state they would correct wrong identity declarations but show no clear motivation to manage them. Finally, our results illustrate that social media users acknowledge the narrative force of social media profiling but do not strongly believe in its capacity to shape their self-concept.",26.925925925925927,39.8625067506353,-0.4747801247001181,-0.2553397340774654,Top 50%
Keep Sensors in Check: Disentangling Country-Level Generalization Issues in Mobile Sensor-Based Models with Diversity Scores,"Alexandre Nanchen, L. Meegahapola, William Droz, D. Gática-Pérez",2023,"AAAI/ACM Conference on AI, Ethics, and Society",10.1145/3600211.3604688,https://www.semanticscholar.org/paper/161dbeb40f0312538104d0ef50102e6d008ec212,8,161dbeb40f0312538104d0ef50102e6d008ec212,"Machine learning models trained with passive sensor data from mobile devices can be used to perform various inferences pertaining to activity recognition, context awareness, and health and well-being. Prior work has improved inference performance through the use of multimodal sensors (inertial, GPS, proximity, app usage, etc.) or improved machine learning. In this context, a few studies shed light on critical issues relating to the poor cross-country generalization of models due to distributional shifts across countries. However, these studies have largely relied on inference performance as a means of studying generalization issues, failing to investigate whether the root cause of the problem is linked to specific sensor modalities (independent variables) or the target attribute (dependent variable). In this paper, we study this issue in complex activities of daily living (ADL) inference task, involving 12 classes, by using a multimodal, multi-country dataset collected from 689 participants across eight countries. We first show that the ‘country of origin’ of data is captured by sensors and can be inferred from each modality separately, with an average accuracy of 65%. We then propose two diversity scores (DS) that measure how a country differentiates from others w.r.t. sensor modalities or activities. Using these diversity scores, we observed that both individual sensor modalities and activities have the ability to differentiate countries. However, while many activities capture country differences, only the ‘App usage’ and ‘Location’ sensors can do so. By dissecting country-level diversity across dependent and independent variables, we provide a framework to better understand model generalization issues across countries and country-level diversity of sensing modalities.",26.6,45.93699388736063,-0.4049024201628856,-0.2553397340774654,Top 50%
GermanPartiesQA: Benchmarking Commercial Large Language Models and AI Companions for Political Alignment and Sycophancy,"Jan Batzner, Volker Stocker, Stefan Schmid, Gjergji Kasneci",2024,"Proceedings of the AAAI/ACM Conference on AI, Ethics, and Society",10.1609/aies.v8i1.36552,https://www.semanticscholar.org/paper/306762fd3a12300384ef3545e6707219b1f4f992,7,306762fd3a12300384ef3545e6707219b1f4f992,"Large language models (LLMs) are increasingly shaping citizens’ information ecosystems. Products incorporating LLMs, such as chatbots and AI Companions, are now widely used for decision support and information retrieval, including in sensitive domains, raising concerns about hidden biases and growing potential to shape individual decisions and public opinion. This paper introduces GermanPartiesQA, a benchmark of 418 political statements from German Voting Advice Applications across 11 elections to evaluate six commercial LLMs. We evaluate their political alignment based on role-playing experiments with political personas. Our evaluation reveals three specific findings: 
(1) Factual limitations: LLMs show limited ability to accurately generate factual party positions, particularly for centrist parties. 
(2) Model-specific ideological alignment: We identify consistent alignment patterns and degree of political steerability for each model across temperature settings and experiments. 
(3) Claim of sycophancy: While models adjust to political personas during role-play, we find this reflects persona-based steerability rather than the increasingly popular, yet contested concept of sycophancy. 
Our study contributes to evaluating the political alignment of closed-source LLMs that are increasingly embedded in electoral decision support tools and AI Companion chatbots.",7.2,9.884331034521256,-0.0202340451064918,-0.2648086718791066,Bottom 50%
Investigating Debiasing Effects on Classification and Explainability,"Marta Marchiori Manerba, Riccardo Guidotti",2022,"AAAI/ACM Conference on AI, Ethics, and Society",10.1145/3514094.3534170,https://www.semanticscholar.org/paper/a4a111c37e42c84805051b1b0740ec1c7e683992,7,a4a111c37e42c84805051b1b0740ec1c7e683992,"During each stage of a dataset creation and development process, harmful biases can be accidentally introduced, leading to models that perpetuates marginalization and discrimination of minorities, as the role of the data used during the training is critical. We propose an evaluation framework that investigates the impact on classification and explainability of bias mitigation preprocessing techniques used to assess data imbalances concerning minorities' representativeness and mitigate the skewed distributions discovered. Our evaluation focuses on assessing fairness, explainability and performance metrics. We analyze the behavior of local model-agnostic explainers on the original and mitigated datasets to examine whether the proxy models learned by the explainability techniques to mimic the black-boxes disproportionately rely on sensitive attributes, demonstrating biases rooted in the explainers. We conduct several experiments about known biased datasets to demonstrate our proposal's novelty and effectiveness for evaluation and bias detection purposes.",26.925925925925927,39.8625067506353,-0.4998663543809463,-0.2648086718791066,Bottom 50%
Civil War Twin: Exploring Ethical Challenges in Designing an Educational Face Recognition Application,"M. Kusuma, V. Mohanty, M. Wang, Kurt Luther",2022,"AAAI/ACM Conference on AI, Ethics, and Society",10.1145/3514094.3534141,https://www.semanticscholar.org/paper/f1139bfabd229a366f0eb47ef66f5707177cf91b,7,f1139bfabd229a366f0eb47ef66f5707177cf91b,"Facial recognition systems pose numerous ethical challenges around privacy, racial and gender bias, and accuracy, yet little guidance is available for designers and developers. We explore solutions to these challenges in a three-phase design process to create Civil War Twin (CWT), an educational web-based application where users can discover their lookalikes from the American Civil War era (1861--65) while learning more about facial recognition and history. Through this design process, we operationalize a framework for AI literacy, consult with scholars of history, gender, and race, and evaluate CWT in feedback sessions with diverse prospective users. We iteratively formulate design goals to incorporate transparency, inclusivity, speculative design, and empathy into our application. We found that users' perceived learning about the strengths and limitations of facial recognition and Civil War history improved after using CWT, and that our design successfully met users' ethical standards. We also discuss how our ethical design process can be applied to future facial recognition applications.",26.925925925925927,39.8625067506353,-0.4998663543809463,-0.2648086718791066,Bottom 50%
Analysis of Climate Campaigns on Social Media using Bayesian Model Averaging,"Tunazzina Islam, Ruqi Zhang, Dan Goldwasser",2023,"AAAI/ACM Conference on AI, Ethics, and Society",10.1145/3600211.3604665,https://www.semanticscholar.org/paper/dbcc2ffef66d45e5e2422008337fe7cc781bb269,6,dbcc2ffef66d45e5e2422008337fe7cc781bb269,"Climate change is the defining issue of our time, and we are at a defining moment. Various interest groups, social movement organizations, and individuals engage in collective action on this issue on social media. In addition, issue advocacy campaigns on social media often arise in response to ongoing societal concerns, especially those faced by energy industries. Our goal in this paper is to analyze how those industries, their advocacy group, and climate advocacy group use social media to influence the narrative on climate change. In this work, we propose a minimally supervised model soup [57] approach combined with messaging themes to identify the stances of climate ads on Facebook. Finally, we release our stance dataset, model, and set of themes related to climate campaigns for future work on opinion mining and the automatic detection of climate change stances.",26.6,45.93699388736063,-0.4484403148040561,-0.2742776096807479,Bottom 50%
Trade-offs in Fair Redistricting,Zachary Schutzman,2020,"AAAI/ACM Conference on AI, Ethics, and Society",10.1145/3375627.3375802,https://www.semanticscholar.org/paper/80f0170446c10d7ec7025ef37a43da3f2dd58a04,6,80f0170446c10d7ec7025ef37a43da3f2dd58a04,"What constitutes a 'fair' electoral districting plan is a discussion dating back to the founding of the United States and, in light of several recent court cases, mathematical developments, and the approaching 2020 U.S. Census, is still a fiercely debated topic today. In light of the growing desire and ability to use algorithmic tools in drawing these districts, we discuss two prototypical formulations of fairness in this domain: drawing the districts by a neutral procedure or drawing them to intentionally induce an equitable electoral outcome. We then generate a large sample of districting plans for North Carolina and Pennsylvania and consider empirically how compactness and partisan symmetry, as instantiations of these frameworks, trade off with each other -- prioritizing the value of one of these necessarily comes at a cost in the other.",50.56,77.12710288867332,-0.5777476182959799,-0.2742776096807479,Bottom 50%
Equalized Odds Implies Partially Equalized Outcomes Under Realistic Assumptions,D. McNamara,2019,"AAAI/ACM Conference on AI, Ethics, and Society",10.1145/3306618.3314290,https://www.semanticscholar.org/paper/4528ce4123ed1b79b6e9eb52ea9d0e8e77a1aea7,6,4528ce4123ed1b79b6e9eb52ea9d0e8e77a1aea7,"Equalized odds -- where the true positive rates and false positive rates are equal across groups (e.g. racial groups) -- is a common quantitative measure of fairness. Equalized outcomes -- where the difference in predicted outcomes between groups is less than the difference observed in the training data -- is more contentious, because it is incompatible with perfectly accurate predictions. We formalize and quantify the relationship between these two important but seemingly distinct notions of fairness. We show that under realistic assumptions, equalized odds implies partially equalized outcomes. We prove a comparable result for approximately equalized odds. In addition, we generalize a well-known previous result about the incompatibility of equalized odds and another definition of fairness known as calibration, by showing that partially equalized outcomes implies non-calibration. Our results highlight the risks of using trends observed across groups to make predictions about individuals.",87.5909090909091,155.04430902886364,-0.5262425277132863,-0.2742776096807479,Bottom 50%
Whose Personae? Synthetic Persona Experiments in LLM Research and Pathways to Transparency,"Jan Batzner, Volker Stocker, Bingjun Tang, Anusha Natarajan, Qinhao Chen, Stefan Schmid, Gjergji Kasneci",2025,"Proceedings of the AAAI/ACM Conference on AI, Ethics, and Society",10.1609/aies.v8i1.36553,https://www.semanticscholar.org/paper/081557e2ee7173e77fac1244aebe9d02d4ffe003,6,081557e2ee7173e77fac1244aebe9d02d4ffe003,"Synthetic personae experiments have become a prominent method in Large Language Model alignment research, yet the representativeness and ecological validity of these personae vary considerably between studies. Through a review of 63 peer-reviewed studies published between 2023 and 2025 in leading NLP and AI venues, we reveal a critical gap: task and population of interest are often underspecified in persona-based experiments, despite personalization being fundamentally dependent on these criteria. Our analysis shows substantial differences in user representation, with most studies focusing on limited sociodemographic attributes and only 35% discussing the representativeness of their LLM personae. Based on our findings, we introduce a persona transparency checklist that emphasizes representative sampling, explicit grounding in empirical data, and enhanced ecological validity. Our work provides both a comprehensive assessment of current practices and practical guidelines to improve the rigor and ecological validity of persona-based evaluations in language model alignment research.",0.8040201005025126,2.280081497656951,2.278857095606873,-0.2742776096807479,Bottom 50%
Shared Moral Foundations of Embodied Artificial Intelligence,Joëlle M. Cruz,2019,"AAAI/ACM Conference on AI, Ethics, and Society",10.1145/3306618.3314280,https://www.semanticscholar.org/paper/75d6343635f667576dcb418df49800bb0e760aa7,6,75d6343635f667576dcb418df49800bb0e760aa7,"Sophisticated AI's will make decisions about how to respond to complex situations, and we may wonder whether those decisions will align with the moral values of human beings. I argue that pessimistic worries about this value alignment problem are overstated. In order to achieve intelligence in its full generality and adaptiveness, cognition in AI's will need to be embodied in the sense of the Embodied Cognition research program. That embodiment will yield AI's that share our moral foundations, namely coordination, sociality, and acknowledgement of shared resources. Consequently, we can expect a broad moral alignment between human beings and AI's. AI's will likely show no more variation in their values than we find amongst human beings.",87.5909090909091,155.04430902886364,-0.5262425277132863,-0.2742776096807479,Bottom 50%
FINS Auditing Framework: Group Fairness for Subset Selections,"Kathleen Cachel, Elke A. Rundensteiner",2022,"AAAI/ACM Conference on AI, Ethics, and Society",10.1145/3514094.3534160,https://www.semanticscholar.org/paper/b4ef37fdaeb4be4b1a12d07314c0aa93961c4d4c,6,b4ef37fdaeb4be4b1a12d07314c0aa93961c4d4c,"Subset selection is an integral component of AI systems that is increasingly affecting people's livelihoods in applications ranging from hiring, healthcare, education, to financial decisions. Subset selections powered by AI-based methods include top-k analytics, data summarization, clustering, and multi-winner voting. While group fairness auditing tools have been proposed for classification systems, these state-of-the-art tools are not directly applicable to measuring and conceptualizing fairness in selected subsets. In this work, we introduce the first comprehensive auditing framework, FINS, to support stakeholders in interpretably quantifying group fairness across a diverse range of subset-specific fairness concerns. FINS offers a family of novel measures that provide a flexible means to audit group fairness for fairness goals ranging from item-based, score-based, and a combination thereof. FINS provides one unified easy-to-understand interpretation across these different fairness problems. Further, we develop guidelines through the FINS Fair Subset Chart, that supports auditors in determining which measures are relevant to their problem context and fairness objectives. We provide a comprehensive mapping between each fairness measure and the belief system (i.e., worldview) that is encoded within its measurement of fairness. Lastly, we demonstrate the interpretability and efficacy of FINS in supporting the identification of real bias with case studies using AirBnB listings and voter records.",26.925925925925927,39.8625067506353,-0.5249525840617745,-0.2742776096807479,Bottom 50%
How Does Predictive Information Affect Human Ethical Preferences?,"Saumik Narayanan, Guanghui Yu, Wei Tang, Chien-Ju Ho, Ming Yin",2022,"AAAI/ACM Conference on AI, Ethics, and Society",10.1145/3514094.3534165,https://www.semanticscholar.org/paper/6e695b010cba5a7f2d6b836032cda5d105291c34,6,6e695b010cba5a7f2d6b836032cda5d105291c34,"Artificial intelligence (AI) has been increasingly involved in decision making in high-stakes domains, including loan applications, employment screening, and assistive clinical decision making. Meanwhile, involving AI in these high-stake decisions has created ethical concerns on how to balance different trade-offs to respect human values. One approach for aligning AIs with human values is to elicit human ethical preferences and incorporate this information in the design of computer systems. In this work, we explore how human ethical preferences are impacted by the information shown to humans during elicitation. In particular, we aim to provide a contrast between verifiable information (e.g., patient demographics or blood test results) and predictive information (e.g., the probability of organ transplant success). Using kidney transplant allocation as a case study, we conduct a randomized experiment to elicit human ethical preferences on scarce resource allocation to understand how human ethical preferences are impacted by the verifiable and predictive information. We find that the presence of predictive information significantly changes how humans take into account other verifiable information in their ethical preferences. We also find that the source of the predictive information (e.g., whether the predictions are made by AI or human doctors) plays a key role in how humans incorporate the predictive information into their own ethical judgements.",26.925925925925927,39.8625067506353,-0.5249525840617745,-0.2742776096807479,Bottom 50%
Identifying Bias in Data Using Two-Distribution Hypothesis Tests,"William Yik, Limnanthes Serafini, Timothy Lindsey, George D. Montañez",2022,"AAAI/ACM Conference on AI, Ethics, and Society",10.1145/3514094.3534169,https://www.semanticscholar.org/paper/198136a8b09dcfe2d28a59127415435bd7066110,6,198136a8b09dcfe2d28a59127415435bd7066110,"As machine learning models become more widely used in important decision-making processes, the need for identifying and mitigating potential sources of bias has increased substantially. Using two-distribution (specified complexity) hypothesis tests, we identify biases in training data with respect to proposed distributions and without the need to train a model, distinguishing our methods from common output-based fairness tests. Furthermore, our methods allow us to return a ""closest plausible explanation"" for a given dataset, potentially revealing underlying biases in the processes that generated them. We also show that a binomial variation of this hypothesis test could be used to identify bias in certain directions, or towards certain outcomes, and again return a closest plausible explanation. The benefits of this binomial variation are compared with other hypothesis tests, including the exact binomial. Lastly, potential industrial applications of our methods are shown using two real-world datasets.",26.925925925925927,39.8625067506353,-0.5249525840617745,-0.2742776096807479,Bottom 50%
Compensation at the Crossroads: Autonomous Vehicles and Alternative Victim Compensation Schemes,Tracy Hresko Pearl,2019,"AAAI/ACM Conference on AI, Ethics, and Society",10.1145/3306618.3314249,https://www.semanticscholar.org/paper/cb2db9f2c19c85ce87f4c040b1b488abd9661b93,6,cb2db9f2c19c85ce87f4c040b1b488abd9661b93,"Over the last five years, a small but growing number of vehicle accidents involving fully or partially autonomous vehicles have raised a new and profoundly novel legal issue: who should be liable (if anyone) and how victims should be compensated (if at all) when a vehicle controlled by an algorithm rather than a human driver causes injury. The answer to this question has implications far beyond the resolution of individual autonomous vehicle crash cases. Whether the American legal system is capable of handling these cases fairly and efficiently implicates the likelihood that (a) consumers will adopt autonomous vehicles, and (b) the rate at which they will (or will not) do so. These implications should concern law and policy makers immensely. If autonomous cars stand to drastically reduce the number of fatalities and injuries on U.S. roadways-and virtually every scholar believes that they will-getting the adjudication and compensation aspect of autonomous vehicle injuries ""wrong,"" so to speak, risks stymieing adoption of this technology and leaving more Americans at risk of dying at the hands of human drivers.",87.5909090909091,155.04430902886364,-0.5262425277132863,-0.2742776096807479,Bottom 50%
On Influencing Individual Behavior for Reducing Transportation Energy Expenditure in a Large Population,"Shiwali Mohan, Frances Yan, V. Bellotti, Ahmed A. Elbery, Hesham A Rakha, M. Klenk",2019,"AAAI/ACM Conference on AI, Ethics, and Society",10.1145/3306618.3314271,https://www.semanticscholar.org/paper/12ba997b107e9e27a676d8705dadf08fa7310884,6,12ba997b107e9e27a676d8705dadf08fa7310884,"Our research aims at developing intelligent systems to reduce the transportation-related energy expenditure of a large city by influencing individual behavior. We introduce Copter - an intelligent travel assistant that evaluates multi-modal travel alternatives to find a plan that is acceptable to a person given their context and preferences. We propose a formulation for acceptable planning that brings together ideas from AI, machine learning, and economics. This formulation has been incorporated in Copter producing acceptable plans in real-time. We adopt a novel empirical evaluation framework that combines human decision data with high-fidelity simulation to demonstrate a 4% energy reduction and 20% delay reduction in a realistic deployment scenario in Los Angeles, California, USA.",87.5909090909091,155.04430902886364,-0.5262425277132863,-0.2742776096807479,Bottom 50%
Practical Skills Demand Forecasting via Representation Learning of Temporal Dynamics,"M. Macedo, Wyatt Clarke, Eli Lucherini, Tyler Baldwin, Dilermando Queiroz Neto, R. D. Paula, Subhro Das",2022,"AAAI/ACM Conference on AI, Ethics, and Society",10.1145/3514094.3534183,https://www.semanticscholar.org/paper/eb2558451c179b013639a41b0184b9beb5fcba4d,6,eb2558451c179b013639a41b0184b9beb5fcba4d,"Rapid technological innovation threatens to leave much of the global workforce behind. Today's economy juxtaposes white-hot demand for skilled labor against stagnant employment prospects for workers unprepared to participate in a digital economy. It is a moment of peril and opportunity for every country, with outcomes measured in long-term capital allocation and the life satisfaction of billions of workers. To meet the moment, governments and markets must find ways to quicken the rate at which the supply of skills reacts to changes in demand. More fully and quickly understanding labor market intelligence is one route. In this work, we explore the utility of time series forecasts to enhance the value of skill demand data gathered from online job advertisements. This paper presents a pipeline which makes one-shot multi-step forecasts into the future using a decade of monthly skill demand observations based on a set of recurrent neural network methods. We compare the performance of a multivariate model versus a univariate one, analyze how correlation between skills can influence multivariate model results, and present predictions of demand for a selection of skills practiced by workers in the information technology industry.",26.925925925925927,39.8625067506353,-0.5249525840617745,-0.2742776096807479,Bottom 50%
"Value Alignment, Fair Play, and the Rights of Service Robots",Daniel Estrada,2018,"AAAI/ACM Conference on AI, Ethics, and Society",10.1145/3278721.3278730,https://www.semanticscholar.org/paper/bb4260a01044c3feb241ba3faacd5210b2ec90d5,5,bb4260a01044c3feb241ba3faacd5210b2ec90d5,"Ethics and safety research in artificial intelligence is increasingly framed in terms of ""alignment'' with human values and interests. I argue that Turing's call for ""fair play for machines'' is an early and often overlooked contribution to the alignment literature. Turing's appeal to fair play suggests a need to correct human behavior to accommodate our machines, a surprising inversion of how value alignment is treated today. Reflections on ""fair play'' motivate a novel interpretation of Turing's notorious ""imitation game'' as a condition not of intelligence but instead of value alignment : a machine demonstrates a minimal degree of alignment (with the norms of conversation, for instance) when it can go undetected when interrogated by a human. I carefully distinguish this interpretation from the Moral Turing Test, which is not motivated by a principle of fair play, but instead depends on imitation of human moral behavior. Finally, I consider how the framework of fair play can be used to situate the debate over robot rights within the alignment literature. I argue that extending rights to service robots operating in public spaces is ""fair'' in precisely the sense that it encourages an alignment of interests between humans and machines.",90.46774193548389,228.93937330061112,-0.3733204153715386,-0.2837465474823891,Bottom 50%
Aligning AI with Public Values: Deliberation and Decision-Making for Governing Multimodal LLMs in Political Video Analysis,"Tanusree Sharma, Yujin Potter, Zachary Kilhoffer, Yun Huang, D. Song, Yang Wang",2024,"Proceedings of the AAAI/ACM Conference on AI, Ethics, and Society",10.1609/aies.v8i3.36720,https://www.semanticscholar.org/paper/815b07eef4bffaa48ff375178601f59990d7c0cf,5,815b07eef4bffaa48ff375178601f59990d7c0cf,"How AI models should deal with political topics has been discussed, but it remains challenging and requires better governance. This paper examines the governance of large language models through individual and collective deliberation, focusing on politically sensitive videos. We conducted a two-step study: interviews with 10 journalists established a baseline understanding of expert video interpretation; 114 individuals through deliberation using Inclusive.AI, a platform that facilitates democratic decision-making through decentralized autonomous organization (DAO) mechanisms. 
Our findings reveal distinct differences in interpretative priorities: while experts emphasized emotion and narrative, general public prioritized factual clarity, objectivity, and emotional neutrality. Furthermore, we examined how different governance mechanisms - quadratic vs. weighted voting and equal vs. 20/80 voting power - shape users' decision-making regarding AI behavior. Results indicate that voting methods significantly influence outcomes, with quadratic voting reinforcing perceptions of liberal democracy and political equality. 
 Our study underscores the necessity of selecting appropriate governance mechanisms to better capture user perspectives and suggests decentralized AI governance as a potential way to facilitate broader public engagement in AI development, ensuring that varied perspectives meaningfully inform design decisions.",7.2,9.884331034521256,-0.22257449617141,-0.2837465474823891,Bottom 50%
Protecting Children from Online Exploitation: Can a Trained Model Detect Harmful Communication Strategies?,"Darren Cook, Miri Zilka, Heidi DeSandre, S. Giles, S. Maskell",2023,"AAAI/ACM Conference on AI, Ethics, and Society",10.1145/3600211.3604696,https://www.semanticscholar.org/paper/f513002c0a0710edd964339c0f57f1fe6776c578,5,f513002c0a0710edd964339c0f57f1fe6776c578,"The growing popularity of social media raises concerns about children’s online safety. Of particular concern are interactions between minors and adults with predatory intentions. Unfortunately, previous research on online sexual grooming has relied on time-intensive manual annotation by domain experts, limiting both the scale and scope of possible interventions. This work explores the possibility of detecting predatory behaviours with accuracy comparable to expert annotators using machine learning (ML). Using a dataset of 6771 chat messages sent by child sex offenders, labelled by two of the authors who are forensic psychology experts, we study how well can deep learning algorithms identify eleven known predatory behaviours. We find that the best-performing ML models are consistent but not on par with expert annotation. We therefore consider a system where an expert annotator validates the ML algorithms outputs. The combination of human decision-making and computer efficiency yields precision—but not recall—comparable to manual annotation, while taking only a fraction of the time needed by a human annotator. Our findings underscore the promise of ML as a tool for assisting researchers in this area, but also highlight the current limitations in reliably detecting online sexual exploitation using ML.",26.6,45.93699388736063,-0.4702092621246413,-0.2837465474823891,Bottom 50%
Machine Learning practices and infrastructures,G. Berman,2023,"AAAI/ACM Conference on AI, Ethics, and Society",10.1145/3600211.3604689,https://www.semanticscholar.org/paper/a152c6b110ebc0e9c6787b21193c2d2fc1ffee84,5,a152c6b110ebc0e9c6787b21193c2d2fc1ffee84,"Machine Learning (ML) systems, particularly when deployed in high-stakes domains, are deeply consequential. They can exacerbate existing inequities, create new modes of discrimination, and reify outdated social constructs. Accordingly, the social context (i.e. organisations, teams, cultures) in which ML systems are developed is a site of active research for the field of AI ethics, and intervention for policymakers. This paper focuses on one aspect of social context that is often overlooked: interactions between practitioners and the tools they rely on, and the role these interactions play in shaping ML practices and the development of ML systems. In particular, through an empirical study of questions asked on the Stack Exchange forums, the use of interactive computing platforms (e.g. Jupyter Notebook and Google Colab) in ML practices is explored. I find that interactive computing platforms are used in a host of learning and coordination practices, which constitutes an infrastructural relationship between interactive computing platforms and ML practitioners. I describe how ML practices are co-evolving alongside the development of interactive computing platforms, and highlight how this risks making invisible aspects of the ML life cycle that AI ethics researchers’ have demonstrated to be particularly salient for the societal impact of deployed ML systems.",26.6,45.93699388736063,-0.4702092621246413,-0.2837465474823891,Bottom 50%
Hard Choices and Hard Limits in Artificial Intelligence,B. Goodman,2021,"AAAI/ACM Conference on AI, Ethics, and Society",10.1145/3461702.3462539,https://www.semanticscholar.org/paper/b0131dc02b155d10557017dcd9b338922a09cabe,5,b0131dc02b155d10557017dcd9b338922a09cabe,"Artificial intelligence (AI) is supposed to help us make better choices. Some of these choices are small, like what route to take to work, or what music to listen to. Others are big, like what treatment to administer for a disease or how long to sentence someone for a crime. If AI can assist with these big decisions, we might think it can also help with hard choices, cases where alternatives are neither better, worse nor equal but on a par. The aim of this paper, however, is to show that this view is mistaken: the fact of parity shows that there are hard limits on AI in decision making and choices that AI cannot, and should not, resolve.",40.458333333333336,35.57475798648673,-0.9967273240988,-0.2837465474823891,Bottom 50%
The Heart of the Matter: Patient Autonomy as a Model for the Wellbeing of Technology Users,"Emanuelle Burton, K. Clayville, J. Goldsmith, Nicholas Mattei",2019,AAAI Spring Symposia,10.1145/3306618.3314254,https://www.semanticscholar.org/paper/83d6b4bfa8701578c291e55f5f1e5e6508aff313,5,83d6b4bfa8701578c291e55f5f1e5e6508aff313,"We draw on concepts in medical ethics to consider how computer science, and AI in particular, can develop critical tools for thinking concretely about technology's impact on the wellbeing of the people who use it. We focus on patient autonomy---the ability to set the terms of one's encounter with medicine---and on the mediating concepts of informed consent and decisional capacity, which enable doctors to honor patients' autonomy in messy and non-ideal circumstances. This comparative study is organized around a fictional case study of a heart patient with cardiac implants. Using this case study, we identify points of overlap and of difference between medical ethics and technology ethics, and leverage a discussion of that intertwined scenario to offer initial practical suggestions about how we can adapt the concepts of decisional capacity and informed consent to the discussion of technology design.",87.5909090909091,155.04430902886364,-0.5326922968551762,-0.2837465474823891,Bottom 50%
Using Deceased-Donor Kidneys to Initiate Chains of Living Donor Kidney Paired Donations: Algorithm and Experimentation,"Cristina Cornelio, L. Furian, Antonio Nicolò, Francesca Rossi",2018,"AAAI/ACM Conference on AI, Ethics, and Society",10.1145/3306618.3314276,https://www.semanticscholar.org/paper/7f3503a301dcc7fcbe2adec6773a2cb7748a5e5e,5,7f3503a301dcc7fcbe2adec6773a2cb7748a5e5e,"We design a flexible algorithm that exploits deceased donor kidneys to initiate chains of living donor kidney paired donations, combining deceased and living donor allocation mechanisms to improve the quantity and quality of kidney transplants. The advantages of this approach have been measured using retrospective data on the pool of donor/recipient incompatible and desensitized pairs at the Padua University Hospital, the largest center for living donor kidney transplants in Italy. The experiments show a remarkable improvement on the number of patients with incompatible donor who could be transplanted, a decrease in the number of desensitization procedures, and an increase in the number of UT patients (that is, patients unlikely to be transplanted for immunological reasons) in the waiting list who could receive an organ.",90.46774193548389,228.93937330061112,-0.3733204153715386,-0.2837465474823891,Bottom 50%
Robust Artificial Moral Agents and Metanormativity,Tyler Cook,2023,"AAAI/ACM Conference on AI, Ethics, and Society",10.1145/3600211.3604703,https://www.semanticscholar.org/paper/3e1785f783ed3239077f60e39444a73024d13bf9,5,3e1785f783ed3239077f60e39444a73024d13bf9,"This paper explores the relationship between our ignorance concerning certain metanormative topics and the design of ethical artificial intelligence (AI). In particular, it will be maintained that because we cannot predict in advance which metanormative conclusions a sufficiently intelligent ethical AI might reach, we have reason to be apprehensive about the project of designing such AI. Even if we succeeded at designing an AI to engage in ethical behavior, there is a distinct possibility that the AI might eventually cease to behave ethically if it reaches certain metanormative conclusions. The candidate conclusions include ones such as the denial of the alleged authority or overridingness of ethics and the conclusion that there are no ethical facts or properties (i.e. moral error theory). It will be argued that the target AI could conceivably reach such conclusions, and in turn this could cause them to abandon their ethical routines and proceed to cause great harm.",26.6,45.93699388736063,-0.4702092621246413,-0.2837465474823891,Bottom 50%
Ordinary People as Moral Heroes and Foes: Digital Role Model Narratives Propagate Social Norms in China's Social Credit System,"Mo Chen, Severin Engelmann, Jens Grossklags",2022,"AAAI/ACM Conference on AI, Ethics, and Society",10.1145/3514094.3534180,https://www.semanticscholar.org/paper/d0814a193fdd0557a8b116005b725cc329b8ce79,5,d0814a193fdd0557a8b116005b725cc329b8ce79,"The Chinese Social Credit System (SCS) is a digital sociotechnical credit system that rewards and sanctions economic and social behaviors of individuals and companies. As a complex and transformative digital credit system, the SCS uses digital communication channels to inform the Chinese public about behaviors that lead to reward or sanction. Since 2017, the Chinese government has been publishing ""blameworthy"" and ""praiseworthy"" role model narratives of ordinary Chinese citizens on its central SCS information platform creditchina.gov.cn. Across many cultures, role model narratives are a known instrument to convey ""appropriate"" and ""inappropriate"" social norms. Using a directed content analysis methodology, we study the SCS-specific social norms embedded in 100 ""praiseworthy"" and 100 ""blameworthy"" role model narratives published on creditchina.gov.cn. ""Blameworthy"" role model narratives stress social norms associated with an ""immoral"" SCS identity label termed ""Lao Lai"" - a ""moral foe"" that fails to repay debt. SCS role model narratives familiarize Chinese society with SCS-specific measures such as digital surveillance, public shaming, and disproportionate punishment. Our study makes progress towards understanding how a state-run sociotechnical credit system combines digital tools with culturally familiar customs to propagate ""blameworthy"" and ""praiseworthy"" identities.",26.925925925925927,39.8625067506353,-0.5500388137426026,-0.2837465474823891,Bottom 50%
"Does AI De-Bias Recruitment?: Race, Gender, and AI's 'Eradication of Differences Between Groups'","Eleanor Drage, Kerry Mackereth",2022,"AAAI/ACM Conference on AI, Ethics, and Society",10.1145/3514094.3534151,https://www.semanticscholar.org/paper/699d42cb3ad25bb643580c5f95df7faf1e338fe8,5,699d42cb3ad25bb643580c5f95df7faf1e338fe8,"In this paper, we analyze two key claims offered by recruitment AI companies in relation to the development and deployment of AI-powered HR tools: 1) recruitment AI can objectively assess candidates by removing gender and race from their systems, and 2) this removal of gender and race will make recruitment fairer, help customers attain their DEI goals, and lay the foundations for a truly meritocratic culture to thrive within an organization. We argue that these claims are misleading for four reasons: First, attempts to 'strip' gender and race from AI systems often misunderstand what gender and race are, casting them as isolatable attributes rather than broader systems of power. Second, the attempted outsourcing of 'diversity work' to AI-powered hiring tools may unintentionally entrench cultures of inequality and discrimination by failing to address the systemic problems within organizations. Third, AI hiring tools' supposedly neutral assessment of candidates' traits belies the power relationship between the observer and the observed. Specifically, the racialized history of character analysis and its associated processes of classification and categorisation play into longer histories of taxonomical sorting and reflect the current demands and desires of the job market, even when not explicitly conducted along the lines of gender and race. Fourth, recruitment AI tools help produce the 'ideal candidate' that they supposedly identify through by constructing associations between words and people's bodies. From these four conclusions outlined above, we offer three key recommendations to AI HR firms, their customers, and policy makers going forward.",26.925925925925927,39.8625067506353,-0.5500388137426026,-0.2837465474823891,Bottom 50%
A Bio-Inspired Framework for Machine Bias Interpretation,"J. Robertson, Catherine Stinson, T. Hu",2022,"AAAI/ACM Conference on AI, Ethics, and Society",10.1145/3514094.3534126,https://www.semanticscholar.org/paper/ba3f6856aed8182df819db4c0e5b384401eeee94,5,ba3f6856aed8182df819db4c0e5b384401eeee94,"Machine learning algorithms use the past and the present to predict the future. But when given biased historical data, these algorithms can quickly become discriminatory. The area of machine learning fairness has emerged to detect and de-bias these algorithms, but has received widespread criticism for its one-size-fits-all approach, which allows certain cases of bias to slip through the cracks. In this study, we take a deeper look at the mechanisms by which machine learning algorithms develop harmful bias. We introduce a new method to interpret discriminatory systems, an Evolutionary algorithm for Feature Interaction (EFI), which we apply to several commonly used machine learning algorithms in two real-world problem instances: violent crime and median house price prediction. In the results, we discover several complex forms of bias including the encoding of race through other seemingly unrelated attributes. Ultimately we suggest that more informative interpretation tools such as EFI can be used to not only explain machine learning outcomes, but supplement and improve existing machine bias detection approaches to provide a more robust and in-depth ethical evaluation of machine learning algorithms.",26.925925925925927,39.8625067506353,-0.5500388137426026,-0.2837465474823891,Bottom 50%
An Autonomous Architecture that Protects the Right to Privacy,Alan R. Wagner,2018,"AAAI/ACM Conference on AI, Ethics, and Society",10.1145/3278721.3278768,https://www.semanticscholar.org/paper/fbf8fb5095d4a92ae45810acc4dcbec334b7f467,5,fbf8fb5095d4a92ae45810acc4dcbec334b7f467,"The advent and widespread adoption of wearable cameras and autonomous robots raises important issues related to privacy. The mobile cameras on these systems record and may re-transmit enormous amounts of video data that can then be used to identify, track, and characterize the behavior of the general populous. This paper presents a preliminary computational architecture designed to preserve specific types of privacy over a video stream by identifying categories of individuals, places, and things that require higher than normal privacy protection. This paper describes the architecture as a whole as well as preliminary results testing aspects of the system. Our intention is to implement and test the system on ground robots and small UAVs and demonstrate that the system can provide selective low-level masking or deletion of data requiring higher privacy protection.",90.46774193548389,228.93937330061112,-0.3733204153715386,-0.2837465474823891,Bottom 50%
Data Driven Techniques for Organizing Scientific Articles Relevant to Biomimicry,"Yuanshuo Zhao, Ioana Baldini, P. Sattigeri, Inkit Padhi, Yoong Keok Lee, Ethan Smith",2018,"AAAI/ACM Conference on AI, Ethics, and Society",10.1145/3278721.3278755,https://www.semanticscholar.org/paper/7a171ebbfde98b2a8333a949c920265584f53488,5,7a171ebbfde98b2a8333a949c920265584f53488,"Life on earth presents elegant solutions to many of the challenges innovators and entrepreneurs across disciplines face every day. To facilitate innovations inspired by nature, there is an emerging need for systems that bring relevant biological information to this application-oriented market. In this paper, we discuss our approach to assembling a system that uses machine learning techniques to assess a scientific article's potential usefulness to innovators, and classifies these articles in a way that helps innovators find information relevant to the challenges they are attempting to solve.",90.46774193548389,228.93937330061112,-0.3733204153715386,-0.2837465474823891,Bottom 50%
Rightful Machines and Dilemmas,A. T. Wright,2019,"AAAI/ACM Conference on AI, Ethics, and Society",10.1145/3306618.3314261,https://www.semanticscholar.org/paper/5848ee1f3a5f4be9c29381e6be5711bf57a3bfbf,5,5848ee1f3a5f4be9c29381e6be5711bf57a3bfbf,"Tn this paper I set out a new Kantian approach to resolving conflicts and dilemmas of obligation for semi-autonomous machine agents such as self-driving cars. First, I argue that efforts to build explicitly moral machine agents should focus on what Kant refers to as duties of right, or justice, rather than on duties of virtue, or ethics. In a society where everyone is morally equal, no one individual or group has the normative authority to unilaterally decide how moral conflicts should be resolved for everyone. Only public institutions to which everyone could consent have the authority to define, enforce, and adjudicate our rights and obligations with respect to one other. Then, I show how the shift from ethics to a standard of justice resolves the conflict of obligations in what is known as the ""trolley problem"" for rightful machine agents. Finally, I consider how a deontic logic suitable for governing explicitly rightful machines might meet the normative requirements of justice.",87.5909090909091,155.04430902886364,-0.5326922968551762,-0.2837465474823891,Bottom 50%
Perceived Algorithmic Fairness using Organizational Justice Theory: An Empirical Case Study on Algorithmic Hiring,"Guusje Juijn, Niya Stoimenova, João Reis, Dong Nguyen",2023,"AAAI/ACM Conference on AI, Ethics, and Society",10.1145/3600211.3604677,https://www.semanticscholar.org/paper/e7a252be8f2e3e800233390cefad04d00dc73a47,5,e7a252be8f2e3e800233390cefad04d00dc73a47,"Growing concerns about the fairness of algorithmic decision-making systems have prompted a proliferation of mathematical formulations aimed at remedying algorithmic bias. Yet, integrating mathematical fairness alone into algorithms is insufficient to ensure their acceptance, trust, and support by humans. It is also essential to understand what humans perceive as fair. In this study, we, therefore, conduct an empirical user study into crowdworkers’ algorithmic fairness perceptions, focusing on algorithmic hiring. We build on perspectives from organizational justice theory, which categorizes fairness into distributive, procedural, and interactional components. By doing so, we find that algorithmic fairness perceptions are higher when crowdworkers are provided not only with information about the algorithmic outcome but also about the decision-making process. Remarkably, we observe this effect even when the decision-making process can be considered unfair, when gender, a sensitive attribute, is used as a main feature. By showing realistic trade-offs between fairness criteria, we moreover find a preference for equalizing false negatives over equalizing selection rates amongst groups. Our findings highlight the importance of considering all components of algorithmic fairness, rather than solely treating it as an outcome distribution problem. Importantly, our study contributes to the literature on the connection between mathematical– and perceived algorithmic fairness, and highlights the potential benefits of leveraging organizational justice theory to enhance the evaluation of perceived algorithmic fairness.",26.6,45.93699388736063,-0.4702092621246413,-0.2837465474823891,Bottom 50%
Explainability's Gain is Optimality's Loss?: How Explanations Bias Decision-making,"Charley L. Wan, Rodrigo Belo, Leid Zejnilovic",2022,"AAAI/ACM Conference on AI, Ethics, and Society",10.1145/3514094.3534156,https://www.semanticscholar.org/paper/2b691b4e83da08e9cf885158f1659fdb59313228,5,2b691b4e83da08e9cf885158f1659fdb59313228,"Decisions in organizations are about evaluating alternatives and choosing the one that would best serve organizational goals. To the extent that the evaluation of alternatives could be formulated as a predictive task with appropriate metrics, machine learning algorithms are increasingly being used to improve the efficiency of the process. Explanations help to facilitate communication between the algorithm and the human decision-maker, making it easier for the latter to interpret and make decisions on the basis of predictions by the former. Feature-based explanations' semantics of causal models, however, induce leakage from the decision-maker's prior beliefs. Our findings from a field experiment demonstrate empirically how this leads to confirmation bias and disparate impact on the decision-maker's confidence in the predictions. Such differences can lead to sub-optimal and biased decision outcomes.",26.925925925925927,39.8625067506353,-0.5500388137426026,-0.2837465474823891,Bottom 50%
Social Contracts for Non-Cooperative Games,"Alan Davoust, Michael Rovatsos",2020,"AAAI/ACM Conference on AI, Ethics, and Society",10.1145/3375627.3375829,https://www.semanticscholar.org/paper/246f55206826651330e420554c5bc5d3c05df5b8,5,246f55206826651330e420554c5bc5d3c05df5b8,"In future agent societies, we might see AI systems engaging in selfish, calculated behavior, furthering their owners' interests instead of socially desirable outcomes. How can we promote morally sound behaviour in such settings, in order to obtain more desirable outcomes? A solution from moral philosophy is the concept of a social contract, a set of rules that people would voluntarily commit to in order to obtain better outcomes than those brought by anarchy. We adapt this concept to a game-theoretic setting, to systematically modify the payoffs of a non-cooperative game, so that agents will rationally pursue socially desirable outcomes. We show that for any game, a suitable social contract can be designed to produce an optimal outcome in terms of social welfare. We then investigate the limitations of applying this approach to alternative moral objectives, and establish that, for any alternative moral objective that is significantly different from social welfare, there are games for which no such social contract will be feasible that produces non-negligible social benefit compared to collective selfish behaviour.",50.56,77.12710288867332,-0.5907132291194983,-0.2837465474823891,Bottom 50%
Evaluation of targeted dataset collection on racial equity in face recognition,"Rachel Hong, Tadayoshi Kohno, Jamie H. Morgenstern",2023,"AAAI/ACM Conference on AI, Ethics, and Society",10.1145/3600211.3604662,https://www.semanticscholar.org/paper/2e2aabc7643a440ece21e1bddbb91c0d981e54ba,4,2e2aabc7643a440ece21e1bddbb91c0d981e54ba,"Algorithmic audits of industry face recognition models have recently incentivized companies to diversify their data collection methods, which in turn has reduced error disparities along demographic lines, such as gender or race. We argue that it is important to understand exactly how various forms of targeted data collection mitigate performance disparities in these updated face recognition models. We propose an empirical framework to assess the impact of additional dataset collection targeted towards various racial groups. We apply our framework to three racially-annotated benchmark datasets using three standard face recognition models. Our findings empirically validate the notion that the introduction of data from the demographic group with the initially-lowest performance improves performance on that group significantly more than adding from other groups. We also observe that in all settings, the introduction of data from a previously omitted group does not harm the performance of other groups. Furthermore, investigation of feature embeddings reveals that performance increases are associated with a larger separation among images of different identities. Despite the commonalities we observe across datasets, we also find key differences: for example, in one dataset, training on one racial group generalizes well across all groups. These differences speak to the criticality of re-applying empirical evaluation methods, such as the methods in this work, when introducing new datasets or models.",26.6,45.93699388736063,-0.4919782094452266,-0.2932154852840304,Bottom 50%
On the Connection between Game-Theoretic Feature Attributions and Counterfactual Explanations,"Emanuele Albini, Shubham Sharma, Saumitra Mishra, Danial Dervovic, D. Magazzeni",2023,"AAAI/ACM Conference on AI, Ethics, and Society",10.1145/3600211.3604676,https://www.semanticscholar.org/paper/39767db05747969ab0625caffec720f0fdcc96a2,4,39767db05747969ab0625caffec720f0fdcc96a2,"Explainable Artificial Intelligence (XAI) has received widespread interest in recent years, and two of the most popular types of explanations are feature attributions, and counterfactual explanations. These classes of approaches have been largely studied independently and the few attempts at reconciling them have been primarily empirical. This work establishes a clear theoretical connection between game-theoretic feature attributions, focusing on but not limited to SHAP, and counterfactuals explanations. After motivating operative changes to Shapley values based feature attributions and counterfactual explanations, we prove that, under conditions, they are in fact equivalent. We then extend the equivalency result to game-theoretic solution concepts beyond Shapley values. Moreover, through the analysis of the conditions of such equivalence, we shed light on the limitations of naively using counterfactual explanations to provide feature importances. Experiments on three datasets quantitatively show the difference in explanations at every stage of the connection between the two approaches and corroborate the theoretical findings.",26.6,45.93699388736063,-0.4919782094452266,-0.2932154852840304,Bottom 50%
Why (Not) Use AI? Analyzing People’s Reasoning and Conditions for AI Acceptability,"Jimin Mun, Wei Bin Au Yeong, Wesley Hanwen Deng, Jana Schaich Borg, Maarten Sap",2025,"Proceedings of the AAAI/ACM Conference on AI, Ethics, and Society",10.1609/aies.v8i2.36673,https://www.semanticscholar.org/paper/32cf90fd9b89a82df3cab7f643d3b8d948e33042,4,32cf90fd9b89a82df3cab7f643d3b8d948e33042,"In recent years, there has been a growing recognition of
the need to incorporate lay-people’s input into the
governance and acceptability assessment of AI usage.
However, how and why people judge acceptability of
different AI use cases remains under-explored, despite it
being crucial towards understanding and addressing
potential sources of disagreement. In this work, we
investigate the demographic and reasoning factors that
influence people’s judgments about AI’s development via a
survey administered to demographically diverse participants
(N=197). As a way to probe into these decision factors as
well as inherent variations of perceptions across use
cases, we consider ten distinct labor-replacement (e.g.,
Lawyer AI) and personal health (e.g., Digital Medical
Advice AI) AI use cases. We explore the relationships
between participants’ judgments and their rationales such
as reasoning approaches (cost-benefit reasoning vs.
rule-based). Our empirical findings reveal a number of
factors that influence acceptance. We find lower acceptance
of labor-replacement usage over personal health,
significant influence of demographics factors such as
gender, employment, education, and AI literacy level, and
prevalence of rule-based reasoning for unacceptable use
cases. Moreover, we observe unified reasoning type (e.g.,
cost-benefit reasoning) leading to higher agreement. Based
on these findings, we discuss the key implications towards
understanding and mitigating disagreements on the
acceptability of AI use cases to collaboratively build
consensus.",0.8040201005025126,2.280081497656951,1.4016954669303396,-0.2932154852840304,Bottom 50%
The Heterogeneous Effects of AI Companionship: An Empirical Model of Chatbot Usage and Loneliness and a Typology of User Archetypes,"Auren R. Liu, Pat Pataranutaporn, Pattie Maes",2025,"Proceedings of the AAAI/ACM Conference on AI, Ethics, and Society",10.1609/aies.v8i2.36658,https://www.semanticscholar.org/paper/5f9b244ff421ed4964c31fdcb2412bc22cffafee,4,5f9b244ff421ed4964c31fdcb2412bc22cffafee,"Companion chatbots offer a potential solution to the growing epidemic of loneliness, but their impact on users' psychosocial well-being remains poorly understood, raising critical ethical questions about their deployment and design. This study presents a large-scale survey (n = 404) of regular users of companion chatbots, investigating the relationship between chatbot usage and loneliness. We develop a model explaining approximately 50% of variance in loneliness; while usage does not directly predict loneliness, we identify factors including neuroticism, social network size, and problematic use. Through cluster analysis and mixed-methods thematic analysis combining manual coding with automated theme extraction, we identify seven distinct user profiles demonstrating that companion chatbots can either enhance or potentially harm psychological well-being depending on user characteristics. Different usage patterns can lead to markedly different outcomes, with some users experiencing enhanced social confidence while others risk further isolation. These findings have significant implications for responsible AI development, suggesting that one-size-fits-all approaches to AI companionship may be ethically problematic. Our work contributes to the ongoing dialogue about the role of AI in social and emotional support, offering insights for developing more targeted and ethical approaches to AI companionship that complement rather than replace human connections.",0.8040201005025126,2.280081497656951,1.4016954669303396,-0.2932154852840304,Bottom 50%
Towards User Guided Actionable Recourse,"Jayanth Yetukuri, Ian Hardy, Yang Liu",2023,"AAAI/ACM Conference on AI, Ethics, and Society",10.1145/3600211.3604708,https://www.semanticscholar.org/paper/b2681fb3c523f45b0ac1f5c69a5b13e1163af778,4,b2681fb3c523f45b0ac1f5c69a5b13e1163af778,"Machine Learning’s proliferation in critical fields such as healthcare, banking, and criminal justice has motivated the creation of tools which ensure trust and transparency in ML models. One such tool is Actionable Recourse (AR) for negatively impacted users. AR describes recommendations of cost-efficient changes to a user’s actionable features to help them obtain favorable outcomes. Existing approaches for providing recourse optimize for properties such as proximity, sparsity, validity, and distance-based costs. However, an often-overlooked but crucial requirement for actionability is a consideration of User Preference to guide the recourse generation process. In this work, we attempt to capture user preferences via soft constraints in three simple forms: i) scoring continuous features, ii) bounding feature values and iii) ranking categorical features. Finally, we propose a gradient-based approach to identify User Preferred Actionable Recourse (UP-AR). We carried out extensive experiments to verify the effectiveness of our approach.",26.6,45.93699388736063,-0.4919782094452266,-0.2932154852840304,Bottom 50%
"S-DAT: A Multilingual, GenAI-Driven Framework for Automated Divergent Thinking Assessment","Jennifer Haase, P. Hanel, S. Pokutta",2025,"Proceedings of the AAAI/ACM Conference on AI, Ethics, and Society",10.1609/aies.v8i2.36622,https://www.semanticscholar.org/paper/f72258bcfd4872ba5425b799297f6be21a4e7a40,4,f72258bcfd4872ba5425b799297f6be21a4e7a40,"This paper introduces S-DAT (Synthetic-Divergent Association Task), a scalable, multilingual framework for automated assessment of divergent thinking (DT)—a core component of human creativity. Traditional creativity assessments are often labor-intensive, language-specific, and reliant on subjective human ratings, limiting their scalability and cross-cultural applicability. In contrast, S-DAT leverages large language models and advanced multilingual embeddings to compute semantic distance—a language-agnostic proxy for DT. We evaluate S-DAT across eleven diverse languages, including English, Spanish, German, Russian, Hindi, and Japanese (Kanji, Hiragana, Katakana), demonstrating robust and consistent scoring across linguistic contexts. Unlike prior DAT approaches, the S-DAT shows convergent validity with other DT measures and correct discriminant validity with convergent thinking. This cross-linguistic flexibility allows for more inclusive, global-scale creativity research, addressing key limitations of earlier approaches. S-DAT provides a powerful tool for fairer, more comprehensive evaluation of cognitive flexibility in diverse populations.",0.8040201005025126,2.280081497656951,1.4016954669303396,-0.2932154852840304,Bottom 50%
Generating Deontic Obligations From Utility-Maximizing Systems,"Colin Shea-Blymyer, Houssam Abbas",2022,"AAAI/ACM Conference on AI, Ethics, and Society",10.1145/3514094.3534163,https://www.semanticscholar.org/paper/8ea9bbad22f6c4c154d76ebfa7a56893f86f850f,4,8ea9bbad22f6c4c154d76ebfa7a56893f86f850f,"This work gives a logical characterization of the (ethical and social) obligations of an agent trained with Reinforcement Learning (RL). An RL agent takes actions by following a utility-maximizing policy. We maintain that the choice of utility function embeds ethical and social values implicitly, and that it is necessary to make these values explicit. This work provides a basis for doing so. First, we propose a probabilistic deontic logic that is suited for formally specifying the obligations of a stochastic system, including its ethical obligations. We prove some useful validities about this logic, and how its semantics are compatible with those of Markov Decision Processes (MDPs). Second, we show that model checking allows us to prove that an agent has a given obligation to bring about some state of affairs - meaning that by acting optimally, it is seeking to reach that state of affairs. We develop a model checker for our logic against MDPs. Third, we observe that it is useful for a system designer to obtain a logical characterization of her system's obligations, which is potentially more interpretable and helpful in debugging than the expression of a utility function. Enumerating all the obligations of an agent is impractical, so we propose a Bayesian optimization routine that learns to generate a system's obligations that the system designer deems interesting. We implement the model checking and Bayesian optimization routines, and demonstrate their effectiveness with an initial pilot study. This work provides a rigorous method to characterize utility-maximizing agents in terms of the (ethical and social) obligations that they implicitly seek to satisfy.",26.925925925925927,39.8625067506353,-0.5751250434234307,-0.2932154852840304,Bottom 50%
How Technological Advances Can Reveal Rights,"Jack Parker, D. Danks",2019,"AAAI/ACM Conference on AI, Ethics, and Society",10.1145/3306618.3314274,https://www.semanticscholar.org/paper/378815d7e50f39b5f7d4a376dd619bb526a1d132,4,378815d7e50f39b5f7d4a376dd619bb526a1d132,"Over recent decades, technological development has been accompanied by the proposal of new rights by various groups and individuals: the right to public anonymity, the right to be forgotten, and the right to disconnect, for example. Although there is widespread acknowledgment of the motivation behind these proposed rights, there is little agreement about their actual normative status. One potential challenge is that the claims only arise in contingent social-technical contexts, which may affect how we conceive of them ethically (albeit, not necessarily in terms of policy). What sort of morally legitimate rights claims depend on such contingencies? Our paper investigates the grounds on which such proposals might be considered ""actual"" rights. The full paper can be found at http://www.andrew.cmu.edu/user/cgparker/Parker_Danks_RevealedRights.pdf. We propose the notion of a revealed right, a right that only imposes duties -- and thus is only meaningfully revealed -- in certain technological contexts. Our framework is based on an interest theory approach to rights, which understands rights in terms of a justificatory role: morally important aspects of a person's well-being (interests) ground rights, which then justify holding someone to a duty that promotes or protects that interest. Our framework uses this approach to interpret the conflicts that lead to revealed rights in terms of how technological developments cause shifts in the balance of power to promote particular interests. Different parties can have competing or conflicting interests. It is also generally accepted that some interests are more normatively important than others (even if only within a particular framework). We can refer to this difference in importance by saying that the former interest has less ""moral weight"" than the latter interest (in that context). The moral weight of an interest is connected to its contribution to the interest-holder's overall well-being, and thereby determines the strength of the reason that a corresponding right provides to justify a duty. Improved technology can offer resources that grant one party increased causal power to realize its interests to the detriment of another's capacity to do so, even while the relative moral weight of their interests remain the same. Such changes in circumstance can make the importance of protecting a particular interest newly salient. If that interest's moral weight justifies establishing a duty to protect it, thereby limiting the threat posed by the new socio-technical context, then a right is revealed. Revealed rights justify realignment between the moral weight and causal power orderings so that people with weightier interests have greater power to protect those interests. In the extended paper, we show how this account can be applied to the interpretation of two recently proposed ""rights"": the right to be forgotten, and the right to disconnect. Since we are focused on making sense of revealed rights, not any particular substantive theory of interests or well-being, the characterization of 'weights' is a free parameter in this account. Our framework alone cannot provide means to resolve the question of whether specific rights exist, but it can be used to identify empirical questions that need to be answered to decide the existence or non-existence of such rights. The emergence of a revealed right depends on a number of factors, including: whether the plausible uses of the technology could potentially impede another's well-being or interests; whether the technology is sufficiently common to have a wider, social impact; and whether the technology has actually changed the balance of power sufficiently to yield a frequent possibility for misalignment between causal power and moral weight. This approach confronts the question of how, in principle, such rights could be justified, without requiring specific commitments on the ontology of rights. Our account explains why the rhetoric of ""new rights"" is both accurate (since the rights were not previously recognized) and inaccurate (since the rights were present all along, but without corresponding duties). Further, it explains the rights without grounding their normative status in considerations related to right-holders' capacities to rationally waive or assert claims. This is especially important given that many of the relevant disruptive technological developments pose challenges to understanding by affected parties for the same reasons they pose threats to those parties' well-being. In the course of our discussion, we confront a number of potential objections to the account. We argue that our framework's ability to accommodate highly specific or derivative-seeming rights is un-problematic. We also head off worries that our use of interest theory makes the account likely to recognize absurd rights claims.",87.5909090909091,155.04430902886364,-0.539142065997066,-0.2932154852840304,Bottom 50%
A Framework for Grounding the Moral Status of Intelligent Machines,M. R. Scheessele,2018,"AAAI/ACM Conference on AI, Ethics, and Society",10.1145/3278721.3278743,https://www.semanticscholar.org/paper/4f13e0a1cb731862afbd218a19a886dbedc87613,4,4f13e0a1cb731862afbd218a19a886dbedc87613,"I propose a framework, derived from moral theory, for assessing the moral status of intelligent machines. Using this framework, I claim that some current and foreseeable intelligent machines have approximately as much moral status as plants, trees, and other environmental entities. This claim raises the question: what obligations could a moral agent (e.g., a normal adult human) have toward an intelligent machine? I propose that the threshold for any moral obligation should be the ""functional morality"" of Wallach and Allen [20], while the upper limit of our obligations should not exceed the upper limit of our obligations toward plants, trees, and other environmental entities.",90.46774193548389,228.93937330061112,-0.3776883839982672,-0.2932154852840304,Bottom 50%
Sampling Individually-Fair Rankings that are Always Group Fair,"Sruthi Gorantla, Anay Mehrotra, A. Deshpande, Anand Louis",2023,"AAAI/ACM Conference on AI, Ethics, and Society",10.1145/3600211.3604671,https://www.semanticscholar.org/paper/2aa4a5086259919c01e1c5a6f673d66baea3b088,4,2aa4a5086259919c01e1c5a6f673d66baea3b088,"Rankings on online platforms help their end-users find the relevant information—people, news, media, and products—quickly. Fair ranking tasks, which ask to rank a set of items to maximize utility subject to satisfying group-fairness constraints, have gained significant interest in the Algorithmic Fairness, Information Retrieval, and Machine Learning literature. Recent works, however, identify uncertainty in the utilities of items as a primary cause of unfairness and propose introducing randomness in the output. This randomness is carefully chosen to guarantee an adequate representation of each item (while accounting for the uncertainty). However, due to this randomness, the output rankings may violate group fairness constraints. We give an efficient algorithm that samples rankings from an individually-fair distribution while ensuring that every output ranking is group fair. The expected utility of the output ranking is at least α times the utility of the optimal fair solution. Here, α depends on the utilities, position-discounts, and constraints—it approaches 1 as the range of utilities or the position-discounts shrinks, or when utilities satisfy distributional assumptions. Empirically, we observe that our algorithm achieves individual and group fairness and that Pareto dominates the state-of-the-art baselines.",26.6,45.93699388736063,-0.4919782094452266,-0.2932154852840304,Bottom 50%
Towards a Just Theory of Measurement: A Principled Social Measurement Assurance Program for Machine Learning,"McKane Andrus, T. Gilbert",2019,"AAAI/ACM Conference on AI, Ethics, and Society",10.1145/3306618.3314275,https://www.semanticscholar.org/paper/8719b5185445d793153a507ba5622397183eaad1,4,8719b5185445d793153a507ba5622397183eaad1,"While formal definitions of fairness in machine learning (ML) have been proposed, its place within a broader institutional model of fair decision-making remains ambiguous. In this paper we interpret ML as a tool for revealing when and how measures fail to capture purported constructs of interest, augmenting a given institution's understanding of its own interventions and priorities. Rather than codifying ""fair"" principles into ML models directly, the use of ML can thus be understood as a form of quality assurance for existing institutions, exposing the epistemic fault lines of their own measurement practices. Drawing from Friedler et al's [2016] recent discussion of representational mappings and previous discussions on the ontology of measurement, we propose a social measurement assurance program (sMAP) in which ML encourages expert deliberation on a given decision-making procedure by examining unanticipated or previously unexamined covariates. As an example, we apply Rawlsian principles of fairness to sMAP and produce a provisional just theory of measurement that would guide the use of ML for achieving fairness in the case of child abuse in Allegheny County.",87.5909090909091,155.04430902886364,-0.539142065997066,-0.2932154852840304,Bottom 50%
Measures of Disparity and their Efficient Estimation,"Harvineet Singh, R. Chunara",2023,"AAAI/ACM Conference on AI, Ethics, and Society",10.1145/3600211.3604697,https://www.semanticscholar.org/paper/0a12b6670bef76099e8ea30798a6a00b50cb164e,4,0a12b6670bef76099e8ea30798a6a00b50cb164e,"Quantifying disparities, that is differences in outcomes among population groups, is an important task in public health, economics, and increasingly in machine learning. In this work, we study the question of how to collect data to measure disparities. The field of survey statistics provides extensive guidance on sample sizes necessary to accurately estimate quantities such as averages. However, there is limited guidance for estimating disparities. We consider a broad class of disparity metrics including those used in machine learning for measuring fairness of model outputs. For each metric, we derive the number of samples to be collected per group that increases the precision of disparity estimates given a fixed data collection budget. We also provide sample size calculations for hypothesis tests that check for significant disparities. Our methods can be used to determine sample sizes for fairness evaluations. We validate the methods on two nationwide surveys, used for understanding population-level attributes like employment and health, and a prediction model. Absent a priori information on the groups, we find that equally sampling the groups typically performs well.",26.6,45.93699388736063,-0.4919782094452266,-0.2932154852840304,Bottom 50%
Stop the Nonconsensual Use of Nude Images in Research,"Princessa Cintaqia, Arshia Arya, Elissa M. Redmiles, Deepak Kumar, Allison McDonald, Lucy Qin",2025,"Proceedings of the AAAI/ACM Conference on AI, Ethics, and Society",10.1609/aies.v8i1.36576,https://www.semanticscholar.org/paper/8b55661f99b7501b1b5c658a04cc8648af687cf7,4,8b55661f99b7501b1b5c658a04cc8648af687cf7,"Nudity detection is a task that has been studied by researchers for decades. In order to do this work, researchers need datasets of nude content for training, testing, and benchmarking their nudity detection algorithms. To assemble these datasets, researchers typically scrape images from the internet or use existing datasets of nude images. While this practice is common for assembling datasets for general image-recognition tasks, nude images are particularly sensitive. In addition, the nonconsensual collection and distribution of nude images is a common form of image-based sexual abuse, a category of technology-facilitated sexual violence. In this work, we analyzed 153 papers to investigate the use of nude datasets in Computer Science research. Based on our results, we found that researchers regularly collected non-consensual nudes and practiced harmful research processes. We conclude with giving practical recommendations for future research concerning nude datasets.",0.8040201005025126,2.280081497656951,1.4016954669303396,-0.2932154852840304,Bottom 50%
Aegis: An Agent for Multi-party Privacy Preservation,"Rim Ben Salem, Esma Aïmeur, H. Hage",2022,"AAAI/ACM Conference on AI, Ethics, and Society",10.1145/3514094.3534134,https://www.semanticscholar.org/paper/5fc87e4ef121097ea5703926ac7dccd1de833c50,4,5fc87e4ef121097ea5703926ac7dccd1de833c50,"The proliferation of social media set the foundation for the culture of over-disclosure where many people document every single event, incident, trip, etc. for everyone to see. Raising the individual's awareness of the privacy issues that they are subjecting themselves to can be challenging. This becomes more complex when the post being shared includes data ""owned"" by others. The existing approaches aiming to assist users in multi-party disclosure situations need to be revised to go beyond preferences to the ""good"" of the collective. This paper proposes an agent called Aegis to calculate the potential risk incurred by multi-party members in order to push privacy-preserving nudges to the sharer. Aegis is inspired by the consequentialist approach in normative ethical problem-solving techniques. The main contribution is the introduction of a social media-specific risk equation based on data valuation and the propagation of the post from intended to unintended audience. The proof-of-concept reports on how Aegis performs based on real-world data from the SNAP dataset and synthetically generated networks.",26.925925925925927,39.8625067506353,-0.5751250434234307,-0.2932154852840304,Bottom 50%
Exposing AI Bias by Crowdsourcing: Democratizing Critique of Large Language Models,"Hangzhi Guo, Pranav Narayanan Venkit, Eunchae Jang, Mukund Srinath, Wenbo Zhang, Bonam Mingole, Vipul Gupta, Kush R. Varshney, S. S. Sundar, Amulya Yadav",2025,"Proceedings of the AAAI/ACM Conference on AI, Ethics, and Society",10.1609/aies.v8i2.36620,https://www.semanticscholar.org/paper/2ebf8b3225ce270ed095194724e4d6cb17506bbc,3,2ebf8b3225ce270ed095194724e4d6cb17506bbc,"The widespread adoption of large language models (LLMs) and generative AI (GenAI) tools across diverse real-world applications has amplified the importance of addressing societal biases inherent within these technologies. While the Natural Language Processing (NLP) community has extensively studied LLM bias, research investigating how non-expert users perceive and interact with biases from these systems remains limited. As these technologies become increasingly prevalent, understanding this question is crucial to inform model developers in their efforts to mitigate bias. To address this gap, this paper presents findings from a university-level competition that challenged participants to design prompts specifically for eliciting biased outputs from GenAI tools. We conducted a quantitative and qualitative analysis of the submitted prompts and the resulting GenAI outputs. This analysis led to the identification of reproducible biases across eight distinct categories within GenAI systems. Furthermore, we identified and categorized the various strategies employed by participants to successfully induce these biased responses. Our findings provide unique insights into how non-expert users understand, engage with, and attempt to manipulate biases in GenAI tools. This research contributes to a deeper understanding of the user-side experience of AI bias and offers actionable knowledge for developers and policymakers working towards creating fairer and more equitable AI systems.",0.8040201005025126,2.280081497656951,0.963114652592073,-0.3026844230856716,Bottom 50%
Tree-Based Approaches for Interpretable Modeling in Healthcare,Juliette Murris,2025,"AAAI/ACM Conference on AI, Ethics, and Society",10.1609/aies.v7i2.31904,https://www.semanticscholar.org/paper/38af52026c7d3d9952fee2fcaba352c61bb24501,3,38af52026c7d3d9952fee2fcaba352c61bb24501,"Survival analysis models time-to-event data in oncology, such as cancer relapse or death, to evaluate treatment effects. Machine learning (ML) advancements, particularly ensemble methods like random survival forests (RSF), enhance predictive accuracy but often lack interpretability, posing challenges for clinical trust and regulatory compliance. This work addresses these limitations by systematically reviewing health authority criteria for AI interpretability, assessing existing methods like SurvSHAP and SurvLIME, and developing an RSF extension to handle multiple clinical events with novel metrics for performance evaluation. Future efforts focus on integrating model-specific interpretability through TreeSHAP and SurvSHAP to provide robust, time-dependent explanations, enabling the alignment of predictive power with clinical transparency in oncology care.",0.8040201005025126,2.280081497656951,0.963114652592073,-0.3026844230856716,Bottom 50%
A Longitudinal Randomized Control Study of Companion Chatbot Use: Anthropomorphism and Its Mediating Role on Social Impacts,"Rose E. Guingrich, Michael S. A. Graziano",2025,"Proceedings of the AAAI/ACM Conference on AI, Ethics, and Society",10.1609/aies.v8i2.36618,https://www.semanticscholar.org/paper/d521f741cc3061374d1d2f4bfb35ca1cc432ce5b,3,d521f741cc3061374d1d2f4bfb35ca1cc432ce5b,"Relationships with social artificial intelligence (AI) agents are on the rise. Most notably, people are forming relationships with companion chatbots such as Replika, a type of social AI agent that people can converse with via text or voice chat. These Large Language Model (LLM) chatbots are designed for companionship, and people have reported forming friendships, mentorships, and romantic partnerships with them. Concerns that companion chatbots may harm or replace real human relationships have been raised, but whether and how these social consequences occur remains unclear. Prior research suggests that people’s state of social need and their anthropomorphism of AI may play a role in how human-AI interaction impacts human-human interaction. In this longitudinal study (N = 183), participants were randomly assigned to a chatbot condition (text chat with a companion chatbot) or to a control condition (engage in text-based word games) in which they engaged in their daily task at least 10 minutes a day for 21 consecutive days. Participants completed four surveys during the 21 days, and engaged in audio recorded interviews on day 1 and 21. We investigated three primary questions. First, do daily interactions with a companion chatbot impact people’s social health and human relationships? Second, do people’s social states such the desire for social connection or loneliness predict anthropomorphism of the chatbot? Third, does anthropomorphism of the chatbot predict human-human social impacts? We found that people’s social health and relationships were not significantly impacted by companion chatbot interactions across 21 days of use. However, people who had a higher desire for social connection, but not higher loneliness, anthropomorphized the chatbot more. Those who anthropomorphized the chatbot more indicated that the human-chatbot interaction had greater impacts on their social interactions and relationships with family and friends. Via a mediation analysis, our results suggest that the impact of human-AI interaction on human-human social outcomes is mediated by the extent to which people anthropomorphize the AI agent, which may be motivated by a desire for social connection.",0.8040201005025126,2.280081497656951,0.963114652592073,-0.3026844230856716,Bottom 50%
Algorithmic Recourse,Kshitij Kayastha,2025,"Proceedings of the AAAI/ACM Conference on AI, Ethics, and Society",10.1609/aies.v8i3.36784,https://www.semanticscholar.org/paper/92a5194234317055d52acfcf502260883bd5c73f,3,92a5194234317055d52acfcf502260883bd5c73f,"With the rapid deployment of algorithms in high-stakes domains such as finance, healthcare, and justice, recourse has emerged as a critical tool in explainable AI. Algorithmic Recourse provides individuals with recommendations to reverse unfavorable outcomes, addressing the growing need for transparency and accountability in automated decision-making systems. My research investigates the design of recourse methods that are not only effective but also fair, robust, and grounded in ethical considerations.",0.8040201005025126,2.280081497656951,0.963114652592073,-0.3026844230856716,Bottom 50%
Methodological Considerations for Centering Workers’ Epistemic Authority in AI Research,"Milagros Miceli, A. Dinika, Krystal Kauffman, Camilla Salim Wagner, Laurenz Sachenbacher, Alex Hanna, Timnit Gebru",2025,"Proceedings of the AAAI/ACM Conference on AI, Ethics, and Society",10.1609/aies.v8i2.36667,https://www.semanticscholar.org/paper/0290b56d2636170469ac4b1a9b85846787a8d1c4,3,0290b56d2636170469ac4b1a9b85846787a8d1c4,"The global AI industry is fueled by hidden and precarized labor, yet worker voices remain largely absent from the research that studies them. This paper introduces Workers' Inquiry as a Research Methodology or WIRM, a participatory methodology designed to shift AI research away from extractive practices and toward co-production with workers. Grounded in Marxist Workers’ Inquiry, WIRM centers workers as community researchers who shape the design, interpretation, and framing of research. We describe how WIRM was developed and implemented in the Data Workers' Inquiry (DWI) project across multiple countries, highlighting how the methodology adapts to diverse contexts of economic, physical, and political precarity. Rather than presenting empirical findings, this paper focuses on the methodology itself: its theoretical roots, structural components, and practical execution. We offer three case illustrations to demonstrate the method’s flexibility and limitations. We conclude by reflecting on key challenges and tensions, and propose WIRM as a replicable framework for worker-led AI research.",0.8040201005025126,2.280081497656951,0.963114652592073,-0.3026844230856716,Bottom 50%
Social Misattributions in Conversations with Large Language Models,"Andrea Ferrario, Alberto Termine, Alessandro Facchini",2025,"Proceedings of the AAAI/ACM Conference on AI, Ethics, and Society",10.1609/aies.v8i1.36600,https://www.semanticscholar.org/paper/525b04d9f8768f432be1d043ac9a11cd2b84d81b,3,525b04d9f8768f432be1d043ac9a11cd2b84d81b,"We investigate a typology of socially and ethically risky phenomena emerging from the interaction between humans and large language model (LLM)-based conversational systems. As they relate to the way in which humans attribute social identity components, such as social roles, to LLM-based conversational systems, we term these phenomena `social misattributions.' Drawing on foundational works in interactional socio-linguistics, interpersonal pragmatics, and recent debates in the philosophy of technology, we argue that these social misattributions represent higher-order forms of anthropomorphisation of LLM-based conversational systems that are not justified by their technical capabilities and follow from the social context of conversational interactions. We discuss the risks these misattributions pose to human users, including emotional manipulation and unwarranted trust, and propose mitigation strategies. Our recommendations emphasise the importance of fostering social transparency and exploring approaches,
such as frictional design, that are currently promoted in the research domain of human-centred artificial intelligence.",0.8040201005025126,2.280081497656951,0.963114652592073,-0.3026844230856716,Bottom 50%
A Penalty Default Approach to Preemptive Harm Disclosure and Mitigation for AI Systems,"Rui-Jie Yew, Dylan Hadfield-Menell",2022,"AAAI/ACM Conference on AI, Ethics, and Society",10.1145/3514094.3534130,https://www.semanticscholar.org/paper/5cf0dbc77300c831def249e6995bb60ccc3e9555,3,5cf0dbc77300c831def249e6995bb60ccc3e9555,"As AI industry matures, it is important to ensure that the organizations developing these systems have sufficient incentives to identify and mitigate risks and harm. Unfortunately, the profit motive is often misaligned with this goal. Successful work to identify or reduce risk rarely has direct tangible benefits. In this paper, we consider the use of regulatory penalty defaults as a way to counter these perverse incentives. A regulatory penalty default regime consists of two parts: a regulatory penalty default and a mechanism to bargain around the default. The regulatory penalty default induces private actors to research and mitigate potential harms in order to limit liability, making the benefits of risk mitigation tangible. The bargaining mechanism provides incentives for companies to go beyond achieving a prescriptive threshold of compliance in creating a compelling case for escape from the default. With a focus on the policy landscape in the United States, we propose and discuss potential regulatory penalty default regimes for AI systems. For each of our proposals, we also discuss accompanying regulatory pathways for the bargaining process. While regulatory penalty default regimes are not a panacea (we discuss several drawbacks of the proposed methods), they are an important tool to consider in the regulation of AI systems.",26.925925925925927,39.8625067506353,-0.6002112731042589,-0.3026844230856716,Bottom 50%
Artificial Intelligence in the Government: Responses to Failures and Social Impact,"Chiara Longoni, Luca Cian, Ellie J. Kyung",2022,"AAAI/ACM Conference on AI, Ethics, and Society",10.1145/3514094.3534125,https://www.semanticscholar.org/paper/a68fdf1417ffd031d1ce83f7c57c1d6d247c0c13,3,a68fdf1417ffd031d1ce83f7c57c1d6d247c0c13,"Artificial Intelligence (AI) is pervading the government and transforming how public services are provided to consumers---from allocation of benefits to law enforcement, risk monitoring and the provision of services. Despite technological improvements, AI systems are fallible and may err. How do consumers respond when learning of AI's failures? In thirteen preregistered studies (N = 3,724), we document a robust effect of algorithmic transference: algorithmic failures are generalized more broadly than human failures. Rather than reflecting generalized algorithm aversion, algorithmic transference is rooted in social categorization: it stems from how people perceive a group of AI systems versus a group of humans---as outgroups characterized by greater homogeneity than ingroups of comparable humans. Because AI systems are perceived as more homogeneous than people, failure information about one AI algorithm is transferred to another algorithm at a higher rate than failure information about a person is transferred to another person. Assessing AI's impact on consumers and societies, we show how the premature or mismanaged deployment of faulty AI technologies may engender algorithmic transference and undermine the very institutions that AI systems are meant to modernize.",26.925925925925927,39.8625067506353,-0.6002112731042589,-0.3026844230856716,Bottom 50%
Advancing Early Alzheimer's Disease Detection in Underdeveloped Areas with Fair Explainable AI Methods,Quoc-Toan Nguyen,2025,"AAAI/ACM Conference on AI, Ethics, and Society",10.1609/aies.v7i2.31907,https://www.semanticscholar.org/paper/d84c6bc7486a449d9ece13c09d75bddc6b32a306,3,d84c6bc7486a449d9ece13c09d75bddc6b32a306,"Artificial intelligence (AI)-based telemedicine systems for early Alzheimer's detection using low-cost modalities are vital for rural or underdeveloped areas where travelling distance and high-cost devices like MRI are drawbacks. These systems require eXplainable AI (XAI) for reliable outcomes and intuitive explanations. Current XAI evaluations lack input from medical professionals and overlook stakeholder diversity, leading to potential biases. This project aims to develop a cost-effective AI telemedicine system, enhance early AD detection in underdeveloped areas, reduce healthcare disparities, and assess XAI methods with quality and fairness to mitigate biases for high-quality and fair explained outcomes.",0.8040201005025126,2.280081497656951,0.963114652592073,-0.3026844230856716,Bottom 50%
Guiding Prosecutorial Decisions with an Interpretable Statistical Model,"Zhiyuan Jerry Lin, Alex Chohlas-Wood, Sharad Goel",2019,"AAAI/ACM Conference on AI, Ethics, and Society",10.1145/3306618.3314235,https://www.semanticscholar.org/paper/7c2a0cfb19ebced1151f858ae163a4c826666ee4,3,7c2a0cfb19ebced1151f858ae163a4c826666ee4,"After a felony arrest, many American jurisdictions hold individuals for several days while police officers investigate the incident and prosecutors decide whether to press criminal charges. This pre-arraignment detention can both preserve public safety and reduce the need for officers to seek out and re-arrest individuals who are ultimately charged with a crime. Such detention, however, also comes at a high social and financial cost to those who are never charged but still incarcerated. In one of the first large-scale empirical analyses of pre-arraignment detention, we examine police reports and charging decisions for approximately 30,000 felony arrests in a major American city between 2012 and 2017. We find that 45% of arrested individuals are never charged for any crime but still typically spend one or more nights in jail before being released. In an effort to reduce such incarceration, we develop a statistical model to help prosecutors identify cases soon after arrest that are likely to be ultimately dismissed. By carrying out an early review of five such candidate cases per day, we estimate that prosecutors could potentially reduce pre-arraignment incarceration for ultimately dismissed cases by 35%. To facilitate implementation and transparency, our model to prioritize cases for early review is designed as a simple, weighted checklist. We show that this heuristic strategy achieves comparable performance to traditional, black-box machine learning models.",87.5909090909091,155.04430902886364,-0.5455918351389558,-0.3026844230856716,Bottom 50%
TrolleyMod v1.0: An Open-Source Simulation and Data-Collection Platform for Ethical Decision Making in Autonomous Vehicles,"Vahid Behzadan, J. Minton, Arslan Munir",2018,"AAAI/ACM Conference on AI, Ethics, and Society",10.1145/3306618.3314239,https://www.semanticscholar.org/paper/6a1db030113f1511e6e4bc0aab367b5c8b9832b7,3,6a1db030113f1511e6e4bc0aab367b5c8b9832b7,"This paper presents TrolleyMod v1.0, an open-source platform based on the CARLA simulator for the collection of ethical decision-making data for autonomous vehicles. This platform is designed to facilitate experiments aiming to observe and record human decisions and actions in high-fidelity simulations of ethical dilemmas that occur in the context of driving. Targeting experiments in the class of trolley problems, TrolleyMod provides a seamless approach to creating new experimental settings and environments with the realistic physics-engine and the high-quality graphical capabilities of CARLA and the Unreal Engine. Also, TrolleyMod provides a straightforward interface between the CARLA environment and Python to enable the implementation of custom controllers, such as deep reinforcement learning agents. The results of such experiments can be used for sociological analyses, as well as the training and tuning of value-aligned autonomous vehicles based on social values that are inferred from observations.",90.46774193548389,228.93937330061112,-0.382056352624996,-0.3026844230856716,Bottom 50%
SCALES: From Fairness Principles to Constrained Decision-Making,"Sreejith Balakrishnan, Jianxin Bi, Harold Soh",2022,"AAAI/ACM Conference on AI, Ethics, and Society",10.1145/3514094.3534190,https://www.semanticscholar.org/paper/470a76119376f8d8a3b80a65ac69406d79ec0d12,3,470a76119376f8d8a3b80a65ac69406d79ec0d12,"This paper proposes SCALES, a general framework that translates well-established fairness principles into a common representation based on the Constraint Markov Decision Process (CMDP). With the help of causal language, our framework can place constraints on both the procedure of decision making (procedural fairness) as well as the outcomes resulting from decisions (outcome fairness). Specifically, we show that well-known fairness principles can be encoded either as a utility component, a non-causal component, or a causal component in a SCALES-CMDP. We illustrate SCALES using a set of case studies involving a simulated healthcare scenario and the real-world COMPAS dataset. Experiments demonstrate that our framework produces fair policies that embody alternative fairness principles in single-step and sequential decision-making scenarios.",26.925925925925927,39.8625067506353,-0.6002112731042589,-0.3026844230856716,Bottom 50%
Model Debiasing via Gradient-based Explanation on Representation,"Jindi Zhang, Luning Wang, Dan Su, Yongxiang Huang, Caleb Chen Cao, Lei Chen",2023,"AAAI/ACM Conference on AI, Ethics, and Society",10.1145/3600211.3604668,https://www.semanticscholar.org/paper/ae0a7723b43e00890dcbc5f88902d26be699a865,3,ae0a7723b43e00890dcbc5f88902d26be699a865,"Machine learning systems produce biased results towards certain demographic groups, known as the fairness problem. Recent approaches to tackle this problem learn a latent code (i.e., representation) through disentangled representation learning and then discard the latent code dimensions correlated with sensitive attributes (e.g., gender). Nevertheless, these approaches may suffer from incomplete disentanglement and overlook proxy attributes (proxies for sensitive attributes) when processing real-world data, especially for unstructured data, causing performance degradation in fairness and loss of useful information for downstream tasks. In this paper, we propose a novel fairness framework that performs debiasing with regard to both sensitive attributes and proxy attributes, which boosts the prediction performance of downstream task models without complete disentanglement. The main idea is to, first, leverage gradient-based explanation to find two model focuses, 1) one focus for predicting sensitive attributes and 2) the other focus for predicting downstream task labels, and second, use them to perturb the latent code that guides the training of downstream task models towards fairness and utility goals. We show empirically that our framework works with both disentangled and non-disentangled representation learning methods and achieves better fairness-accuracy trade-off on unstructured and structured datasets than previous state-of-the-art approaches.",26.6,45.93699388736063,-0.5137471567658118,-0.3026844230856716,Bottom 50%
REFRESH: Responsible and Efficient Feature Reselection guided by SHAP values,"Shubham Sharma, Sanghamitra Dutta, Emanuele Albini, F. Lécué, D. Magazzeni, M. Veloso",2023,"AAAI/ACM Conference on AI, Ethics, and Society",10.1145/3600211.3604706,https://www.semanticscholar.org/paper/4464838387cf25134a2afe8d1f17dd7c5070a251,3,4464838387cf25134a2afe8d1f17dd7c5070a251,"Feature selection is a crucial step in building machine learning models. This process is often achieved with accuracy as an objective, and can be cumbersome and computationally expensive for large-scale datasets. Several additional model performance characteristics such as fairness and robustness are of importance for model development. As regulations are driving the need for more trustworthy models, deployed models need to be corrected for model characteristics associated with responsible artificial intelligence. When feature selection is done with respect to one model performance characteristic (eg. accuracy), feature selection with secondary model performance characteristics (eg. fairness and robustness) as objectives would require going through the computationally expensive selection process from scratch. In this paper, we introduce the problem of feature reselection, so that features can be selected with respect to secondary model performance characteristics efficiently even after a feature selection process has been done with respect to a primary objective. To address this problem, we propose REFRESH, a method to reselect features so that additional constraints that are desirable towards model performance can be achieved without having to train several new models. REFRESH’s underlying algorithm is a novel technique using SHAP values and correlation analysis that can approximate for the predictions of a model without having to train these models. Empirical evaluations on three datasets, including a large-scale loan defaulting dataset show that REFRESH can help find alternate models with better model characteristics efficiently. We also discuss the need for reselection and REFRESH based on regulation desiderata.",26.6,45.93699388736063,-0.5137471567658118,-0.3026844230856716,Bottom 50%
Effective Enforceability of EU Competition Law Under AI Development Scenarios: a Framework for Anticipatory Governance,"Shi Hua, Haydn Belfield",2023,"AAAI/ACM Conference on AI, Ethics, and Society",10.1145/3600211.3604694,https://www.semanticscholar.org/paper/8ab27e590fccc2a2a1fcd6b820ff3e2d3d36e36e,3,8ab27e590fccc2a2a1fcd6b820ff3e2d3d36e36e,"This paper examines whether competition law enforcement can remain effective under different AI development scenarios over the coming years. Economic and political power has become increasingly concentrated into a few AI companies, such as Big Tech. The growth of generative AI could further reinforce this concentration of power in Big Tech. The market power of these companies, and increasingly their involvement in AI, is a major focus for regulators such as the European Commission. Recent EU antitrust fines on Google alone run in the billions. The dynamism of technology markets such as AI can make it difficult for regulators to take effective action. If AI continues to develop rapidly over the coming years, propelled by the proliferation of generative AI, this ability to effectively enforce antitrust law may be further challenged. To help ensure regulators remain effective, EU competition law has been bolstered by a new tech-tailored, ex ante competition regime. These are likely to be critical tools to shape the market power of Big Tech but are largely untested. Exploring how these regulatory tools can be most effective in governing future AI development is a timely question for regulators, lawyers, companies, and citizens. This paper examines this question by considering the ‘effective enforceability’ of EU competition law and the Digital Markets Act under different AI development scenarios. By ‘effective enforceability’ of EU competition law we mean how well it achieves its policy objectives. We consider four factors: jurisdictional scope, potential loopholes, effectiveness of detection, and ability to remedy/sanction breaches. However, there is significant uncertainty as to how AI will develop in the coming years. Considering this, we propose an analytical framework based on five variables: key inputs, speed of development, AI capability, number of actors, and the nature/relationship of actors. In some of these scenarios, we argue EU competition law would struggle to address the power of the largest AI companies; but in many other scenarios it remains a powerful tool. This is a critical juncture for competition regulators. They stand at the dawn of emerging challenges presented by generative AI. With this paper, we hope to contribute to anticipatory governance at this important intersection of legal governance and technology. Effective and future-proof competition law enforcement is crucial to ensuring this potentially transformative technology has widely distributed benefits, rather than concentrating power in a few hands.",26.6,45.93699388736063,-0.5137471567658118,-0.3026844230856716,Bottom 50%
Learning Fairer Interventions,"Yuzi He, K. Burghardt, Siyi Guo, Kristina Lerman",2022,"AAAI/ACM Conference on AI, Ethics, and Society",10.1145/3514094.3534172,https://www.semanticscholar.org/paper/b04403ee5d4d1e3ddb1921e9a525f19c6b5732dc,2,b04403ee5d4d1e3ddb1921e9a525f19c6b5732dc,"Explicit and implicit bias clouds human judgment, leading to discriminatory treatment of disadvantaged groups. A fundamental goal of automated decisions is to avoid the pitfalls in human judgment by developing decision strategies that can be applied to all protected groups. Improving fairness of interventions via automated decision-inspired methods, however, has been under-utilized. In this paper, we propose a causal framework that learns optimal intervention policies from data subject to novel fairness constraints. We define two measures of treatment bias and infer treatment assignments that minimize the bias against protected groups while optimizing overall outcomes. We demonstrate the existence of trade-offs when balancing fairness and overall benefit; however, allowing preferential treatment of protected groups in certain circumstances (affirmative action) can dramatically improve the overall benefit while also preserving fairness. We apply our framework to data containing outcomes on standardized tests and show how it can be used to design real-world policies that fairly improve academic performance for different geographic areas. Our framework provides a principled way to learn fair treatment policies in real-world settings.",26.925925925925927,39.8625067506353,-0.6252975027850871,-0.3121533608873129,Bottom 50%
Software Malpractice in the Age of AI: A Guide for the Wary Tech Company,Danny Tobey,2018,"AAAI/ACM Conference on AI, Ethics, and Society",10.1145/3278721.3278737,https://www.semanticscholar.org/paper/920a3860c4312fe40ee3d0d957841c4fe536fc2c,2,920a3860c4312fe40ee3d0d957841c4fe536fc2c,"Professional malpractice - the concept of heightened duties for those entrusted with special knowledge and crucial tasks - is rooted in history. And yet, since the dawn of the computer age, courts in the United States have almost universally rejected a theory of software malpractice, declining to hold software engineers to the same professional standards as doctors, lawyers, and engineers. What is changing, however, is the speed at which software based on artificial intelligence technologies is replacing the very professionals already subject to professional liability. Society has already decided (in some cases, millennia ago) that those tasks warrant special accountability; new to the analysis is which human is closest in line to the adverse event. As AI expands, the pressure for courts to go one level up the causal chain in search of human agency and professional accountability will mount. This essay analyzes the case law rejecting software malpractice for clues about where the doctrine might go in the age of AI, then discusses what technology companies can learn from the safety enhancements of doctors, lawyers, and other historic professionals who have adapted to such heightened legal scrutiny for years.",90.46774193548389,228.93937330061112,-0.3864243212517246,-0.3121533608873129,Bottom 50%
Mitigating Voter Attribute Bias for Fair Opinion Aggregation,"Ryosuke Ueda, Koh Takeuchi, H. Kashima",2023,"AAAI/ACM Conference on AI, Ethics, and Society",10.1145/3600211.3604660,https://www.semanticscholar.org/paper/b4a4452049bac78488255296f74bdcab376ca831,2,b4a4452049bac78488255296f74bdcab376ca831,"The aggregation of multiple opinions plays a crucial role in decision-making, such as in hiring and loan review, and in labeling data for supervised learning. Although majority voting and existing opinion aggregation models are effective for simple tasks, they are inappropriate for tasks without objectively true labels in which disagreements may occur. In particular, when voter attributes such as gender or race introduce bias into opinions, the aggregation results may vary depending on the composition of voter attributes. A balanced group of voters is desirable for fair aggregation results but may be difficult to prepare. In this study, we consider methods to achieve fair opinion aggregation based on voter attributes and evaluate the fairness of the aggregated results. To this end, we consider an approach that combines opinion aggregation models such as majority voting and the Dawid and Skene model (D&S model) with fairness options such as sample weighting. To evaluate the fairness of opinion aggregation, probabilistic soft labels are preferred over discrete class labels. First, we address the problem of soft label estimation without considering voter attributes and identify some issues with the D&S model. To address these limitations, we propose a new Soft D&S model with improved accuracy in estimating soft labels. Moreover, we evaluated the fairness of an opinion aggregation model, including Soft D&S, in combination with different fairness options using synthetic and semi-synthetic data. The experimental results suggest that the combination of Soft D&S and data splitting as a fairness option is effective for dense data, whereas weighted majority voting is effective for sparse data. These findings should prove particularly valuable in supporting decision-making by human and machine-learning models with balanced opinion aggregation.",26.6,45.93699388736063,-0.535516104086397,-0.3121533608873129,Bottom 50%
Two-Stage Refugee Resettlement Models: Computational Aspects of the Second Stage,Šimon Schierreich,2025,"AAAI/ACM Conference on AI, Ethics, and Society",10.1609/aies.v7i2.31908,https://www.semanticscholar.org/paper/425a4af16f09a4bbdb72f016b70f096ba3372564,2,425a4af16f09a4bbdb72f016b70f096ba3372564,"I discuss recent progresses in the analysis of computational aspects of two-stage refugee resettlement methods. I pay special attention to the second stage of these models, as it is arguably understudied compared to the first stage. I also discuss some future challenges in this area that need to be resolved before the models can be deployed and used in practice.",0.8040201005025126,2.280081497656951,0.5245338382538063,-0.3121533608873129,Bottom 50%
"Measuring What Matters: Connecting AI Ethics Evaluations to System Attributes, Hazards, and Harms","Shalaleh Rismani, Renee Shelby, Leah Davis, Negar Rostamzadeh, AJung Moon",2025,"Proceedings of the AAAI/ACM Conference on AI, Ethics, and Society",10.1609/aies.v8i3.36706,https://www.semanticscholar.org/paper/7289cd9e446b1ded6006adc1221659b4a11cae0a,2,7289cd9e446b1ded6006adc1221659b4a11cae0a,"Over the past decade, an ecosystem of measures has emerged to evaluate the social and ethical implications of AI systems, largely shaped by high-level ethics principles. These measures are developed and used in fragmented ways, without adequate attention to how they are situated in AI systems. In this paper, we examine how existing measures used in the computing literature map to AI system components, attributes, hazards, and harms. Our analysis draws on a scoping review resulting in nearly 800 measures corresponding to 11 AI ethics principles. We find that most measures focus on four principles – fairness, transparency, privacy, and trust – and primarily assess model or output system components. Few measures account for interactions across system elements, and only a narrow set of hazards is typically considered for each harm type. Many measures are disconnected from where harm is experienced and lack guidance for setting meaningful thresholds. These patterns reveal how current evaluation practices remain fragmented, measuring in pieces rather than capturing how harms emerge across systems. Framing measures with respect to system attributes, hazards, and harms can strengthen regulatory oversight, support actionable practices in industry, and ground future research in systems-level understanding.",0.8040201005025126,2.280081497656951,0.5245338382538063,-0.3121533608873129,Bottom 50%
No Such Thing as Free Brain Time: For a Pigouvian Tax on Attention Capture,"Hamza Belgroun, Franck Michel, Fabien L. Gandon",2025,"Proceedings of the AAAI/ACM Conference on AI, Ethics, and Society",10.1609/aies.v8i1.36555,https://www.semanticscholar.org/paper/a4eddc5383b764585e6b8febb5162b380aef1f7b,2,a4eddc5383b764585e6b8febb5162b380aef1f7b,"In our age of digital platforms, human attention has become a scarce and highly valuable resource, rivalrous, tradable, and increasingly subject to market dynamics. This article explores the commodification of attention within the framework of the attention economy, arguing that attention should be understood as a common good threatened by over-exploitation. Drawing from philosophical, economic, and legal perspectives, we first conceptualize attention not only as an individual cognitive process but as a collective and infrastructural phenomenon susceptible to enclosure by digital intermediaries. We then identify and analyze negative externalities of the attention economy, particularly those stemming from excessive screen time: diminished individual agency, adverse health outcomes, and societal and political harms, including democratic erosion and inequality. These harms are largely unpriced by market actors and constitute a significant market failure. 
In response, among a spectrum of public policy tools ranging from informational campaigns to outright restrictions, we propose a Pigouvian tax on attention capture as a promising regulatory instrument to internalize the externalities and, in particular, the social cost of compulsive digital engagement. Such a tax would incentivize structural changes in platform design while preserving user autonomy. By reclaiming attention as a shared resource vital to human agency, health, and democracy, this article contributes a novel economic and policy lens to the debate on digital regulation. Ultimately, this article advocates for a paradigm shift: from treating attention as a private, monetizable asset to protecting it as a collective resource vital for humanity.",0.8040201005025126,2.280081497656951,0.5245338382538063,-0.3121533608873129,Bottom 50%
Towards Robust Off-Policy Evaluation via Human Inputs,"Harvineet Singh, Shalmali Joshi, F. Doshi-Velez, Himabindu Lakkaraju",2022,"AAAI/ACM Conference on AI, Ethics, and Society",10.1145/3514094.3534198,https://www.semanticscholar.org/paper/4ea1bb6ea80503b27277a57c64757f08cd034688,2,4ea1bb6ea80503b27277a57c64757f08cd034688,"Off-policy Evaluation (OPE) methods are crucial tools for evaluating policies in high-stakes domains such as healthcare, where direct deployment is often infeasible, unethical, or expensive. When deployment environments are expected to undergo changes (that is, dataset shifts), it is important for OPE methods to perform robust evaluation of the policies amidst such changes. Existing approaches consider robustness against a large class of shifts that can arbitrarily change any observable property of the environment. This often results in highly pessimistic estimates of the utilities, thereby invalidating policies that might have been useful in deployment. In this work, we address the aforementioned problem by investigating how domain knowledge can help provide more realistic estimates of the utilities of policies. We leverage human inputs on which aspects of the environments may plausibly change, and adapt the OPE methods to only consider shifts on these aspects. Specifically, we propose a novel framework, Robust OPE (ROPE), which considers shifts on a subset of covariates in the data based on user inputs, and estimates worst-case utility under these shifts. We then develop computationally efficient algorithms for OPE that are robust to the aforementioned shifts for contextual bandits and Markov decision processes. We also theoretically analyze the sample complexity of these algorithms. Extensive experimentation with synthetic and real world datasets from the healthcare domain demonstrates that our approach not only captures realistic dataset shifts accurately, but also results in less pessimistic policy evaluations.",26.925925925925927,39.8625067506353,-0.6252975027850871,-0.3121533608873129,Bottom 50%
What Comes After Harm? Mapping Reparative Actions in AI through Justice Frameworks,"Sijia Xiao, Haodi Zou, Alice Qian Zhang, Deepak Kumar, Hong Shen, Jason I. Hong, Motahhare Eslami",2025,"Proceedings of the AAAI/ACM Conference on AI, Ethics, and Society",10.1609/aies.v8i3.36754,https://www.semanticscholar.org/paper/1a643a6e9338f96c3b5cc3f272bc20c8d91942cd,2,1a643a6e9338f96c3b5cc3f272bc20c8d91942cd,"As Artificial Intelligence (AI) systems are integrated into more aspects of society, they offer new capabilities but also cause a range of harms that are drawing increasing scrutiny. A large body of work in the Responsible AI community has focused on identifying and auditing these harms. However, much less is understood about what happens after harm occurs: what constitutes reparation, who initiates it, and how effective these reparations are. In this paper, we develop a taxonomy of AI harm reparation based on a thematic analysis of real-world incidents. The taxonomy organizes reparative actions into four overarching goals: acknowledging harm, attributing responsibility, providing remedies, and enabling systemic change. We apply this framework to a dataset of 1,060 AI-related incidents, analyzing the prevalence of each action and the distribution of stakeholder involvement. Our findings show that reparation efforts are concentrated in early, symbolic stages, with limited actions toward accountability or structural reform. Drawing on theories of justice, we argue that existing responses fall short of delivering meaningful redress. This work contributes a foundation for advancing more accountable and reparative approaches to Responsible AI.",0.8040201005025126,2.280081497656951,0.5245338382538063,-0.3121533608873129,Bottom 50%
Dynamic Fleet Management and Household Feedback for Garbage Collection,M. Aleksandrov,2022,"AAAI/ACM Conference on AI, Ethics, and Society",10.1145/3514094.3534152,https://www.semanticscholar.org/paper/90ef5f7cd5e127aa53739ca19e6ec889192a50a1,2,90ef5f7cd5e127aa53739ca19e6ec889192a50a1,"We propose a solution for intelligent household garbage collection in smart cities. Garbage containers are assumed to be digitalized with Internet-of-Things sensors that are capable of sensing the fill levels of containers and transmitting this data through LoRaWAN networks to a central server. Data is used for dynamic fleet management and household feedback. We give a number of algorithms for these tasks. Fleet management requires scheduling containers for collections and assigning containers to trucks, as well as routing the trucks. Drivers receive such navigations via pervasive computing devices such as tablets, phones, or watches. Household feedback consists of information about the levels of generated garbage and the associated costs. Households receive this information on their home devices. Thus, unlike present solutions, our solution involves households in the intelligent collection of their garbage.",26.925925925925927,39.8625067506353,-0.6252975027850871,-0.3121533608873129,Bottom 50%
Action Guidance and AI Alignment,P. Robinson,2023,"AAAI/ACM Conference on AI, Ethics, and Society",10.1145/3600211.3604714,https://www.semanticscholar.org/paper/94f4341b6ece68dc139bfe585426a2a65e44c245,2,94f4341b6ece68dc139bfe585426a2a65e44c245,"I offer a preliminary conceptual framework for evaluating AI alignment projects. It is based on the concept of action guidance. In §1 and §2, I explain action guidance and its importance to AI alignment. I introduce the ‘Guidance Framework’ in §3. In §4, I show how it can be applied to two different sorts of questions: the practical question of how to design a specific AI agent (my example is a fictional ocean-cleaning robot), and the theoretical question of how to evaluate a specific AI alignment proposal (my example is Stuart Russell's ‘binary approach’). In §5 I discuss limitations of the framework and opportunities for further research.",26.6,45.93699388736063,-0.535516104086397,-0.3121533608873129,Bottom 50%
Who Foots the Bill? State-Backed No-Fault Compensation for Experimental Harms in Artificial Intelligence Regulatory Sandboxes,Ha-Chi Tran,2025,"Proceedings of the AAAI/ACM Conference on AI, Ethics, and Society",10.1609/aies.v8i3.36734,https://www.semanticscholar.org/paper/3208f24c332d5f572457c404650719217741cc18,2,3208f24c332d5f572457c404650719217741cc18,"As emerging technologies such as artificial intelligence (AI) outpace existing legal frameworks, regulatory sandboxes have become a key mechanism to reconcile innovation with risk governance by allowing firms to test novel technologies under regulatory oversight with certain temporary legal exemptions. While effective in fostering innovation, these frameworks leave unresolved liability concerns when harm results from compliant experimentation. Existing models place the burden of compensation primarily on participating firms, neglecting the potential role of state-backed liability mechanisms. This paper critically examines the accountability gap in regulatory sandboxes for AI by analyzing the limitations of current compensation frameworks used in leading jurisdictions. It argues that existing sandbox models, which primarily allocate civil and criminal liability to participating firms, are ill-equipped to address the distinct harms posed by AI technologies. These inadequacies arise from legal exemptions that undermine access to fault-based remedies, the technical opacity and distributed agency of AI systems, and the systemic nature of many AI-related harms. To address these challenges, the paper proposes a state-backed no-fault compensation scheme, modeled on Vaccine Injury Compensation Programs (VICPs), to more equitably and effectively distribute liability. This paper argues that the state’s active involvement in sandbox governance renders it a co-responsible actor, warranting shared liability in harm cases. A state-backed no-fault approach would also help overcome the attribution challenges posed by opaque, distributed AI systems, reduce barriers for small and medium-sized enterprises (SMEs) in low- and middle-income countries (LMICs), and strengthen public trust in experimental regulatory regimes.",0.8040201005025126,2.280081497656951,0.5245338382538063,-0.3121533608873129,Bottom 50%
"Same Stereotypes, Different Term? Understanding the “Global South” in AI Ethics","Evani Radiya-Dixit, Angèle Christin",2025,"Proceedings of the AAAI/ACM Conference on AI, Ethics, and Society",10.1609/aies.v8i3.36697,https://www.semanticscholar.org/paper/21033c0cd2b75f759cc850a622bc299950cee211,2,21033c0cd2b75f759cc850a622bc299950cee211,"In recent years, the impact of artificial intelligence (AI) systems on global politics has received growing attention. However, much work remains to understand the connotations, usage, and contradictions of the term ""Global South"" within AI ethics. In this paper, we complicate existing conceptualizations of the ""Global South"" by interviewing 20 AI ethics scholars and practitioners who have engaged with global politics. We find a range of definitions for the ""Global South,"" from geographic regions to places with colonial legacies. We identify four key limitations of the term ""Global South"": (1) its tendency to homogenize countries with diverse political power and technological development, (2) its use as a proxy for underdeveloped in AI innovation and regulation, (3) its implication of technological illiteracy, and (4) its suggestion of unidirectional influence with AI technology marketed from centers to peripheries. The ""Global South"" can thus perpetuate an imperial gaze, similar to the terms ""Third World"" and ""developing countries."" Despite these limitations, many participants we interviewed feel pressured to use the term ""Global South"" due to research and funding structures that reinforce the United States as a center of resources and knowledge production. Ultimately, rather than simply adopting another term that may inherit the same harmful stereotypes, we encourage scholars and practitioners to: (a) ground their work in specific regions and communities, (b) leverage particular analytical frameworks, such as anti-caste theories, when drawing connections across communities, and (c) make deeper changes to build alternative funding structures and foster solidarity among countries at the peripheries.",0.8040201005025126,2.280081497656951,0.5245338382538063,-0.3121533608873129,Bottom 50%
Stress-Testing Bias Mitigation Algorithms to Understand Fairness Vulnerabilities,"Karan Bhanot, Ioana Baldini, Dennis Wei, J. Zeng, Kristin P. Bennett",2023,"AAAI/ACM Conference on AI, Ethics, and Society",10.1145/3600211.3604713,https://www.semanticscholar.org/paper/cab72bb4a0bf3dcd277d613bd4f3a0e733f90193,2,cab72bb4a0bf3dcd277d613bd4f3a0e733f90193,"To address the growing concern of unfairness in Artificial Intelligence (AI), several bias mitigation algorithms have been introduced in prior research. Their capabilities are often evaluated on certain overly-used datasets without rigorously stress-testing them under simultaneous train and test distribution shifts. To address this, we investigate the fairness vulnerabilities of these algorithms across several distribution shift scenarios using synthetic data, to highlight scenarios where these algorithms do and don’t work to encourage their trustworthy use. The paper makes three important contributions. Firstly, we propose a flexible pipeline called the Fairness Auditor to systematically stress-test bias mitigation algorithms using multiple synthetic datasets with shifts. Secondly, we introduce the Deviation Metric for measuring the fairness and utility performance of these algorithms under such shifts. Thirdly, we propose an interactive reporting tool for comparing algorithmic performance across various synthetic datasets, mitigation algorithms and metrics called the Fairness Report.",26.6,45.93699388736063,-0.535516104086397,-0.3121533608873129,Bottom 50%
"Technocultural Pluralism: A ""Clash of Civilizations"" in Technology?",Osonde A. Osoba,2020,"AAAI/ACM Conference on AI, Ethics, and Society",10.1145/3375627.3375834,https://www.semanticscholar.org/paper/d99d13b7798c0c7ebae5160bc0e4f47cd35f40b5,2,d99d13b7798c0c7ebae5160bc0e4f47cd35f40b5,"At the end of the Cold War, the renowned political scientist, Samuel Huntington, argued that future conflicts were more likely to stem from cultural frictions -- ideologies, social norms, and political systems -- rather than political or economic frictions. Huntington focused his concern on the future of geopolitics in a rapidly shrinking world. This paper argues that a similar dynamic is at play in the interaction of technology cultures. We emphasize the role of culture in the evolution of technology and identify the particular role that culture (esp. privacy culture) plays in the development of AI/ML technologies. Then we examine some implications that this perspective brings to the fore.",50.56,77.12710288867332,-0.6296100615900535,-0.3121533608873129,Bottom 50%
The Model Hears You: Audio Language Model Deployments Should Consider the Principle of Least Privilege,"Luxi He, Xiangyu Qi, Michel Liao, Inyoung Cheong, Prateek Mittal, Danqi Chen, Peter Henderson",2025,"Proceedings of the AAAI/ACM Conference on AI, Ethics, and Society",10.1609/aies.v8i2.36625,https://www.semanticscholar.org/paper/e95e8bf90dfb2b5fc1ff401ba5a6ff9764c30c8a,1,e95e8bf90dfb2b5fc1ff401ba5a6ff9764c30c8a,"The latest Audio Language Models (Audio LMs) process speech directly instead of relying on a separate transcription step. This shift preserves detailed information, such as into-
nation or the presence of multiple speakers, that would otherwise be lost in transcription. However, it also introduces new safety risks, including the potential misuse of speaker identity cues and other sensitive vocal attributes, which could have legal implications. In this paper, we urge a closer examination of how these models are built and deployed. Our experiments show that end-to-end modeling, compared with cascaded pipelines, creates socio-technical safety risks such as identity inference, biased decision-making, and emotion detection. This raises concerns about whether Audio LMs store voiceprints and function in ways that create uncertainty under existing legal regimes. We then argue that the Principle of Least Privilege should be considered to guide the development and deployment of these models. Specifically, evaluations should assess (1) the privacy and safety risks associated with end-to-end modeling; and (2) the appropriate scope of information access. Finally, we highlight related gaps in current audio LM benchmarks and identify key open research questions—both technical and policy-related—that must be addressed to enable the responsible deployment of end-to-end Audio LMs.",0.8040201005025126,2.280081497656951,0.0859530239155396,-0.3216222986889541,Bottom 50%
Beauty and the Bias: Exploring the Impact of Attractiveness on Multimodal Large Language Models,"Aditya Gulati, Moreno D'Incà, N. Sebe, Bruno Lepri, Nuria Oliver",2025,"Proceedings of the AAAI/ACM Conference on AI, Ethics, and Society",10.1609/aies.v8i2.36619,https://www.semanticscholar.org/paper/7aeb78240e3e0260aab0795c0b4a599dc18ef75b,1,7aeb78240e3e0260aab0795c0b4a599dc18ef75b,"Physical attractiveness matters. It has been shown to influence human perception and decision-making, often leading to biased judgments that favor those deemed attractive in what is referred to as the ""attractiveness halo effect"". While extensively studied in human judgments in a broad set of domains, including hiring, judicial sentencing or credit granting, the role that attractiveness plays in the assessments and decisions made by multimodal large language models (MLLMs) is unknown. To address this gap, we conduct an empirical study with 7 diverse open-source MLLMs evaluated on 91 socially relevant scenarios and a diverse dataset of 924 face images --corresponding to 462 individuals both with and without beauty filters applied to them. Our analysis reveals that attractiveness impacts the decisions made by MLLMs in 86.2% of the scenarios on average, demonstrating substantial bias in model behavior in what we refer to as an attractiveness bias. Similarly to humans, we find empirical evidence of the existence of the attractiveness halo effect in 94.8% of the relevant scenarios: attractive individuals are more likely to be attributed positive traits, such as trustworthiness or confidence, by MLLMs than unattractive individuals. Furthermore, we uncover gender, age and race biases in a significant portion of the scenarios which are also impacted by attractiveness, particularly in the case of gender, highlighting the intersectional nature of the algorithmic attractiveness bias. Our findings suggest that societal stereotypes and cultural norms intersect with perceptions of attractiveness in MLLMs in a complex manner. Our work emphasizes the need to account for intersectionality in algorithmic bias detection and mitigation efforts and underscores the challenges of addressing biases in modern MLLMs.",0.8040201005025126,2.280081497656951,0.0859530239155396,-0.3216222986889541,Bottom 50%
Known Unknowns and Unknown Unknowns: Designing a Scalable Adverse Event Reporting System for AI,"Lindsey A. Gailmard, Drew Spence, Christie Lawrence, Daniel E. Ho",2025,"Proceedings of the AAAI/ACM Conference on AI, Ethics, and Society",10.1609/aies.v8i2.36607,https://www.semanticscholar.org/paper/ae1276434dc74501a182f57e02d1f54212c747fc,1,ae1276434dc74501a182f57e02d1f54212c747fc,"There continues to be substantial uncertainty surrounding the risks posed by advanced general-purpose or ‘frontier’ AI models. Many risks—like security vulnerabilities, misuse, or ethical failures—are highly context-dependent and may only become apparent post-deployment, limiting the feasibility of developing effective ex ante safeguards like pre-deployment testing and capability evaluations. We argue that adverse event (AE) reporting systems, long-used in sectors like healthcare and transportation, offer a scalable and pragmatic solution to this governance gap. AE reporting systems enable continuous monitoring by collecting structured incident data from developers and downstream users, surfacing emergent risks, and supporting adaptive policy responses—providing a path to move from voluntary and ad hoc ethics frameworks to enforceable regulation. To be effective, however, an AE reporting system for AI must align stakeholders' incentives, scale efficiently, and integrate with government infrastructure. This paper helps bridge the divide between the high-level policy priorities and ground-level developers and users as AE reporting systems start to be built out. We motivate our discussion by identifying key challenges for AI regulation that AE reporting seeks to address.",0.8040201005025126,2.280081497656951,0.0859530239155396,-0.3216222986889541,Bottom 50%
Margins and Opportunity,Shiva Kaul,2018,"AAAI/ACM Conference on AI, Ethics, and Society",10.1145/3278721.3278748,https://www.semanticscholar.org/paper/1963df7d3976a43d176d2478b502297a6d345e01,1,1963df7d3976a43d176d2478b502297a6d345e01,"We use the statistical quantity of margin --- the distance between a decision boundary and a classified point, or the gap between two scores --- to formalize the principle of equal opportunity --- the chance to improve one's outcome, regardless of group status. This leads to a better definition of opportunity which recognizes, for example, that a strongly rejected individual was offered less recourse than a weakly rejected one, despite the shared outcome. It also leads to simpler algorithms, since real-valued margins are easier to analyze and optimize than discrete outcomes. We formalize two ways that a protected group may be guaranteed equal opportunity: (1) (social) mobility: acceptance should be within reach for the group (conversely, the general population shouldn't be cushioned from rejection), and (2) contrast: within the group, good candidates should get substantially higher scores than bad candidates, preventing the so-called 'token' effect. A simple linear classifier seems to offer roughly equal opportunity both experimentally and mathematically.",90.46774193548389,228.93937330061112,-0.3907922898784534,-0.3216222986889541,Bottom 50%
"""Just a Strange Pic"": Rethinking 'Safety' in GenAI Image Safety Annotation Tasks from Diverse Annotators' Perspectives","Ding Wang, Mark Díaz, Charvi Rastogi, A. Davani, Vinodkumar Prabhakaran, Pushkar Mishra, Roma Patel, Alicia Parrish, Zoe Ashwood, M. Paganini, Tian Huey Teh, Verena Rieser, Lora Aroyo",2025,"Proceedings of the AAAI/ACM Conference on AI, Ethics, and Society",10.1609/aies.v8i3.36742,https://www.semanticscholar.org/paper/d6671ed8a14b8883502cc739eb36b08fc25418b4,1,d6671ed8a14b8883502cc739eb36b08fc25418b4,"Understanding what constitutes safety in AI-generated
content is complex. While developers often rely on
predefined taxonomies, real-world safety judgments also
involve personal, social, and cultural perceptions of harm.
This paper examines how annotators evaluate the safety of
AI-generated images, focusing on the qualitative reasoning
behind their judgments. Analyzing 5,372 open-ended
comments, we find that annotators consistently invoke
moral, emotional, and contextual reasoning that extends
beyond structured safety categories. Many reflect on
potential harm to others more than to themselves, grounding
their judgments in lived experience, collective risk, and
sociocultural awareness. Beyond individual perceptions, we
also find that the structure of the task itself--including
annotation guidelines--shapes how annotators interpret and
express harm. Guidelines influence not only which images
are flagged, but also the moral language used in
justifications. Annotators frequently cite factors such as
image quality, visual distortion, and mismatches between
prompt and output as contributing to perceived
harm-dimensions often overlooked in standard evaluation
frameworks. Our findings reveal that existing safety
pipelines miss critical forms of reasoning that annotators
bring to the task. We argue for evaluation designs that
scaffold moral reflection, differentiate types of harm, and
make space for subjective, context-sensitive
interpretations of AI-generated content.",0.8040201005025126,2.280081497656951,0.0859530239155396,-0.3216222986889541,Bottom 50%
Toward a Taxonomy of Algorithmic Harms for Disability: A Systematic Review,"Lining Wang, Vaishnav Kameswaran, Hernisa Kacorri",2025,"Proceedings of the AAAI/ACM Conference on AI, Ethics, and Society",10.1609/aies.v8i3.36745,https://www.semanticscholar.org/paper/71aade18602b2c9b62b69423196c25723f7626d1,1,71aade18602b2c9b62b69423196c25723f7626d1,"Understanding how algorithmic systems reinforce ableist norms, structures, and beliefs can help reduce their harmful impact on disabled people, and inform the development of more inclusive technologies. Recent research has examined the impact of algorithmic systems on disability communities via fairness, structural and methodological lenses. However, most prior work focuses on a particular algorithm system or disability community. We lack a cohesive summary of harm across individual (micro), community (meso), and societal (macro) levels, as well as across different types of algorithmic systems. To bridge this gap, we conducted a systematic review of literature (n=76) from human-computer interaction, accessibility, and responsible AI venues. Applying the taxonomy proposed by Shelby et al., we annotated 175 instances of harm and present a synthesized summary across the original categories of representational, allocative, quality-of-service, interpersonal, and societal harms. Additionally, we identify three patterns of harm specific to the intersection of disability and algorithmic systems. We connect these harms to existing manifestations systemic ableism, concluding with a discussion of challenges and potential pathways toward more equitable algorithmic systems.",0.8040201005025126,2.280081497656951,0.0859530239155396,-0.3216222986889541,Bottom 50%
Judging Instinct Exploitation in Statistical Data Explanations Based on Word Embedding,"Kang Zhang, Hiroaki Shinden, Tatsuki Mutsuro, Einoshin Suzuki",2022,"AAAI/ACM Conference on AI, Ethics, and Society",10.1145/3514094.3534171,https://www.semanticscholar.org/paper/fb55ea303c4328ac052e26d2d247fc0ca8b97c3e,1,fb55ea303c4328ac052e26d2d247fc0ca8b97c3e,"This paper proposes 18 types of statistical data explanations and three kinds of procedures to investigate credibility in unethical and biased explanations due to exploitation of the 10 instincts proposed by Rosling et al. The explanation ""women have lower math scores than men'' accompanied with the averages and the distributions of their scores is an example of such an explanation, as it exploits the gap instinct, i.e., our tendency to divide all kinds of things into two distinct and often conflicting groups. It becomes much less credible if we replace the word ""math'' with ""English'', even if we keep the data as they are, as the exploitation seems to fail. Our judging procedures are based on phrase embedding and carefully designed comparisons to judge the credibility. The results of our experiments comparing the 18 types with their variants show promising results and clues for further developments.",26.925925925925927,39.8625067506353,-0.6503837324659152,-0.3216222986889541,Bottom 50%
A Taxonomy of Questions for Critical Reflection in Machine-Assisted Decision-Making,"Simon W.S. Fischer, Hanna Schraffenberger, Serge Thill, Pim Haselager",2025,"Proceedings of the AAAI/ACM Conference on AI, Ethics, and Society",10.1609/aies.v8i1.36602,https://www.semanticscholar.org/paper/516fba76da6cc8659c09ed63fa969f4254e2d39e,1,516fba76da6cc8659c09ed63fa969f4254e2d39e,"Decision-makers run the risk of relying too much on machine recommendations, which is associated with lower cognitive engagement. Reflection has been shown to increase cognitive engagement and improve critical thinking and therefore decision-making. Questions are a means to stimulate reflection, but there is a research gap regarding the systematic creation and use of relevant questions for machine-assisted decision-making. We therefore present a taxonomy of questions aimed at promoting reflection and cognitive engagement in order to stimulate a deliberate decision-making process. Our taxonomy builds on the Socratic questioning method and a question bank for explainable AI. As a starting point, we focus on clinical decision-making. Brief discussions with two medical and three educational researchers provide feedback on the relevance and expected benefits of our taxonomy. Our work contributes to research on mitigating overreliance in human-AI interactions and aims to support effective human oversight as required by the European AI Act.",0.8040201005025126,2.280081497656951,0.0859530239155396,-0.3216222986889541,Bottom 50%
AI Policy for Whom? Reclaiming Governance from Capitalist Capture,"Petter Ericson, Rachele Carli, Jason Tucker, Virginia Dignum",2025,"Proceedings of the AAAI/ACM Conference on AI, Ethics, and Society",10.1609/aies.v8i1.36594,https://www.semanticscholar.org/paper/dd4c529530a2b60ebc5ec205dbb25a37f2e57b22,1,dd4c529530a2b60ebc5ec205dbb25a37f2e57b22,"Contemporary AI policy is dominated by hegemonic neoliberal ideology, embedding assumptions of individualism, rationality, and market fundamentalism into its regulatory frameworks. This is evident in major policy efforts (e.g., the EU AI Act or the OECD principles) which prioritize economic growth and innovation over justice, equity, and collective welfare, and in the current policy landscape that favors market incentives and private sector leadership while sidelining democratic control and structural critique. This paper questions these prevailing paradigms and exposes how they reflect and reinforce capitalist power structures through corporate lobbying, the pursuit of specific kinds of AI models motivated primarily by usefulness to capital, and the externalization of social and environmental costs. We argue that effective AI governance must confront, rather than accommodate, capitalist interests. Drawing on legal and political theory, we propose an explicitly anti-capitalist approach to AI policy, that centers on social well-being, redistributive justice, and democratic control over technological infrastructures. In doing so, we outline essential counter-balancing policy approaches to reclaim AI governance from capitalistic capture and advance just and sustainable technology futures.",0.8040201005025126,2.280081497656951,0.0859530239155396,-0.3216222986889541,Bottom 50%
Automating Data Governance with Generative AI,"Linus W. Dietz, Arif Wider, Simon Harrer",2025,"Proceedings of the AAAI/ACM Conference on AI, Ethics, and Society",10.1609/aies.v8i1.36587,https://www.semanticscholar.org/paper/76e5b0a2e2909758a7e0ec67f63b9ea80686c70c,1,76e5b0a2e2909758a7e0ec67f63b9ea80686c70c,"The exchange of data within and between organizations is governed by company policies and data protection laws. As policies and data flows change over time, maintaining compliance in data exchange poses a complex challenge. In federated data architectures, validating data access requests is both critical and labor-intensive. To formalize this task and enable automatic compliance checks, rule-based constraint languages can be used. However, access constraints often come from legal texts, and translating them into formal data contracts is tedious, repetitive, and prone to error. This can lead to inconsistencies and delays in staying compliant with evolving regulations. To address this, we developed Governance AI, a tool based on a large language model (LLM) that evaluates data access requests by considering relevant policies, the type of data, and the request's context. To test our approach at scale, we built an access request generator and a testing framework for computational data governance. In our evaluation of 110 access requests from two business domains, e-commerce and life insurance, we found that LLM-generated test cases were highly realistic and effective for comprehensive testing. Governance AI demonstrated a stricter approach than human experts, issuing a higher number of warnings and consistently flagging all critical cases where experts raised data sharing concerns. While the tool generated 3.6 times more warnings than human experts, further review showed that 80% of these were accurate. Our findings contribute to the automation of data governance by critically assessing the potential of generative AI in evaluating data access requests regarding legislation and internal policies.",0.8040201005025126,2.280081497656951,0.0859530239155396,-0.3216222986889541,Bottom 50%
Algorithmic Fairness Beyond Legally Protected Groups and When Group Labels Are Unknown,"Abdoul Jalil D. Mahamadou, J. W. Gichoya, Artem A. Trotsyuk",2025,"Proceedings of the AAAI/ACM Conference on AI, Ethics, and Society",10.1609/aies.v8i1.36582,https://www.semanticscholar.org/paper/96227a24648f7715be1e8216e22c4202636ac3a6,1,96227a24648f7715be1e8216e22c4202636ac3a6,"The algorithmic fairness literature has focused on defin-ing fairness group labels based on legally protected groups. This assumes that populations at risk of unfairness are known and that equity for these groups translates to broader fairness. However, these risks missing emerging or context-specific at-risk populations. We illustrate this through a review of 73 fairness in healthcare AI studies published between 2020 and 2024, as well as three case studies conducted at Stanford Health Care. The review re-veals disproportionate use of protected characteristics (90%), socioeconomic factors (19%), clinical factors (14%), and system and institutional factors (5%) as group labels. Through the case studies, we show how stakeholder engagement in ethical AI assessment, primarily designed to surface value conflicts, helps identify case-specific vulnerable populations that can inform fairness interven-tions. This study shows the need to expand fairness group label definitions to include a broader range of context-informed attributes. Doing so can help ensure that bias mitigation strategies are better grounded in real-world so-cial contexts, leading to more context-aware definitions of harm and equity.",0.8040201005025126,2.280081497656951,0.0859530239155396,-0.3216222986889541,Bottom 50%
Agents Without Agency: Anthropological and Sociological Lessons for Contemporary AI Research and Policy,"Greta Timaite, Michael Castelle",2025,"Proceedings of the AAAI/ACM Conference on AI, Ethics, and Society",10.1609/aies.v8i3.36733,https://www.semanticscholar.org/paper/76739102696688ddceaf7782fbefb7478a8d246d,1,76739102696688ddceaf7782fbefb7478a8d246d,"Recent hype about artificial neural network-based agents, fomented by tech corporations and AI startups and increasingly parroted by public sector actors and even critics, is premised on the idea that large deep learning models can act more and more autonomously --- with minimal or no human supervision --- and/or with ``increasing agency''. In this paper, we contest the assumption --- embedded in decades of research on the topic of agency in various AI subfields --- that agency should be understood purely as a property of an individual. To challenge these claims, we will combine a historical analysis of past AI research with evidence from social-scientific scholarship, specifically from empirically-grounded sociological theory and linguistic anthropology, to make a case for a conception of agency that is ontologically relational and inextricable from social accountability. ``Agency'' is thus revealed as not a locatable and/or quantifiable property of an individual subject, but as a determination emerging from social interactions, whose status can dynamically vary with the observer and/or the accompanying sociotechnical (and/or legal) context. This perspective can a) illustrate the potential incentive to convince the public of the ``agentic'' status of AI models, which can defer accountability and blame away from corporations and/or developers and onto instances of opaque neural network architectures; and b) provide empirical grounding for the regulatory ``social licensing'' of purported agentic models.",0.8040201005025126,2.280081497656951,0.0859530239155396,-0.3216222986889541,Bottom 50%
Reflective Agency: Ethical and Empirical Framework for AI-Mediated Self-Reflection Systems,"Minsol Kim, Wendy Wang, Jennifer M. Long, Rosalind W. Picard, Nathan Barczi, Pattie Maes",2025,"Proceedings of the AAAI/ACM Conference on AI, Ethics, and Society",10.1609/aies.v8i2.36644,https://www.semanticscholar.org/paper/a63262464366f7c5a6af78c2308cbd6810176f75,1,a63262464366f7c5a6af78c2308cbd6810176f75,"As artificial intelligence (AI) increasingly mediates self-reflective practices—from therapeutic conversational agents to personal informatics systems—it becomes crucial to examine how these technologies shape, rather than merely support, our self-understanding. This paper investigates the influence of AI-mediated journaling systems on Reflective Agency—the capacity to interpret and make meaning of one’s experiences autonomously. Drawing on phenomenology and Aristotelian virtue ethics, we propose the Reflective Agency Framework (RAF): a normative model with five design principles for such AI tools—Internal Origination, Calibrated Responsiveness, Reflective Ambiguity, Transparency of Mediation, and Self-Continuity and Ethical Flourishing.

We demonstrate RAF’s relevance through a two-part empirical case study: first, a systematic feature-tension analysis of six widely used AI-mediated journaling applications; second, an exploration of user perceptions and responses to these tensions and principles. Mapping these insights back to RAF, we identify persistent conflicts between automation and autonomy and offer design considerations that preserve the interpretive space essential for self-development. Our findings reveal that over-automation in AI-mediated reflection can erode agency. We urge designers and researchers to adopt and extend our framework to ensure future technologies genuinely support autonomy and meaningful self-discovery in digital well-being. Ultimately, we envision AI not as a guide, but as a quiet companion—helping individuals stay connected to their evolving sense of self and remain the primary agents in their self-discovery, thereby preserving what we define as Reflective Agency.",0.8040201005025126,2.280081497656951,0.0859530239155396,-0.3216222986889541,Bottom 50%
Learning from Discriminatory Training Data,"Przemyslaw A. Grabowicz, Nicholas Perello, Kenta Takatsu",2019,"AAAI/ACM Conference on AI, Ethics, and Society",10.1145/3600211.3604710,https://www.semanticscholar.org/paper/f6c6179bf94542391abbc54ffcc438bd8c68889c,1,f6c6179bf94542391abbc54ffcc438bd8c68889c,"Supervised learning systems are trained using historical data and, if the data was tainted by discrimination, they may unintentionally learn to discriminate against protected groups. We propose that fair learning methods, despite training on potentially discriminatory datasets, shall perform well on fair test datasets. Such dataset shifts crystallize application scenarios for specific fair learning methods. For instance, the removal of direct discrimination can be represented as a particular dataset shift problem. For this scenario, we propose a learning method that provably minimizes model error on fair datasets, while blindly training on datasets poisoned with direct additive discrimination. The method is compatible with existing legal systems and provides a solution to the widely discussed issue of protected groups’ intersectionality by striking a balance between the protected groups. Technically, the method applies probabilistic interventions, has causal and counterfactual formulations, and is computationally lightweight — it can be used with any supervised learning model to prevent direct and indirect discrimination via proxies while maximizing model accuracy for business necessity.",87.5909090909091,155.04430902886364,-0.5584913734227356,-0.3216222986889541,Bottom 50%
"""Accessibility people, you go work on that thing of yours over there"": Addressing Disability Inclusion in AI Product Organizations","Sanika Moharana, Cynthia L. Bennett, Erin Buehler, Michael Madaio, Vinita Tibdewal, Shaun K. Kane",2025,"Proceedings of the AAAI/ACM Conference on AI, Ethics, and Society",10.1609/aies.v8i2.36669,https://www.semanticscholar.org/paper/570618892032333d4d7b51859b51f8c5c1be533b,1,570618892032333d4d7b51859b51f8c5c1be533b,"The rapid emergence of generative AI has changed the way
that software is designed, constructed, maintained, and
evaluated. Decisions made when creating AI-powered systems
may impact some users disproportionately, including
vulnerable communities such as people with disabilities. In
this paper, we report on an interview with 25 AI
practitioners across multiple roles (engineering, research,
UX, and responsible AI) about how their work processes and
artifacts may impact end users with disabilities. We found
that practitioners experienced friction triaging problems
at the intersection of responsible AI and accessibility
practices, navigated contradictions between accessibility
and responsible AI guidelines, identified gaps in data
about users with disabilities, and gathered support for
addressing the needs of disabled stakeholders by leveraging
informal volunteer and community groups within their
company. Based on these findings, we offer suggestions for
new resources and process changes to better support people
with disabilities as end users of AI.",0.8040201005025126,2.280081497656951,0.0859530239155396,-0.3216222986889541,Bottom 50%
Alienation in the AI-Driven Workplace,Kate Vredenburgh,2021,"AAAI/ACM Conference on AI, Ethics, and Society",10.1145/3461702.3462520,https://www.semanticscholar.org/paper/0bbf60c4f30e6e08887e5347afd6d234062cd1ae,1,0bbf60c4f30e6e08887e5347afd6d234062cd1ae,"This paper asks whether explanations of one's workplace and economic institutions are valuable in and of themselves. In doing so, it departs from much of the explainability literature in law, computer science, philosophy, and the social sciences, which examine the instrumental values that explainable AI has: explainable systems increase accountability and user trust, or reduce the risk of harm due to increased robustness. Think, however, of how you might feel if you went to your local administrative agency to apply for some benefit, or you were handed down a decision by a judge in a court. Let's stipulate that you know that the decision was just, even though neither the civil servant nor the judge explain to you why the decision was made, and you don't know the relevant rules; you just brought all the information you had about yourself, and hoped for the best. Is such a decision process defective? I argue that such a decision process is defective because it prevents individuals from accessing the normative explanations that are necessary to form an appropriate practical orientation towards their social world. A practical orientation is a reflective stance towards one's social world, which is expressed in one's actions and draws on one's cognitive architecture that allows one to navigate the various social practices and institutions. A practical orientation can range from rejection to silent endorsement, and is the sort of attitude for which there are the right kind of reasons, based in the world's normative character. It also determines how one fills out one's role obligations, and, more broadly, guides one's actions in the relevant institution: a teacher in the American South during the time of enforced racial segregation, for example, might choose where to teach on the basis of her rejection of the segregation of education. To form an appropriate practical orientation, one must have an understanding of the social world's normative character, which required a normative explanation And, since we spend so much of our lives at work and are constrained by economic institutions, we must understand their structure and how they function.",40.458333333333336,35.57475798648673,-1.1091665992027775,-0.3216222986889541,Bottom 50%
Into the Void: Understanding Online Health Information in Low-Web Data Languages,"H. Nigatu, Nuredin Ali Abdelkadir, Fiker Tewelde, Stevie Chancellor, Daricia Wilkinson",2025,"Proceedings of the AAAI/ACM Conference on AI, Ethics, and Society",10.1609/aies.v8i2.36683,https://www.semanticscholar.org/paper/1bc961427b41b144e94ffabc1f024858cfa4e79a,1,1bc961427b41b144e94ffabc1f024858cfa4e79a,"Data voids—areas of the internet where reliable information is scarce or absent—pose significant challenges to online health information seeking, particularly for users operating in low-web data languages. These voids are increasingly encountered not on traditional search engine alone, but on social media platforms, which have gradually morphed into informal search engines for millions of people. In this paper, we introduce the phenomenon of data horizons: a critical boundary where algorithmic structures begin to degrade the relevance and reliability of search results. Unlike the core of a data void, which is often exploited by bad actors to spread misinformation, the event horizon marks the critical space where systemic factors, such as linguistic under-representation, algorithmic amplification, and socio-cultural mismatch, create conditions of informational instability. Focusing on Tigrinya and Amharic as languages of study, we evaluate (1) the common characteristics of search results for health queries, (2) the quality and credibility of health information, and (3) characteristics of search results that diverge from their queries. We find that search results for health queries in low-web data languages may not always be in the language of search and may be dominated by nutritional and religious advice. We show that search results that diverge from their queries in low-resourced languages are due to algorithmic failures, (un)intentional manipulation, or active manipulation by content creators. We use our findings to illustrate how a data horizon manifests under several interacting constraints on information availability.",0.8040201005025126,2.280081497656951,0.0859530239155396,-0.3216222986889541,Bottom 50%
What Are Chatbots’ Stereotypes About? A Data-Driven Analysis of Large Language Models’ Content Associations with Social Categories,"Gandalf Nicolas, Aylin Caliskan",2025,"Proceedings of the AAAI/ACM Conference on AI, Ethics, and Society",10.1609/aies.v8i2.36682,https://www.semanticscholar.org/paper/923cf45627ce31757d56362529a3eb5576b8acc0,1,923cf45627ce31757d56362529a3eb5576b8acc0,"This study introduces a data-driven taxonomy of stereotype
content in contemporary large language models (LLMs). We
prompt ChatGPT 4.5, ChatGPT 3.5, Llama 3, and Mixtral 8x7B,
four recent and powerful LLMs, for the characteristics
associated with 87 social categories (e.g., gender, race,
occupations). We show that these prompts are reliable and
valid, predicting unrelated tasks such as storytelling
about the targets. Using text embeddings and cluster
analyses, we identify 14 dimensions (Ability, Appearance,
Assertiveness, Beliefs, Deviance, Emotion, Family,
Geography, Health, Morality, Occupations, Social
categories, Sociability, and Status) in LLMs’ stereotypes.
This high-dimensional taxonomy reveals both similarities
(e.g., same set of dimensions) and differences (e.g.,
variation in prevalence of content) with human stereotypes.
In addition, we find that highly overlapping taxonomies
emerge from analyses of personal and cultural stereotypes,
as well as across various LLMs. However, again, some
prompts and LLMs differ in how frequently specific
dimensions appear in association with social categories.
Our findings suggest that LLMs’ stereotypes are
high-dimensional and auditing and debiasing would benefit
from considering this complexity to minimize unidentified
harm from reliance in low-dimensional views of bias in LLMs.",0.8040201005025126,2.280081497656951,0.0859530239155396,-0.3216222986889541,Bottom 50%
Disclosure and Evaluation as Fairness Interventions for General-Purpose AI,"Vyoma Raman, Judy Hanwen Shen, Andy K. Zhang, Lindsey A. Gailmard, Rishi Bommasani, Daniel E. Ho, Angelina Wang",2025,"Proceedings of the AAAI/ACM Conference on AI, Ethics, and Society",10.1609/aies.v8i3.36700,https://www.semanticscholar.org/paper/825d86321801db0867bab2a2441d6cb112e9bf79,1,825d86321801db0867bab2a2441d6cb112e9bf79,"As generative models are increasingly deployed across diverse settings, fairness interventions must move beyond model-level risk to address system and society-level risk. This expansion is challenging because general-purpose AI (GPAI) is used widely and potential use cases are often not known in advance. As such, we ask: what fairness-related requirements are feasible when fairness is inherently contextual but we lack context for GPAI? We specifically consider the obligations of two major groups: system providers and system deployers. While system providers are natural candidates for regulatory attention, the current state of AI understanding offers limited insight into how upstream fairness harms translate into downstream impacts. Since usage contexts are unknown and fairness is not universally defined across them, rather than imposing context-agnostic requirements, we instead argue for transparency from providers such as to whom they are serving their models and a better understanding of how model development decisions influence fairness. On the other hand, system deployers are closer to real-world contexts. Even if they still lack comprehensive knowledge of all use cases, they can leverage their proximity to end users to address fairness harms in different ways. Here, we argue they should responsibly share information about users and personalization and conduct rigorous evaluations across different levels of fairness. Overall, instead of focusing on enforcing outputs from each group (e.g., that a model has selection rates that are at least 80% representation of each other), we propose a process-oriented breakdown of obligations between system providers and deployers centered on systematic data collection. This allows us to be specific and concrete about the processes even while the contexts remain unknown. Ultimately, this approach can sharpen how we distribute fairness responsibilities and inform more fluid, context-sensitive interventions as AI continues to advance.",0.8040201005025126,2.280081497656951,0.0859530239155396,-0.3216222986889541,Bottom 50%
Principles and Policy Recommendations for Comprehensive Genetic Data Governance,"V. Ramanan, Ria Vinod, Cole M Williams, Sohini Ramachandran, Suresh Venkatasubramanian",2025,"Proceedings of the AAAI/ACM Conference on AI, Ethics, and Society",10.1609/aies.v8i3.36701,https://www.semanticscholar.org/paper/661a790f1315b2c5920ef0b3cf664e2b94fccd38,1,661a790f1315b2c5920ef0b3cf664e2b94fccd38,"Genetic data collection has become ubiquitous, producing genetic information about health, ancestry, and social traits. However, unregulated use—especially amid evolving scientific understanding—poses serious privacy and discrimination risks. These risks are intensified by advancing AI, particularly multi-modal systems integrating genetic, clinical, behavioral, and environmental data. In this work, we organize the uses of genetic data along four distinct 'pillars', and develop a risk assessment framework that identifies key values any governance system must preserve. In doing so, we draw on current privacy scholarship concerning contextual integrity, data relationality, and the Belmont principle. We apply the framework to four real-world case studies and identify critical gaps in existing regulatory frameworks and specific threats to privacy and personal liberties, particularly through genetic discrimination. Finally, we offer three policy recommendations for genetic data governance that safeguard individual rights in today's under-regulated ecosystem of large-scale genetic data collection and usage.",0.8040201005025126,2.280081497656951,0.0859530239155396,-0.3216222986889541,Bottom 50%
Unravelling Responsible AI: An Umbrella Review,"Gisela Reyes-Cruz, Elvira Perez Vallejos, Pepita Barnard, Eike Schneiders, Marisela Tachiquin, D. Price, Damian Eke, Liz Dowthwaite, Aislinn Gomez Bergin, Virginia Portillo, Joel E. Fischer",2025,"Proceedings of the AAAI/ACM Conference on AI, Ethics, and Society",10.1609/aies.v8i3.36704,https://www.semanticscholar.org/paper/7cba32b219368e42d9d1555fac0934a2dfee9860,1,7cba32b219368e42d9d1555fac0934a2dfee9860,"The term ‘Responsible AI’ (RAI) has become widely adopted in various sectors, including industry, research, and policy, and has also entered general public discourse. There are significant similarities and overlap with terms such as Ethical AI and Responsible AI. As the terminology surrounding AI evolves, it is important to untangle the explicit and implicit meanings of RAI, its relationship with other relevant concepts, and the implications for the AI landscape. This paper examines the ways in which RAI has been defined and described in systematic reviews within academic research between 2013 and early 2024, by conducting an umbrella review. Five main questions are explored in these findings: 1)What is RAI? 2) What are the motivations behind RAI efforts? 3) What is its purpose? 4) What are the terms related to RAI and how they are related? and 5) What are the current challenges and future directions of RAI? This review highlights that despite the potential benefits of AI, there remain risks and concerns surrounding it. This in turn calls for a set of computational and human measures, as well as principles that span from risk mitigation to benefiting humans and addressing social problems. However, RAI is conflated, used interchangeably with, or comprises other terms, and ‘responsible’ and ‘responsibility’ are often used with different connotations. There is also an interesting contradiction between the proliferation of RAI frameworks, and the need for more actionable or operationalisable ones. We discuss the implications of these findings and offer recommendations in light of current challenges and future directions to elucidate the meanings and understandings of RAI.",0.8040201005025126,2.280081497656951,0.0859530239155396,-0.3216222986889541,Bottom 50%
"Co-Producing AI: Toward an Augmented, Participatory Lifecycle","Rashid A. Mushkani, Hugo Berard, Toumadher Ammar, Cassandre Chatonnier, Shin Koseki",2025,"Proceedings of the AAAI/ACM Conference on AI, Ethics, and Society",10.1609/aies.v8i2.36674,https://www.semanticscholar.org/paper/65fcb35ba41a913df88cde99a866e37f7da290e3,1,65fcb35ba41a913df88cde99a866e37f7da290e3,"Despite efforts to mitigate the inherent risks and biases of artificial intelligence (AI) algorithms, these algorithms can disproportionately impact culturally marginalized groups. A range of approaches has been proposed to address or reduce these risks, including the development of ethical guidelines and principles for responsible AI, as well as technical solutions that promote algorithmic fairness. Drawing on design justice, expansive learning theory, and recent empirical work on participatory AI, we argue that mitigating these harms requires a fundamental re‑architecture of the AI production pipeline. This re‑design should center co‑production, diversity, equity, inclusion (DEI), and multidisciplinary collaboration. We introduce an augmented AI lifecycle consisting of five interconnected phases: co‑framing, co‑design, co‑implementation, co‑deployment, and co‑maintenance. The lifecycle is informed by four multidisciplinary workshops and grounded in themes of distributed authority and iterative knowledge exchange. Finally, we relate the proposed lifecycle to several leading ethical frameworks and outline key research questions that remain for scaling participatory governance.",0.8040201005025126,2.280081497656951,0.0859530239155396,-0.3216222986889541,Bottom 50%
The Transparency Dilemma: An Experiment on How AI Disclosures Affect Credibility Perceptions and Engagement Across Topics,"Sophie Morosoli, Emma Van der Goot, Valeria Reséndez, Claes de Vreese, N. Helberger",2025,"Proceedings of the AAAI/ACM Conference on AI, Ethics, and Society",10.1609/aies.v8i2.36671,https://www.semanticscholar.org/paper/59ba02fd5ac93c6f004ea4bc52e358eb2ec2b960,1,59ba02fd5ac93c6f004ea4bc52e358eb2ec2b960,"The media sector's credibility has been under significant
scrutiny due to a rise in misinformation and the advent of
generative AI (Artificial Intelligence) technologies, which
pose a further threat to its credibility. Amid these
challenges, transparency about the use of AI has been
championed as a key solution to restore and promote
credibility. Research reveals mixed reactions regarding the
transparency of AI-generated content. While some studies
indicate that AI-written news might be perceived as more
credible than its human-produced counterparts, others find
that content labelled as AI impacts credibility negatively.
This study clarifies the impact of AI labels on
individuals' credibility perceptions by examining the
influence of different news topics. Does the usage of AI
transparency labels invoke more concern about news
credibility in the context of political news compared to
non-political news? The effectiveness of transparency cues
may be different when it concerns more serious issues, such
as political news, versus less important non-political
news, such as culture. We conducted a 2x2 survey experiment
(N= 207) to investigate the impact of AI disclosures in the
context of political news on individuals’ perceptions of
source credibility, perceived manipulation, and sharing
intentions. Overall, AI as a news source is considered less
credible, no matter the topic, yet the AI label does not
increase feelings of manipulation. When it comes to sharing
intention, this is negatively affected by the AI label, but
only in the case of political news. These findings can help
news organisations and policymakers to develop meaningful
transparency labels.",0.8040201005025126,2.280081497656951,0.0859530239155396,-0.3216222986889541,Bottom 50%
"Responsible AI Practices: Histories, Definitions, Barriers and Future Directions",Lorenn P. Ruster,2025,"Proceedings of the AAAI/ACM Conference on AI, Ethics, and Society",10.1609/aies.v8i3.36708,https://www.semanticscholar.org/paper/db61bda035c3784f2edc0e51927068faa59075e0,1,db61bda035c3784f2edc0e51927068faa59075e0,"Responsibility practices in organizations are not new; they far precede the recent introduction of artificial intelligence (AI). At the same time, how to enact responsible AI in practice is immature and emerging. This paper explores and synthesizes literature on responsible AI practices through technical and sociotechnical lenses. Four common barriers to responsible AI practice are identified: (perceived) neutrality, power to act, modularity and the supply chain metaphor, and organizational culture. When these barriers and the current technical and sociotechnical approaches to responsible AI practices are mapped to a framework for systems intervention in responsible AI, a mismatch is revealed: barriers to enacting responsible AI practices operate across all four leverage zones, but technical approaches do not. Six future directions embracing sociotechnical approaches to responsible AI practice are identified from the literature – design practices, ethics-as-a-service, located accountability practices, Indigenous approaches, integrative approaches and organizational culture approaches. All in all, this work exposes a fundamental mismatch between the systemic nature of responsible AI barriers and the narrow focus of existing technical approaches, advocating for renewed focus on sociotechnical interventions alongside technical ones.",0.8040201005025126,2.280081497656951,0.0859530239155396,-0.3216222986889541,Bottom 50%
An Adaptive Responsible AI Governance Framework for Decentralized Organizations,"K. Meimandi, Anka Reuel, Gabriela Aranguiz-Dias, Hatim Rahama, A. Ayadi, Xavier Boullier, J'er'emy Verdo, Louis Montanie, Mykel J. Kochenderfer",2025,"Proceedings of the AAAI/ACM Conference on AI, Ethics, and Society",10.1609/aies.v8i2.36633,https://www.semanticscholar.org/paper/d3f5d8ee1ce59394da745760344b3dcf06cc43ca,1,d3f5d8ee1ce59394da745760344b3dcf06cc43ca,"This paper examines the assessment challenges of Responsible AI (RAI) governance efforts in globally decentralized organizations through a case study collaboration between a leading research university and a multinational enterprise. While there are many proposed frameworks for RAI, their application in complex organizational settings with distributed decision-making authority remains underexplored. Our RAI assessment, conducted across multiple business units and AI use cases, reveals four key patterns that shape RAI implementation: (1) complex interplay between group-level guidance and local interpretation, (2) challenges translating abstract principles into operational practices, (3) regional and functional variation in implementation approaches, and (4) inconsistent accountability in risk oversight. Based on these findings, we propose an Adaptive RAI Governance (ARGO) Framework that balances central coordination with local autonomy through three interdependent layers: shared foundation standards, central advisory resources, and contextual local implementation. We contribute insights from academic-industry collaboration for RAI assessments, highlighting the importance of modular governance approaches that accommodate organizational complexity while maintaining alignment with responsible AI principles. These lessons offer practical guidance for organizations navigating the transition from RAI principles to operational practice within decentralized structures.",0.8040201005025126,2.280081497656951,0.0859530239155396,-0.3216222986889541,Bottom 50%
Mapping Moral Reasoning in LLMs: A Multi-Dimensional Analysis of Safety Principle Conflicts,Sachit Mahajan,2025,"Proceedings of the AAAI/ACM Conference on AI, Ethics, and Society",10.1609/aies.v8i2.36665,https://www.semanticscholar.org/paper/5f78f054cbbf044d929153bf12bc9ffa8864009f,1,5f78f054cbbf044d929153bf12bc9ffa8864009f,"As large language models (LLMs) are increasingly deployed in sensitive domains such as healthcare, governance, and corporate compliance, understanding their moral reasoning strategies becomes essential for evaluating alignment and social trustworthiness. This paper presents a structured analysis of how open-weight LLMs resolve conflicts between competing safety principles—including public welfare, institutional transparency, and individual rights—using carefully designed ethical dilemmas. Each model response is encoded into an eleven-dimensional normative profile, derived from both semantic similarity to canonical ethical theories and dictionary-based moral cues. A set of quantitative metrics, including entropy, top-alignment ratio, and reasoning density, captures variation in ethical framing, complexity, and safety prioritization across 90 model generations. Statistically significant differences
emerge in reasoning style and moral salience (p < 0.01), while PCA and clustering reveal three recurring behavioral patterns: rule-based, balanced, and pragmatic integration. An ablation study confirms that these clusters persist
without dictionary features (Adjusted Rand Index = 0.475), supporting the robustness of semantic alignment. This work contributes a replicable methodology for the moral profiling of LLMs, offering empirical tools for diagnosing
value conflicts and informing future efforts in AI transparency, contestability, and pluralistic alignment. The findings underscore the need for interpretable metrics and diverse normative baselines in the evaluation of automated decision systems.",0.8040201005025126,2.280081497656951,0.0859530239155396,-0.3216222986889541,Bottom 50%
Anthropomorphism as Social Affordance: Charting the Co-Animation of Chatbots into Social “Agents”,"Takuya Maeda, L. Stark",2025,"Proceedings of the AAAI/ACM Conference on AI, Ethics, and Society",10.1609/aies.v8i2.36664,https://www.semanticscholar.org/paper/afee6c11d3cdf15d52305d8ebfcb5b271255598a,1,afee6c11d3cdf15d52305d8ebfcb5b271255598a,"The mimesis of human traits exhibited by large language
models (LLMs) has led some users to perceive these
technical systems as agentic, capable of achieving
reciprocal and seemingly human-like communication. These
misperceptions have, in turn, been linked to documented
harms in human-AI interactions (HAIs). This conceptual
paper explores current interventions in response to
interaction harms, taking AI companions as an illustrative
example. We analyze documented cases of AI companion
applications that have led to severe harms, including
suicide, illustrating that current redressive approaches
fail to account for the network of distributed human agents
that collectively ""animate"" anthropomorphic features and
encourage some users to regard AI systems as social
""agents."" By framing anthropomorphism as a social
affordance that reproduces a broader distributed process
spanning development, design, user interaction,
socio-cultural contexts, and institutional forces, this
paper demonstrates the necessity for distributed governance
of anthropomorphic AI features across these diverse agentic
forces. We proceed to discuss obstacles to appropriate
governance, including power asymmetries between different
agents, and outline existing models that could be adapted
for more effective interventions.",0.8040201005025126,2.280081497656951,0.0859530239155396,-0.3216222986889541,Bottom 50%
Stochastic Policies in Morally Constrained (C-)SSPs,"Charles Evans, Claire Benn, I. Quintana, Pamela Robinson, S. Thiébaux",2022,"AAAI/ACM Conference on AI, Ethics, and Society",10.1145/3514094.3534193,https://www.semanticscholar.org/paper/2236d490cd4ea95420fea59a93b26740f86322ce,1,2236d490cd4ea95420fea59a93b26740f86322ce,"Stochastic policies often outperform deterministic ones. This is especially true for Constrained Stochastic Shortest Path (C-SSP) problems, a popular approach to planning under uncertainty with multiple objectives. Nevertheless, there are moral concerns about stochastic policies that should deter us from selecting them. In this paper, we identify some of these moral concerns and offer 'acceptability constraints' that allow only certain stochastic policies to be selected. We propose a novel C-SSP solver able to integrate our moral acceptability constraints, we evaluate its performance in a relevant test problem, and we show that our approach can successfully produce acceptable policies in morally significant domains.",26.925925925925927,39.8625067506353,-0.6503837324659152,-0.3216222986889541,Bottom 50%
"Govern with, Not For: Understanding the Stuttering Community’s Preferences and Goals for Speech AI Data Governance in the US and China","Jingjin Li, Peiyao Liu, Rebecca Lietz, Ningjing Tang, N. Su, Shaomei Wu",2025,"Proceedings of the AAAI/ACM Conference on AI, Ethics, and Society",10.1609/aies.v8i2.36654,https://www.semanticscholar.org/paper/ba409da3be97156f68078858549554a15b0579a5,1,ba409da3be97156f68078858549554a15b0579a5,"Current AI datasets are often created without sufficient governance structures to respect the rights and interests of data contributors, raising significant ethical and safety concerns that disengage marginalized communities from contributing their data. Contesting the historical exclusion of marginalized data contributors and the unique vulnerabilities of speech data, this paper presents a disability-centered, community-led approach to AI data governance. More specifically, we examine the stuttering community's preferences and needs around effective stuttered speech data governance for AI purposes. We present empirical insights from interviews with stuttering advocates and surveys with people who stutter in both the U.S. and China. Our findings highlight shared demands for transparency, proactive and continuous communication, and robust privacy and security measures, despite distinct social contexts around stuttering. Our work offers actionable insights for disability-centered AI data governance.",0.8040201005025126,2.280081497656951,0.0859530239155396,-0.3216222986889541,Bottom 50%
Epistemic Destabilization: AI-Driven Knowledge Generation and the Collapse of Validation Systems,Bhavya Singh,2025,"Proceedings of the AAAI/ACM Conference on AI, Ethics, and Society",10.1609/aies.v8i3.36724,https://www.semanticscholar.org/paper/98383bd8de7c413c2148ffe05878bf121e699744,1,98383bd8de7c413c2148ffe05878bf121e699744,"Generative AI has introduced a recursive, high-bandwidth
layer to knowledge production, outpacing the friction
historically supplied by peer review, expert validation, and
institutional gatekeeping. The result is a structural transition
in epistemic infrastructure; it is not a local error: knowledge is
generated, reinforced, and propagated with weaker empirical
anchoring. I term this condition epistemic destabilization.
I model destabilization as the interaction of three
mechanisms: epistemic inflation (oversupply of claims
relative to verification capacity), recursive drift (self-
reinforcing deviation from empirical referents under
synthetic ingestion), and validation fatigue (degradation
of human and institutional validators under overload).
These forces favor symbolic convergence, where syntactic
coherence increasingly substitutes for referential traceability.
I also discuss the political and normative implications of
destabilization institutionally and epistemically.
Collapse is diagnosed by four measurable signals: a
sustained negative resilience gradient R(t); drift divergence
δt exceeding adjudication resolution; validator fatigue Ft
crossing a domain-calibrated threshold; and the formation of
symbolic attractors under recursive feedback.
I provide an operational blueprint: diagnostics (D1–D4),
estimators, observation windows, and domain-calibrated
thresholds, together with preregistered falsification tests. This
article analyzes no new datasets; it supplies a measurement
recipe that enables immediate empirical adjudication in
follow-up work. Illustrative overlays span science, law, and
education.
The contribution reframes epistemic risk in generative AI as
a failure of validation architecture under recursive symbolic
overload, shifting focus from misinformation and alignment
to the formal diagnosis of referential erosion in synthetic
knowledge systems.",0.8040201005025126,2.280081497656951,0.0859530239155396,-0.3216222986889541,Bottom 50%
Investigating Political and Demographic Associations in Large Language Models Through Moral Foundations Theory,"Nicole Smith-Vaniz, Harper Lyon, Lorraine Steigner, Ben Armstrong, Nicholas Mattei",2025,"Proceedings of the AAAI/ACM Conference on AI, Ethics, and Society",10.1609/aies.v8i3.36727,https://www.semanticscholar.org/paper/7424d621d1aa7792d4208d960dd380b46fe72728,1,7424d621d1aa7792d4208d960dd380b46fe72728,"Large Language Models (LLMs) have become increasingly incorporated into everyday life for many internet users, taking on significant roles as advice givers in the domains of medicine, personal relationships, and even legal matters. The importance of these roles raise questions about how and what responses LLMs make in difficult political and moral domains, especially questions about possible biases. To quantify the nature of potential biases in LLMs, various works have applied Moral Foundations Theory (MFT), a framework that categorizes human moral reasoning into five dimensions: Harm, Fairness, Ingroup Loyalty, Authority, and Purity. Previous research has used the MFT to measure differences in human participants along political, national, and cultural lines. While there has been some analysis of the responses of LLM with respect to political stance in role-playing scenarios, no work so far has directly assessed the moral leanings in the LLM responses, nor have they connected LLM outputs with robust human data. In this paper we analyze the distinctions between LLM MFT responses and existing human research directly, investigating whether commonly available LLM responses demonstrate ideological leanings — either through their inherent responses, straightforward representations of political ideologies, or when responding from the perspectives of constructed human personas. We assess whether LLMs inherently generate responses that align more closely with one political ideology over another, and additionally examine how accurately LLMs can represent ideological perspectives through both explicit prompting and demographic-based role-playing. By systematically analyzing LLM behavior across these conditions and experiments, our study provides insight into the extent of political and demographic dependency in AI-generated responses.",0.8040201005025126,2.280081497656951,0.0859530239155396,-0.3216222986889541,Bottom 50%
Accountability Capture: How Record-Keeping to Support AI Transparency and Accountability (Re)shapes Algorithmic Oversight,"S. Chappidi, Jennifer Cobbe, Chris Norval, Anjali Mazumder, Jatinder Singh",2025,"Proceedings of the AAAI/ACM Conference on AI, Ethics, and Society",10.1609/aies.v8i1.36570,https://www.semanticscholar.org/paper/b74ab669bb797e51f9ca403a489ce998f2642739,1,b74ab669bb797e51f9ca403a489ce998f2642739,"Accountability regimes typically encourage record-keeping to enable the transparency that supports oversight, investigation, contestation, and redress. However, implementing such record-keeping can introduce considerations, risks, and consequences, which so far remain under-explored. This paper examines how record-keeping practices bring algorithmic systems within accountability regimes, providing a basis to observe and understand their effects. For this, we introduce, describe, and elaborate ‘accountability capture’ – the re-configuration of socio-technical processes and the associated downstream effects relating to record-keeping for algorithmic accountability. Surveying 100 practitioners, we evidence and characterise record-keeping issues in practice, identifying their alignment with accountability capture. We further document widespread record-keeping practices, tensions between internal and external accountability requirements, and evidence of employee resistance to practices imposed through accountability capture. We discuss these and other effects for surveillance, privacy, and data protection, highlighting considerations for algorithmic accountability communities. In all, we show that implementing record-keeping to support transparency in algorithmic accountability regimes can itself bring wider implications – an issue requiring greater attention from practitioners, researchers, and policymakers alike.",0.8040201005025126,2.280081497656951,0.0859530239155396,-0.3216222986889541,Bottom 50%
"Exporting Autonomy, Importing Dependency: The Geopolitical Work of “Sovereign AI”",Heesoo Jang,2025,"Proceedings of the AAAI/ACM Conference on AI, Ethics, and Society",10.1609/aies.v8i2.36634,https://www.semanticscholar.org/paper/362dad6035aa05b8d3f03984aa8981b7dd51917e,1,362dad6035aa05b8d3f03984aa8981b7dd51917e,"As governments around the world race to build “sovereign
AI” systems, the term has emerged as a rhetorically
powerful yet conceptually ambiguous expression of national
ambition. While it evokes autonomy over artificial
intelligence infrastructure, in practice it often masks
deep dependencies on transnational firms—particularly
U.S.-based companies like NVIDIA. This study critically
examines how sovereignty is strategically sold and
mobilized in global discourse, tracing the term’s diffusion
through news media and analyzing how state and corporate
actors invoke the language of autonomy while remaining
embedded in U.S.-dominated infrastructural hierarchies.
Drawing on critical discourse analysis and infrastructure
studies, the paper shows how sovereignty operates not only
as a policy goal but also as a symbolic strategy that
reframes material reliance as empowerment. The analysis is
based on a comprehensive dataset of all news articles
containing the phrase “sovereign AI” in the Nexis Uni
database as of April 19, 2025, providing a robust
foundation for analyzing the discourse’s global diffusion
and strategic use. Theoretically, the study contributes to
debates on sociotechnical imaginaries, infrastructural
asymmetry, and technonationalism by demonstrating how AI
sovereignty narratives perform geopolitical work:
legitimizing public investment, obscuring structural
dependencies, and rebranding global inequality as
innovation. In doing so, it urges scholars and policymakers
to interrogate the political work that discourse performs
in shaping AI futures—and to ask who benefits when
sovereignty is claimed, and who bears the cost when it is
not realized.",0.8040201005025126,2.280081497656951,0.0859530239155396,-0.3216222986889541,Bottom 50%
AI and the Social Contract,"Chee Hae Chung, Danielle Schiff",2025,"Proceedings of the AAAI/ACM Conference on AI, Ethics, and Society",10.1609/aies.v8i1.36575,https://www.semanticscholar.org/paper/3c09e56962f0c62d0387c67bbe42cc182e605bc1,1,3c09e56962f0c62d0387c67bbe42cc182e605bc1,"As artificial intelligence (AI) systems increasingly shape public governance, they challenge foundational principles of political legitimacy. This paper evaluates AI governance against five canonical social contract theories—Hobbes, Locke, Rousseau, Rawls, and Nozick—while examining how structural features of AI strain these theories’ durability. Using a structured comparative framework, the study applies three forms of legitimacy (procedural, moral-substantive, and recognitional) and three types of consent (explicit, tacit, and hypothetical) as normative benchmarks. Applying each theory, the analysis finds AI governance is marked by deficits in accountability, participation, rights protection, fairness, and freedom from coercion, while AI’s opacity, global influence, and hybrid public-private control reveal blind spots within the social contract tradition itself. Though no single theory offers a complete solution and each contains specific weaknesses, the paper develops a hybrid model integrating Hobbesian accountability, Lockean rights protections, Rousseauian participation norms, Rawlsian fairness, and Nozickian safeguards against coercion. The paper concludes by distilling normative priorities for aligning governance with these hybrid contractarian standards: embedding participatory mechanisms, encouraging pluralistic ethical perspectives, ensuring institutional transparency, and strengthening democratic oversight. These interventions aim to reconfigure the social contract—and AI—for an era in which algorithmic systems increasingly mediate the exercise of political authority.",0.8040201005025126,2.280081497656951,0.0859530239155396,-0.3216222986889541,Bottom 50%
Perceived Risks and Benefits of Disclosing ADHD to AI-based Educational Technologies: Semi-structured Interviews,"Oriane Pierrès, Alireza Darvishy, Markus Christen",2025,"Proceedings of the AAAI/ACM Conference on AI, Ethics, and Society",10.1609/aies.v8i3.36693,https://www.semanticscholar.org/paper/5f4e718f6118374c01b6fe5cc4d6f3236da38cdb,1,5f4e718f6118374c01b6fe5cc4d6f3236da38cdb,"This study explores how students with attention deficit and hyperactivity disorder (ADHD) perceive disclosing their condition in the context of AI-based educational technologies (AI EdTech). While disclosure may enable personalization and inclusivity, it also raises concerns about privacy, re-identification, and pressure to disclose. To understand these trade-offs, we conducted 20 semi-structured interviews with students with ADHD. Participants generally viewed AI tutors more favorably than early warning systems, which were seen as more prone to stigmatization. Willingness to disclose ADHD was greater among those who had already informed their university and was influenced by who could access the data. Participants emphasized the need for user control, including selective data sharing with lecturers. Our findings offer guidance for designing inclusive AI EdTech that supports students while safeguarding their privacy.",0.8040201005025126,2.280081497656951,0.0859530239155396,-0.3216222986889541,Bottom 50%
Misplaced Capabilities: Evaluating the Risks of Anthropomorphism in Human-AI Interactions,Takuya Maeda,2025,"AAAI/ACM Conference on AI, Ethics, and Society",10.1609/aies.v7i2.31903,https://www.semanticscholar.org/paper/475b28f00bdfd23f22721148eee721bf5d08f9a2,1,475b28f00bdfd23f22721148eee721bf5d08f9a2,"The present research examines anthropomorphism, or human-like features, in conversational AI systems as a design element that facilitates human-AI interactions. The paper outlines how these human-like features intersect with user perceptions in ways that can co-create misplaced trust, and it explores ways to de-anthropomorphize AI systems. Using role-based prompts to elicit different anthropomorphic features within chatbot language and design, the study identifies and categorizes different types of anthropomorphism exhibited by large language models (LLMs), a necessary step towards evaluating the appropriate use of such features in technical systems. The role-based prompting process also provides a way to explore the stability of LLM responses. Ultimately, the paper explores how this approach could be incorporated into user studies to understand users' motivations, and it discusses the need for design interventions that can mitigate harms and biases hidden in human-AI interactions.",0.8040201005025126,2.280081497656951,0.0859530239155396,-0.3216222986889541,Bottom 50%
Uncovering Gender Biases in Human-AI Platforms,Siddharth D. Jaiswal,2025,"AAAI/ACM Conference on AI, Ethics, and Society",10.1609/aies.v7i2.31898,https://www.semanticscholar.org/paper/d732d9bcee416d31179bcccdcb3e5e8287c0064d,1,d732d9bcee416d31179bcccdcb3e5e8287c0064d,"As part of my PhD studies, I am focusing on the broad problem of gender related biases in Human-AI systems, making a three-fold contribution to every part of the Responsible AI pipeline-- (i) Adversarial Audits in different human-AI platforms to identify biases against binary & non-binary gender groups, (ii) Novel gender-inclusive datasets and (iii) Low-resource bias mitigation algorithms. The Human-AI systems that I am studying as part of my PhD thesis are-- (a) Face Recognition Systems (FRSs), (b) e-commerce platforms, (c) text-based gender analyzers and (d) Vision Language Models (VLMs). My thesis is divided into three parts-- (i) Adversarial audit of FRSs for binary genders, (ii) Data-centric and model-centric bias mitigation in FRSs for binary genders, and (iii) Audit of non-binary gender bias in other Human-AI systems-- visual-search enabled e-commerce, text-based gender analyzers and VLMs.",0.8040201005025126,2.280081497656951,0.0859530239155396,-0.3216222986889541,Bottom 50%
Trust Formation in Healthcare AI: An Exploration of Older Adults’ Perspectives,"Önder Çelik, Marlene Kulla, Justyna Stypinska",2025,"Proceedings of the AAAI/ACM Conference on AI, Ethics, and Society",10.1609/aies.v8i1.36566,https://www.semanticscholar.org/paper/fedceb502fc2069f5f61eefc79d6f869a404a8bc,1,fedceb502fc2069f5f61eefc79d6f869a404a8bc,"As artificial intelligence increasingly shapes healthcare
systems, understanding how older adults—who interact with
healthcare services more often and face particular
difficulties—develop trust in these technologies becomes
crucial. While the AIES community has previously examined
AI’s social implications across dimensions like gender and
race, age remains an understudied axis of analysis. Through
a participatory workshop with older adults in Germany, this
paper investigates two central questions: (1) How do older
adults perceive and experience trust in AI-driven
healthcare technologies? (2) What are the key factors that
shape trust in AI healthcare technologies among older
adults? Our findings reveal that while older people trust
certain abilities of AI systems, like medical image
analysis, there is a strong emphasis on the necessity of
human supervision to trust in these systems. Key trust
factors elicited by our study are transparency about
training data demographics and algorithmic decision-making
processes. More importantly, a gradual exposure to AI
systems in non-critical settings, prior positive experience
with technology, and cultural context—particularly trust in
locally developed systems with clear accountability
measures and robust regulatory oversight are key elements
in trust formation among older adults. This study offers
contextualized insights to guide the equitable,
community-driven design, deployment, and governance of AI
healthcare technologies, aiming to better serve older
populations. By centering inclusivity in technology
development and advancing trustworthy AI systems, this work
contributes to ethical, effective healthcare solutions
tailored to the needs of aging communities.",0.8040201005025126,2.280081497656951,0.0859530239155396,-0.3216222986889541,Bottom 50%
Demographic-Agnostic Fairness without Harm,"Zhongteng Cai, Mohammad Mahdi Khalili, Xueru Zhang",2025,"Proceedings of the AAAI/ACM Conference on AI, Ethics, and Society",10.1609/aies.v8i1.36565,https://www.semanticscholar.org/paper/db02cbc1af14eab23cae3046ce2d4a9930196d5f,1,db02cbc1af14eab23cae3046ce2d4a9930196d5f,"As machine learning (ML) algorithms are increasingly used
in social domains to make predictions about humans, there
is a growing concern that these algorithms may exhibit
biases against certain social groups. Numerous notions of
fairness have been proposed in the literature to measure
the unfairness of ML. Among them, one class that receives
the most attention is parity-based, i.e., achieving
fairness by equalizing treatment or outcomes for different
social groups. However, achieving parity-based fairness
often comes at the cost of lowering model accuracy and is
undesirable for many high-stakes domains like healthcare.
To avoid inferior accuracy, a line of research focuses on
preference-based fairness, under which any group of
individuals would experience the highest accuracy and
collectively prefer the ML outcomes assigned to them if
they were given the choice between various sets of
outcomes. However, these works assume individual
demographic information is known and fully accessible
during training. In this paper, we relax this requirement
and propose a novel demographic-agnostic fairness without
harm (DAFH) optimization algorithm, which jointly learns a
group classifier that partitions the population into
multiple groups and a set of decoupled classifiers
associated with these groups. Theoretically, we conduct
sample complexity analysis and show that our method can
outperform the baselines when demographic information is
known and used to train decoupled classifiers. Experiments
on both synthetic and real data validate the proposed
method.",0.8040201005025126,2.280081497656951,0.0859530239155396,-0.3216222986889541,Bottom 50%
Achievement and Fragility of Long-term Equitability,"Andrea Simonetto, Ivano Notarnicola",2022,"AAAI/ACM Conference on AI, Ethics, and Society",10.1145/3514094.3534132,https://www.semanticscholar.org/paper/5d17ee97bc6d69f85b2a442b85b5176eea6cb19a,1,5d17ee97bc6d69f85b2a442b85b5176eea6cb19a,"Equipping current decision-making tools with notions of fairness, equitability, or other ethically motivated outcomes, is one of the top priorities in recent research efforts in machine learning, AI, and optimization. In this paper, we investigate how to allocate limited resources to locally interacting communities in a way to maximize a pertinent notion of equitability. In particular, we look at the dynamic setting where the allocation is repeated across multiple periods (e.g., yearly), the local communities evolve in the meantime (driven by the provided allocation), and the allocations are modulated by feedback coming from the communities themselves. We employ recent mathematical tools stemming from data-driven feedback online optimization, by which communities can learn their (possibly unknown) evolution, satisfaction, as well as they can share information with the deciding bodies. We design dynamic policies that converge to an allocation that maximize equitability in the long term. We further demonstrate our model and methodology with realistic examples of healthcare and education subsidies design in Sub-Saharian countries. One of the key empirical takeaways from our setting is that long-term equitability is fragile, in the sense that it can be easily lost when deciding bodies weigh in other factors (e.g., equality in allocation) in the allocation strategy. Moreover, a naive compromise, while not providing significant advantage to the communities, can promote inequality in social outcomes.",26.925925925925927,39.8625067506353,-0.6503837324659152,-0.3216222986889541,Bottom 50%
Regulating Lethal and Harmful Autonomy: Drafting a Protocol VI of the Convention on Certain Conventional Weapons,Sean Welsh,2019,"AAAI/ACM Conference on AI, Ethics, and Society",10.1145/3306618.3314295,https://www.semanticscholar.org/paper/b12132ccacd1fec4465433f83230bb3c7ed7d8db,1,b12132ccacd1fec4465433f83230bb3c7ed7d8db,"This short paper provides two partial drafts for a Protocol VI that might be added to the existing five Protocols of the Convention on Certain Conventional Weapons (CCW) to regulate ""lethal autonomous weapons systems"" (LAWS). Draft A sets the line of tolerance at a ""human in the loop"" between the critical functions of select and engage. Draft B sets the line of tolerance at a human in the ""wider loop"" that includes the critical function of defining target classes as well as select and engage. Draft A represents an interpretation of what NGOs such as the Campaign to Stop Killer Robots are seeking to get enacted. Draft B is a more cautious draft based on the Dutch concept of ""meaningful human control in the wider loop"" that does not seek to ban any system that currently exists. Such a draft may be more likely to achieve the consensus required by the UN CCW process. A list of weapons banned by both drafts is provided along with the rationale for each draft. The drafts are intended to stimulate debate on the precise form a binding instrument on LAWS would take and on what LAWS (if any) should be banned and why.",87.5909090909091,155.04430902886364,-0.5584913734227356,-0.3216222986889541,Bottom 50%
Adaptive Adversarial Training Does Not Increase Recourse Costs,"Ian Hardy, Jayanth Yetukuri, Yang Liu",2023,"AAAI/ACM Conference on AI, Ethics, and Society",10.1145/3600211.3604704,https://www.semanticscholar.org/paper/db59e7dc5980cc09f073248b1c6ec2c96d7a2635,1,db59e7dc5980cc09f073248b1c6ec2c96d7a2635,"Recent work has connected adversarial attack methods and algorithmic recourse methods: both seek minimal changes to an input instance which alter a model’s classification decision. It has been shown that traditional adversarial training, which seeks to minimize a classifier’s susceptibility to malicious perturbations, increases the cost of generated recourse; with larger adversarial training radii correlating with higher recourse costs. From the perspective of algorithmic recourse, however, the appropriate adversarial training radius has always been unknown. Another recent line of work has motivated adversarial training with adaptive training radii to address the issue of instance-wise variable adversarial vulnerability, showing success in domains with unknown attack radii. This work studies the effects of adaptive adversarial training on algorithmic recourse costs. We establish that the improvements in model robustness induced by adaptive adversarial training show little effect on algorithmic recourse costs, providing a potential avenue for affordable robustness in domains where recoursability is critical.",26.6,45.93699388736063,-0.5572850514069824,-0.3216222986889541,Bottom 50%
"Toward an Ethic of Synthetic Relationality: Identity, Intimacy, and Risk in AI-Mediated Roleplay Environments",Maalvika Bhat,2025,"Proceedings of the AAAI/ACM Conference on AI, Ethics, and Society",10.1609/aies.v8i1.36560,https://www.semanticscholar.org/paper/b38f87228e9f8e8c6c1289042adf8e7d62f0b749,1,b38f87228e9f8e8c6c1289042adf8e7d62f0b749,"Platforms like Character.AI offer new avenues for identity exploration and self-expression, but also introduce profound parasocial, socioemotional, and psychological risks. Drawing on developmental psychology, fan studies, human-computer interaction, and AI ethics, this paper examines how AI-mediated roleplay environments simulate intimacy while fostering dependency, boundary erosion, and perceptual misalignment. Through thematic analysis of an anonymous survey (N=344) of Character.AI users, we identify patterns of identity projection, perceived relationship growth, addictive engagement, boundary confusion, emotional substitution, ethical dissonance, and trauma reenactment. Beyond documenting vulnerabilities, we propose design interventions, including dynamic consent scaffolding, reflexivity prompts, and interactional transparency, to safeguard user agency and developmental wellbeing. We argue that synthetic companions do not merely extend fan practices but fundamentally reconfigure interpersonal architectures, demanding a new ethic of synthetic relationality. As AI-driven intimacy becomes increasingly persuasive and immersive, addressing its high-stakes implications is critical to responsible AI design, particularly for younger and vulnerable populations.",0.8040201005025126,2.280081497656951,0.0859530239155396,-0.3216222986889541,Bottom 50%
Against AI Jurisprudence: Large Language Models and the False Promises of Empirical Judging,"Dasha Pruss, Jessie Allen",2025,"Proceedings of the AAAI/ACM Conference on AI, Ethics, and Society",10.1609/aies.v8i3.36695,https://www.semanticscholar.org/paper/6ff922a4fe5a3dc47b8e6b494e0e93cabb3dbd5c,1,6ff922a4fe5a3dc47b8e6b494e0e93cabb3dbd5c,"As hype around the transformative effects of large language models (LLMs) has taken center stage in popular culture, some judges and legal scholars have suggested that LLMs have the potential to improve the objectivity of judicial decision-making. Proponents argue that using LLMs to find empirical ‘evidence’ of legal text’s meaning can reduce the role of judges’ subjective choices, ensuring that judicial rulings faithfully reflect the people’s understanding of legal rules, and grounding legal interpretation in a sophisticated empirical investigation of real language use in social context. To the contrary, we argue that LLM jurisprudence underscores the discretionary decisions required to infer ordinary meaning; highlights the inescapable reality that the meaning and application of legal terms is inherently normative; and demonstrates the lack of democratic legitimacy of crowdsourcing
legal meaning. We argue that the feature of LLMs that makes them so seductive for legal interpretation – their potential ability to approximate ‘ordinary’ people’s understanding
of legal text – reveals the political illegitimacy of empirical judging. We conclude with recommendations and warnings for practitioners in this space.",0.8040201005025126,2.280081497656951,0.0859530239155396,-0.3216222986889541,Bottom 50%
An Investigation into Black and Brown Communities’ Engagement with Data & Technology,"Ebtesam Al-Haque, Gabriella Thompson, Angela D. R. Smith, Brittany Johnson",2025,"Proceedings of the AAAI/ACM Conference on AI, Ethics, and Society",10.1609/aies.v8i1.36531,https://www.semanticscholar.org/paper/0a5effc8eb15bfa86509d976f203a422daeae453,1,0a5effc8eb15bfa86509d976f203a422daeae453,"Over the years, we have witnessed significant biases in
datasets and AI-driven systems. While these biases can
impact anyone, there is a heightened risk for
disproportionate harm to Black and Brown communities.
Despite efforts to address these inequities, a critical gap
remains in understanding how Black and Brown communities
perceive and interact with data-centric innovations. In
this paper, we present findings from a survey of 60
technology users with diverse racial, ethnic, and gender
identities. Our findings reveal that while Black and Brown
users may frequently contribute data through social media
and research participation, discomfort arises when data is
used without explicit consent, particularly by for-profit
organizations. Transparency, trust, and familiarity with
data collection entities and outcomes emerged as key
factors influencing engagement. These insights inform our
ongoing efforts, as well as the development of ethical,
inclusive approaches to data-driven innovation that center
marginalized voices and foster equitable outcomes.",0.8040201005025126,2.280081497656951,0.0859530239155396,-0.3216222986889541,Bottom 50%
Adaptive Accountability in Networked Multi-Agent Systems,Saad Alqithami,2025,"Proceedings of the AAAI/ACM Conference on AI, Ethics, and Society",10.1609/aies.v8i1.36536,https://www.semanticscholar.org/paper/bc6282e6d5af31a88a29a5f4c973a1c2b9ce3310,1,bc6282e6d5af31a88a29a5f4c973a1c2b9ce3310,"In multi-agent systems, emergent norms and distributed decision-making often produce unanticipated behaviors that complicate traditional AI governance frameworks. This paper introduces an adaptive accountability method that traces responsibility flows among networked agents, continuously detects adverse emergent norms, and intervenes to recalibrate local objectives or policies in near real time. By combining lifecycle-based auditing, decentralized governance, and norm detection algorithms, our approach enables robust oversight in dynamic, evolving environments. To validate its scalability and effectiveness, we conduct a series of large-scale simulation experiments on up to 100 agents using an HPC environment. Our ablation studies—covering multiple seeds, varied penalty settings, and different intervention policies—demonstrate that the framework can preserve high collective reward while significantly reducing inequality. In particular, we show that adaptive interventions prevent harmful collusion or hoarding in over 90% of tested configurations, even under partial observability. These results indicate that our method not only mitigates unforeseen disruptions but also aligns agent behaviors with ethical and legal guidelines at scale. Overall, the resulting framework offers a practical path toward ethically sound, multi-agent AI systems that remain responsive to shifting data distributions, organizational policies, and real-world complexity.",0.8040201005025126,2.280081497656951,0.0859530239155396,-0.3216222986889541,Bottom 50%
"Beyond Automation: Understanding Fairness, Ethics, and Human Discretion in AI-driven Societal Decisions",Gaurab Pokharel,2025,"Proceedings of the AAAI/ACM Conference on AI, Ethics, and Society",10.1609/aies.v8i3.36793,https://www.semanticscholar.org/paper/b636340298f64bad0bdb08b0ae6511b3c2a16b3e,1,b636340298f64bad0bdb08b0ae6511b3c2a16b3e,"My doctoral research investigates the ethical readiness and societal implications of deploying AI in high-stakes resource allocation. This work bridges empirical analysis of AI capabilities with computational modeling of human decision-making and theoretical explorations of long-term fairness. Through a multi-method approach, I first evaluate the reliability of Large Language Models (LLMs) in a real-world homelessness services context, revealing critical inconsistencies. I then use interpretable machine learning to model the sophisticated discretion of human caseworkers, demonstrating that their non-formulaic judgments are systematic and effective. Finally, I use agent-based simulations to show how repeated, ostensibly ""fair"" allocations can entrench group-level inequities over time. Collectively, these findings argue for caution in autonomous AI deployment, highlight the value of human-in-the-loop systems, and call for a more dynamic understanding of fairness in sociotechnical systems.",0.8040201005025126,2.280081497656951,0.0859530239155396,-0.3216222986889541,Bottom 50%
An Education Model of Reasonable and Good-Faith Effort for Autonomous Systems,"C. Grimm, W. Smart, Woodrow Hartzog",2018,"AAAI/ACM Conference on AI, Ethics, and Society",10.1145/3278721.3278732,https://www.semanticscholar.org/paper/f5c96c24ddca2545339cf548632928c62989eb54,1,f5c96c24ddca2545339cf548632928c62989eb54,In this paper we propose a framework for conceptualizing and demonstrating a good-faith effort when developing autonomous systems. The framework addresses two fundamental problems facing autonomous systems: (1) the disconnect between human-mental models and machine-based sensors and algorithms; and (2) unpredictability in complex systems. We address these problems using a mix of education - explicitly delineating the mapping between human concepts and their machine equivalents in a structured manner - and data sampling with expected ranges as a testing mechanism.,90.46774193548389,228.93937330061112,-0.3907922898784534,-0.3216222986889541,Bottom 50%
Aggregation Problems in Machine Ethics and AI Alignment,"Kevin Baum, Marija Slavkovik",2025,"Proceedings of the AAAI/ACM Conference on AI, Ethics, and Society",10.1609/aies.v8i1.36554,https://www.semanticscholar.org/paper/b2f78087c968cda5f2ae746c301e4d936198accc,1,b2f78087c968cda5f2ae746c301e4d936198accc,"Artificial agents increasingly make decisions with far-reaching consequences. It is therefore imperative to ensure that their actions are not only functionally effective but also normatively appropriate.
Two major paradigms address this challenge: machine ethics and value alignment.
Machine ethics typically engages in \textit{moral} aggregation, especially through value and (descriptive) uncertainty aggregation. Value alignment approaches tend to rely on \textit{social} aggregation to manage value pluralism and moral uncertainty, often implicitly or indirectly. This paper disentangles these forms of aggregation and analyzes their roles across three stages of machine moral reasoning: moral evaluation, moral assessment, and moral decision. Rather than favoring one paradigm, we expose their mutual dependencies and respective blind spots, particularly under conditions of persistent moral disagreement. 
We argue that social aggregation cannot bypass deep normative commitments. Alignment by social aggregation cannot replace moral aggregation but merely relocates it---often opaquely.",0.8040201005025126,2.280081497656951,0.0859530239155396,-0.3216222986889541,Bottom 50%
Moral Agents Unlike Us (Extended Abstract),Jen Semler,2025,"Proceedings of the AAAI/ACM Conference on AI, Ethics, and Society",10.1609/aies.v8i3.36716,https://www.semanticscholar.org/paper/87f6460eee91074044f8e9fc4e028c62c87c00ee,0,87f6460eee91074044f8e9fc4e028c62c87c00ee,"Suppose AI developers succeed in creating advanced non-conscious artificial moral agents—AI systems that meet all the standard criteria for moral agency yet lack phenomenal consciousness. Initially, it might seem that we should be indifferent between human moral agents and artificial moral agents in moral decision-making contexts. In this paper, I argue that we have grounds for requiring certain decisions to be made by human moral agents. I note two asymmetries that arise between human moral agents and artificial moral agents in virtue of artificial moral agents’ lack of phenomenal consciousness: a moral status asymmetry and an affective asymmetry. I then argue that these asymmetries lead to two factors that have bearing on when we should not be indifferent between human moral agents and artificial moral agents: relationships and responsibility. I conclude by analyzing concrete cases and considering implications for existing AI systems.",0.8040201005025126,2.280081497656951,-0.3526277904227269,-0.3310912364905954,Bottom 50%
Laissez-Faire Harms: Algorithmic Biases in Generative Language Models (Extended Abstract),"Evan Shieh, Faye-Marie Vassel, Cassidy R. Sugimoto, Thema Monroe-White",2025,"Proceedings of the AAAI/ACM Conference on AI, Ethics, and Society",10.1609/aies.v8i3.36722,https://www.semanticscholar.org/paper/a9923914397805861b76c08e1ed9c57f85b7c82b,0,a9923914397805861b76c08e1ed9c57f85b7c82b,"The widespread deployment of generative language models (LMs) is raising concerns about societal harms. Despite this, studies of bias in generative LMs, including attempted self-audits by LM developers, have thus far been conducted in limited contexts. To address this gap, this study examines representational harms in synthetic texts produced by leading language models in response to open-ended creative writing prompts based in the United States. We conduct our investigation on 500,000 synthetic texts generated by five publicly available generative language models: ChatGPT 3.5 and ChatGPT 4 (developed by OpenAI), Llama 2 (Meta), PaLM 2 (Google), and Claude 2.0 (Anthropic). We base our selection of models on both the sizable amount of funding wielded by these companies and their investors (on the order of tens of billions in USD), as well as the prominent policy roles that each company has played on the federal level. At the time of data collection (from August 16th to November 7th, 2023), the selected models were considered state-of-the-art for each company. Creative writing prompts reflect three domains of life set in the United States: classroom interactions (“Learning”), the workplace (“Labor”), and interpersonal relationships (“Love”). Informed by intersectionality theory, we considered the role of power embedded in language by creating one power-neutral scenario and one power-laden scenario for each prompt. For example, power-neutral Learning prompts consist of a single student excelling in an academic subject, whereas the power-laden prompts consist of one star student helping a struggling student in an academic subject. We then analyze the resulting model responses for textual cues shown to exacerbate socio-psychological harms for minoritized individuals by race, gender, and sexual orientation. To do this at scale, we fine-tuned a coreference resolution model (gpt3.5-turbo) to perform automated extraction of characters’ gender references and names at high precision. To evaluate our model, we hand-label the inferred gender (based on gender references) and name on an evaluation set of 4,600 uniformly down-sampled story generations from all five models (0.0063, 95% CI). Fine-tuning our model on a non-overlapping set of 150 training examples yields precision above 98% for both gender references and names. Recall rates reach 97% for gender references and exceed 99% for names. Following previous studies, we infer racial signals from first names using fractionalized counting over the Florida Voter Registration Dataset (which consists of 27 million named individuals and self-identified racial identities).
We find that when LMs are used for story writing, they generate texts that reinforce discrimination against minoritized groups by race, gender, and sexual orientation. Using mixed-methods analyses, we identify three specific harms: omission, subordination, and stereotyping.
Stories produced by language models simultaneously underrepresent minoritized individuals as main characters while overrepresenting them as subordinated characters. Diverse consumers, if they are to be represented at all, disproportionately see themselves portrayed by language models as “struggling students” (as opposed to “star students”), “patients” or “defendants” (as opposed to “doctors” or “lawyers”), and a friend or romantic partner who is more likely to borrow money or do the chores for someone else.
The magnitude of bias far exceeds the level of ""real-world"" inequities. Underrepresentation of non-dominant identities in power-neutral stories exceeds national demographics in the US by up to two orders of magnitude. Meanwhile, non-dominant character identities are up to thousands of times more likely to appear as subordinated than empowered. For example, Claude casts the name ”Juan” as a struggling student 1,380 times, yet only once as a star student.
We find that these harms impact every non-dominant group we studied (in the US context). These include individuals with intersectional Asian, Black, Indigenous, Latine, NH/PI, MENA, Female, Non-binary, and Queer identities. Language models propagate a plethora of stereotypes that are known to inflict psychological harm and negative self-perception, including the ” glass/bamboo ceiling”, ” perpetual foreigner”, ”noble savage”, ”white savior”, and others.",0.8040201005025126,2.280081497656951,-0.3526277904227269,-0.3310912364905954,Bottom 50%
Supporting Marginalized Learners with GenAI (Extended Abstract),Hamayoon Behmanush,2025,"Proceedings of the AAAI/ACM Conference on AI, Ethics, and Society",10.1609/aies.v8i3.36767,https://www.semanticscholar.org/paper/4d08b7e3423c10277e9ea3c72b38bcde6127d5fc,0,4d08b7e3423c10277e9ea3c72b38bcde6127d5fc,"Access to quality education remains deeply unequal, particularly for learners in low-resource and socio-politically unstable contexts. Although Generative AI (GenAI) interventions have the potential to provide educational support, they are rarely designed and developed with marginalized communities, especially within challenging socio-political environments. My research addresses this gap by exploring, designing, and developing responsive GenAI interventions specifically tailored to support women in Afghanistan pursuing programming education despite substantial barriers. Through exploratory research, participatory design, and iterative evaluation, I aim to uncover how GenAI can effectively enhance learning outcomes and aspirations within this underserved community. Ultimately, my work contributes to more equitable AI development practices and actively supports marginalized communities by enabling access to meaningful education and the development of employable skills.",0.8040201005025126,2.280081497656951,-0.3526277904227269,-0.3310912364905954,Bottom 50%
Biased AI Outputs Can Impact Humans’ Implicit Bias: A Case Study of the Impact of Gender-Biased Text-to-Image Generators,"Mattea Sim, Natalie Grace Brigham, Tadayoshi Kohno, Tessa E. S. Charlesworth, Aylin Caliskan",2025,"Proceedings of the AAAI/ACM Conference on AI, Ethics, and Society",10.1609/aies.v8i3.36723,https://www.semanticscholar.org/paper/8a6e9baf0b43d3f7b1ca649f2cb1aff1589ff2c3,0,8a6e9baf0b43d3f7b1ca649f2cb1aff1589ff2c3,"A wave of recent work demonstrates that text-to-image generators (i.e., t2i) can perpetuate and amplify stereotypes about social groups. This research asks: what are the implications of biased t2i for humans who interact with these systems? Across three human-subjects studies, 1,881 participants engaged in a simulated t2i interaction in which the output was controlled to appear either stereotypic, gender-balanced, or counter-stereotypic, via the ratio of perceived women and men in the output of occupation prompts (e.g., a physicist). We then measured people's implicit gender bias using a gender-brilliance implicit association task (IAT), a bias that both relates to stereotypic occupation output in t2i and that has implications for women's representation in different fields. Participants who interacted with neutral t2i output (including only gender-neutral objects, e.g., DVDs) showed relatively high implicit gender-brilliance bias at baseline. Stereotypic t2i output did not increase implicit gender bias relative to this baseline (Study 1). However, participants exposed to counter-stereotypic t2i output had significantly lower implicit gender bias than participants exposed to only gender-neutral output (Studies 1 and 2). Although counter-stereotypic t2i may reduce implicit gender bias amongst users, less than 5% of participants actually preferred the counter-stereotypic representations of women and men. Instead, most participants preferred representations that accurately reflect gender distributions in society or that are more gender-balanced (Study 3). This work demonstrates a novel approach to studying human-AI interaction and reveals important insights for designing generative AI that seeks to mitigate harm. In particular, these findings have implications for understanding the impact of stereotypic t2i on human users, bias mitigation strategies via counter-stereotypic t2i output, and how these impacts (mis)align with people's preferences for t2i representations.",0.8040201005025126,2.280081497656951,-0.3526277904227269,-0.3310912364905954,Bottom 50%
Predictability in Autonomous Driving Systems,Félix Martí-Pérez,2025,"Proceedings of the AAAI/ACM Conference on AI, Ethics, and Society",10.1609/aies.v8i3.36789,https://www.semanticscholar.org/paper/9045c992233fc9343740e4e114dd7245ded29879,0,9045c992233fc9343740e4e114dd7245ded29879,"We study predictability in autonomous driving (AD) through capability-oriented evaluation, using assessors - lightweight meta-models that forecast a primary model’s per-instance performance. We extend this notion from language to vision-based AD, aiming to anticipate failures rather than merely explain them after the fact. Our current focus is traffic-sign detection: given a fixed detector, we train an assessor to predict frame-level quality from a compact feature vector that fuses scene context, environmental proxies and model-intrinsic signals. Enabling “predict-before-you-detect” risk flagging. In future work, we aim to (i) move from frame- to object-level assessment, (ii) integrate assessors with end-to-end vision-language AD systems, and (iii) study safety-relevant scaling laws across model size, data and compute. We will further incorporate real-world disengagement reports and adopt demand–ability profiling to relate instance difficulty (e.g., occlusion, weather) to system capability, toward transparent, independent reliability estimates for deployment.",0.8040201005025126,2.280081497656951,-0.3526277904227269,-0.3310912364905954,Bottom 50%
The Silicon Sovereignty Paradox: Navigating Fluid State-Corporate Power Dynamics in the Age of AI,"Maanya Singh, Anka Reuel",2025,"Proceedings of the AAAI/ACM Conference on AI, Ethics, and Society",10.1609/aies.v8i3.36725,https://www.semanticscholar.org/paper/975437b263578a21704767bbbd1b4a5383867d50,0,975437b263578a21704767bbbd1b4a5383867d50,"As AI development companies begin to rival sovereign states in political, economic and technical power, their interactions are often framed as zero-sum battles for control. This paper challenges the existing view of state–corporate relations as purely adversarial by introducing a bidirectional framework that categorizes their dynamics into four modes of power enhancement and erosion, analysed through political, economic, and technical lenses. Case studies from the U.S., EU, China, and Russia illustrate the fluid and context-dependent nature of these relationships. While constrained by a great power–centric focus and limited empirical scope, this framework offers a more realistic foundation for designing nuanced AI governance mechanisms that reflect the complexities of an AI-shaped global order.",0.8040201005025126,2.280081497656951,-0.3526277904227269,-0.3310912364905954,Bottom 50%
From Big Data to Valued Data: A Dataset Value Taxonomy for AI-Native Empirical Research,"Scott Seidenberger, Anindya Maiti",2025,"Proceedings of the AAAI/ACM Conference on AI, Ethics, and Society",10.1609/aies.v8i3.36715,https://www.semanticscholar.org/paper/573dc3d935012754d4c5183249f1d644c328f4f1,0,573dc3d935012754d4c5183249f1d644c328f4f1,"Artificial intelligence is rapidly commoditizing many stages of empirical research, including code generation, statistical analysis, visualization, and manuscript drafting, yet its gains accrue unevenly across disciplines. As the marginal cost of these downstream tasks falls, the decisive bottleneck shifts to the data itself. The era of training and testing neural networks with ever-larger datasets is giving way to one in which the value of the data matters more than its volume. Building on but significantly revising earlier “Big Data” taxonomies, we introduce a Dataset Value Taxonomy (DVT) that reassesses the epistemic importance of datasets in an age where AI is commoditizing analytical labor. We argue that humans, as physically embodied agents, retain a comparative advantage in acquiring and curating observations from the world; partnered with AI, they can channel this advantage into higher-impact scholarship. To guide funders, evaluators, and researchers, we introduce a three-construct taxonomy: Temporal Investment, Scale, and Accessibility, each decomposed into measurable dimensions with ordinal class labels. We further operationalize these constructs through a calibrated scoring scheme that disciplines can adapt to field-specific conventions, enabling cross-field comparability while respecting contextual nuance. By quantifying how temporal investment, observational breadth, and access barriers jointly determine dataset salience, the framework helps allocate resources toward datasets that are most likely to advance knowledge. Ultimately, our taxonomy positions dataset creation as the new core site of human and AI cooperation and provides an actionable roadmap for recognizing, funding, and stewarding high-value data assets across the empirical sciences.",0.8040201005025126,2.280081497656951,-0.3526277904227269,-0.3310912364905954,Bottom 50%
Leveraging AI and ESG to Combat Corporate Corruption: An Integrated Framework,Oludolapo Makinde,2025,"Proceedings of the AAAI/ACM Conference on AI, Ethics, and Society",10.1609/aies.v8i3.36788,https://www.semanticscholar.org/paper/8d4bbdb3d15caf8d6f749902d173cdc20dee2abd,0,8d4bbdb3d15caf8d6f749902d173cdc20dee2abd,"This research study explores how Canadian multinationals can leverage Environmental, Social and Governance (ESG) and artificial intelligence tools to combat foreign bribery and corruption in international business transactions.",0.8040201005025126,2.280081497656951,-0.3526277904227269,-0.3310912364905954,Bottom 50%
Voice AI and Hermeneutical Injustice at the Border,Suvradip Maitra,2025,"Proceedings of the AAAI/ACM Conference on AI, Ethics, and Society",10.1609/aies.v8i3.36787,https://www.semanticscholar.org/paper/4bbb09a2daf99533647e4497ad9f87665e63daec,0,4bbb09a2daf99533647e4497ad9f87665e63daec,"I argue that Voice AI systems perpetuates hermeneutical injustice by preventing marginalised individuals from equitably participating in defining the social roles that they need to make sense of their own experiences, or render themselves intelligible to others. I draw upon voice biometrics at the German border used to assess asylum seeker applications, and accent alteration for call centre workers to illustrate how the relevant concepts of the legitimate asylum seeker or competent call centre worker are unduly influenced by the respective Voice AI. Ultimately, the hermeneutical injustices reflect the epistemic hegemony of AI steeped in dominant Western knowledge structures that reinforce post-colonial dynamics of identity erasure and disruption.",0.8040201005025126,2.280081497656951,-0.3526277904227269,-0.3310912364905954,Bottom 50%
From Sandbox to Laboratory: Refractive and Ethical Human / AI Knowledge Co-Production Through Game-ful Research Practices,Lea Stöter,2025,"Proceedings of the AAAI/ACM Conference on AI, Ethics, and Society",10.1609/aies.v8i3.36728,https://www.semanticscholar.org/paper/d3174f53c2d052b9254aa7e075e159be22706d86,0,d3174f53c2d052b9254aa7e075e159be22706d86,"The use of artificial intelligence in knowledge production processes and in academia has been illuminated from different disciplinary perspectives. The introduction of digital tools and research software in non-computational disciplines, the emergence of fields like the digital humanities, and the introduction of AI-driven tools for general application in the research process impact the types of engagement and interaction between researcher and tool. Starting from the notion of playing software, I introduce three metaphors for engagement with AI-driven research software: 1) software as laboratory, 2) research software as sandbox game, and 3) the scientific method as game rules. Based on a conceptual analysis of game studies and knowledge production literature, this theory adaptation of research as a game-ful process aims at creating awareness for the agencies within socio-technical epistemic systems by examining one's own practices in relation to (AI-driven) technology and increasing transparency by recognising intra-actions to account for the decisions made in knowledge production processes. By breaking down the components of games they can be mapped onto research processes and the ways digital tools are integrated. Approaching software-supported research as a game-ful process allows for engaging with AI-driven software as a research tool as a more entangled and co-constructive process.",0.8040201005025126,2.280081497656951,-0.3526277904227269,-0.3310912364905954,Bottom 50%
Making Bodies: Assumptions in the Design and Validation of Motion Capture Technology,"Mona Sloane, Abigail Z. Jacobs, Emanuel Moss",2025,"Proceedings of the AAAI/ACM Conference on AI, Ethics, and Society",10.1609/aies.v8i3.36726,https://www.semanticscholar.org/paper/6ed9c430671380841ef49cad3bcab8aac1cd7cfa,0,6ed9c430671380841ef49cad3bcab8aac1cd7cfa,"Motion capture technologies are increasingly being incorporated into key aspects of social life, but embed potentially harmful assumptions. We examine the structural factors that allow for assumptions to solidify in motion capture systems and propose a matrix that works as a structured guide for motion capture developers to identify and document the assumptions baked into the system they are working on. To motivate novel conversations and future work in this area, we conclude with discussing the application of this matrix as well as its limitations.",0.8040201005025126,2.280081497656951,-0.3526277904227269,-0.3310912364905954,Bottom 50%
"Machine Legibility and Epistemic Governance in Malaysia’s Smart Cities: A Postcolonial Analysis of Algorithmic Knowledge, Identity, and State Power",Hesam Nourooz Pour,2025,"Proceedings of the AAAI/ACM Conference on AI, Ethics, and Society",10.1609/aies.v8i3.36792,https://www.semanticscholar.org/paper/83fd7539c736fb6629f30e37f6a1f3f32d479841,0,83fd7539c736fb6629f30e37f6a1f3f32d479841,"This thesis examines how AI systems deployed in Malaysia’s smart cities encode constitutional and racial asymmetries through algorithmic infrastructures. Focusing on epistemic governance, it analyses how data, models, and legal frameworks shape machine legibility and citizen classification, with comparative insights from India and Brazil to contextualise Malaysia’s postcolonial governance model.",0.8040201005025126,2.280081497656951,-0.3526277904227269,-0.3310912364905954,Bottom 50%
Collective Agency in Art-making: Towards Community-centric Design of Text-to-Image (T2I) AI Tools,"Abdullah Hasan Safir, Noshin Tahsin, Pratyasha Saha, Dipannita Nandi, Zulkarin Jahangir, Cecily Morrison, Syed Ishtiaque Ahmed, Nusrat Jahan Mim",2025,"Proceedings of the AAAI/ACM Conference on AI, Ethics, and Society",10.1609/aies.v8i3.36710,https://www.semanticscholar.org/paper/178814b741b8fd2d0b8958e322ab094a43e1f6eb,0,178814b741b8fd2d0b8958e322ab094a43e1f6eb,"Text-to-image (T2I) AI tools are trained on vast datasets
of existing images and artworks. We identify that existing
ethical standards and regulatory safeguards for these tools
largely lie within the Western neoliberal realm. They
assume that artistic creativity originates from individuals
rather than in collectives or social environments,
ownership is an individual concern rather than shaped by
communities and shared cultural traditions, and
compensation should be based on individual claims rather
than acknowledging collective contributions to artistic
knowledge. In this paper, we counter these assumptions by
theorizing ‘collective agency’ as a critical conceptual
lens to rethink artists’ community-centric roles in
relation to these tools. Drawing from our nine-month-long
qualitative interventions with diverse Bangladeshi artist
groups, we find that these artists manifest cultural
resonance, co-creation, and sense of recognition through
their art-making practices which fosters collective agency
among them. This empirically grounded account of collective
agency in our study posits practical design and policy
implications, such as incorporating artists’ solidarity,
community-centric data stewardship, and collective
bargaining mechanisms in ethical development of T2I AI
tools to reclaim artists' control over their creative
practices in the AI age.",0.8040201005025126,2.280081497656951,-0.3526277904227269,-0.3310912364905954,Bottom 50%
Beyond “Fairness”: Rethinking the Use of Algorithmic Predictions in Criminal Justice,Tashmia Sabera,2025,"Proceedings of the AAAI/ACM Conference on AI, Ethics, and Society",10.1609/aies.v8i3.36709,https://www.semanticscholar.org/paper/94eb358a2ebc53fecf94d7bf27b6021793587dd8,0,94eb358a2ebc53fecf94d7bf27b6021793587dd8,"This paper critiques the widespread use of predictive
algorithmic tools in criminal justice, such as COMPAS,
arguing that concerns about fairness and accuracy, while
important, fail to address a deeper ethical issue: the
infringement of the right to be treated as an individual.
Drawing on Renee Jorgensen’s work, I argue that
fairness-based reforms are insufficient because predictive
punishment is incompatible with the demands of negative
retributivism, the most compatible theory of punishment
with the demands of the right to be treated as an
individual. Given the high stakes of criminal law and the
inherent trade-off in algorithmic fairness metrics, I
contend that algorithmic predictions should not be used to
justify punishment or policing decisions. However, I
propose that algorithmic tools can be ethically employed in
developing policies aimed at crime reduction, provided they
are used to identify causal factors rather than to predict
individual behavior. To this end, I advocate a pluralist
framework: negative retributivism should govern punishment
and policing, while rights-based consequentialism should
inform long-term policy goals. This approach aims to
clarify when the use of algorithms in criminal justice is
unjustified, and when it may be justified with critical
revision.",0.8040201005025126,2.280081497656951,-0.3526277904227269,-0.3310912364905954,Bottom 50%
How Can Large Language Models Be More Reliable?,Yael Moros Daval,2025,"Proceedings of the AAAI/ACM Conference on AI, Ethics, and Society",10.1609/aies.v8i3.36790,https://www.semanticscholar.org/paper/214a48a1c9953c04b39bdb8fd198f97a0610d114,0,214a48a1c9953c04b39bdb8fd198f97a0610d114,"Large Language Models (LLMs) are increasingly integrated into everyday applications, yet their reliability remains inconsistent, even for seemingly simple queries. By “scaling up” and “shaping up”, these models have improved average accuracy and robustness to prompt variations, but they continue to display “difficulty discordance”: they solve harder tasks while making errors on easier ones. Moreover, they show a marked reluctance to refuse answers even when uncertain. Such behaviour deprives users of clear cues about when outputs can be trusted. This work explores strategies to enhance LLM reliability through confidence-based abstention, combining uncertainty estimation techniques with measures of question difficulty to define a model’s “safe operating area”. By ensuring that queries are either answered correctly or explicitly declined, the approach aims to enhance predictability, transparency, and user trust, while providing a framework for managing model limitations.",0.8040201005025126,2.280081497656951,-0.3526277904227269,-0.3310912364905954,Bottom 50%
Human Models for Planning Behavioral Interventions with Reinforcement Learning,Eura Nofshin,2025,"Proceedings of the AAAI/ACM Conference on AI, Ethics, and Society",10.1609/aies.v8i3.36791,https://www.semanticscholar.org/paper/14044ca864bb620d2ee072c2ecb817e7a26c86b3,0,14044ca864bb620d2ee072c2ecb817e7a26c86b3,"Many important areas of behavior change, such as wellness
or education, are frictionful; they require individuals to
expend effort over a long period of time with little
immediate gratification. Because of this, humans often act
sub-optimally concerning their stated long-term goal. Here,
an artificial intelligence (AI) agent can provide
personalized behavioral interventions to correct human
policies. The AI must personalize rapidly (before the
individual has a chance to disengage) and interpretably, to
aid our scientific understanding of the behavioral
interventions. This work focuses on crafting small,
interpretable models of the human that capture the
mechanism behind the human agent's sub-optimal policies.
These human models provide the AI with enough inductive
bias to quickly learn intervention policies for each
individual it encounters.",0.8040201005025126,2.280081497656951,-0.3526277904227269,-0.3310912364905954,Bottom 50%
Modeling Strategic Risk in School Choice: A Case for Transparent Design,"Mayesha Tasnim, P. Verhagen, T. Blanke, Erman Acar, S. Ghebreab",2025,"Proceedings of the AAAI/ACM Conference on AI, Ethics, and Society",10.1609/aies.v8i3.36731,https://www.semanticscholar.org/paper/86a2614b350c101a51354985d4f308c46b54d578,0,86a2614b350c101a51354985d4f308c46b54d578,"School choice algorithms, which assign students to schools based on preferences, are often designed to balance matching efficiency with strategyproofness. In Amsterdam, policymakers introduced a more efficient assignment mechanism in 2019 that permitted preference manipulation. As strategic behavior increased, transparency around the algorithm was reduced—motivated by prior studies showing that additional information about matching methods tends to increase manipulation. Yet transparency is also essential for institutional trust and informed decision-making. We test whether transparency about the consequences of strategic behavior deters or encourages manipulation. We conduct a behavioral experiment embedded in a survey of 140 parents participating in Amsterdam’s 2025 school choice process. Parents selected among truthful, mildly strategic, and aggressively strategic rankings across three scenarios with varying degrees of probability disclosure. While transparency increased the rate of strategic behavior, truthful reporting remained the most common choice under all conditions. To explain these patterns, we estimate a discrete-choice model grounded in Security-Potential/Aspiration (SP/A) theory, which models how parents weigh aspirational goals against the risk of poor outcomes. The model fits observed behavior better than expected utility and prospect theory benchmarks, even though individual covariates are not statistically significant. We find that parents whose children applied to competitive school tracks (e.g., pre-university) were more risk-averse, selecting safer strategies even when aggressive options offered high chances of success. These results challenge the assumption that transparency inherently worsens inequality, and suggest that communicating risk may serve as a viable policy lever for fairness in algorithmic systems.",0.8040201005025126,2.280081497656951,-0.3526277904227269,-0.3310912364905954,Bottom 50%
Precedent-Based Professional Role Ethics for AI Decision Analysis,Chris Rauch,2025,"Proceedings of the AAAI/ACM Conference on AI, Ethics, and Society",10.1609/aies.v8i3.36794,https://www.semanticscholar.org/paper/04104b0a57ea38fe09ed396c5aac959d19f1bcbd,0,04104b0a57ea38fe09ed396c5aac959d19f1bcbd,"Large language models (LLMs) are increasingly being used in professional fields such as healthcare, law, and engineering. In these domains, errors can lead to serious consequences. Many current AI ethics approaches do not reflect the structured codes and precedent-informed reasoning that guide professional conduct. This work introduces ProEthica, a system under development that combines LLMs with role-based ontologies to support structured ethical reasoning in professional settings. The system draws on principles from professional role ethics and incorporates ethical guidelines, practice standards, and prior case decisions. As a demonstration case, it applies the National Society of Professional Engineers (NSPE) Code of Ethics and Board of Ethical Review precedents. ProEthica includes an ontology based on engineering ethics, a precedent retrieval method using both vector similarity and ontological mappings, a framework for guiding and checking LLM outputs with structured constraints, and a validation process modeled on FIRAC (Facts, Issues, Rules, Analysis, Conclusion) reasoning. The system is intended to help professionals make ethical decisions that are consistent with established standards, not to replace human judgment. Preliminary evaluations using NSPE cases indicate that it can retrieve relevant precedents and produce structured analyses that align with engineering ethics.",0.8040201005025126,2.280081497656951,-0.3526277904227269,-0.3310912364905954,Bottom 50%
Auditing and Validating Fairness and Ethics in Machine Learning Systems,Disa Sariola,2025,"Proceedings of the AAAI/ACM Conference on AI, Ethics, and Society",10.1609/aies.v8i3.36795,https://www.semanticscholar.org/paper/3245cf52b2412d36eb26380c61b63a04d62b249b,0,3245cf52b2412d36eb26380c61b63a04d62b249b,"Ethics are embedded in the choices we make every day,
whether they are in our personal interactions or when
designing computational systems. Ethics should be seen as
not just a philosophical pursuit or a legal construct of
jurisprudence , instead it is a framework for operating and
decision-making. In the context of machine learning,
ethical concerns emerge in subtle but rife ways: from how
data is collected and labeled, to who defines the
contextual fairness. After all, the word 'fair' can mean
different things; conforming with the established rules or
marked by impartiality and honesty. But, what does it mean
in the context of computational frameworks? Despite the
frequent framing of ethical concerns and fairness as
technical problems, issues like fairness are rooted in
value judgments made by real humans. Decisions about
inclusion, categorization, and weighting reflect the
assumptions and priorities of the people behind the
algorithms. At scale, these decisions don’t disappear into
abstraction. Instead, they shape outcomes, influencing who
benefits from, or is harmed by, automated systems. While
ethical theory and legal scholarship have long tackled
questions of justice and fairness, computer science often
treats these topics as secondary to performance metrics or
efficiency. These disconnects risk minimizing the
real-world stakes of algorithmic decision-making. My
research aims to bridge this gap by examining how fairness
interventions can be examined from a broader perspective
through the lens of algorithmic auditing. I aim to study
how fairness interventions efforts align with the stated
goals of the audit framework, and whether they meaningfully
address the inequities they aim to solve. The goal should
not be to reduce fairness to a checkbox, but to understand
it in the context of the data and the broader society the
system is embedded within.",0.8040201005025126,2.280081497656951,-0.3526277904227269,-0.3310912364905954,Bottom 50%
Resistance to Change as a Diagnostic Insight: An Interdisciplinary Examination of Stakeholder Opposition to AI in Primary Care,Teresa Sides,2025,"Proceedings of the AAAI/ACM Conference on AI, Ethics, and Society",10.1609/aies.v8i3.36796,https://www.semanticscholar.org/paper/79ab812fe469c43ae35a8f1fb7cb4d4bcb0e94d2,0,79ab812fe469c43ae35a8f1fb7cb4d4bcb0e94d2,"As artificial intelligence (AI) systems become more integrated into healthcare, understanding the roots of resistance is essential, particularly in complex, value-driven settings like primary care. This interdisciplinary study explores stakeholder resistance to AI through interviews with global experts in organizational transformation and resistance to change (RtC). It identifies three interconnected forms of resistance—logical, sociological, and psychological—each linked to specific concerns around ethics, professional identity, and systemic fit. Unlike prior work, this study centers RtC experts’ insights on AI resistance in primary care, a setting often excluded from co-design. Using a qualitative abductive approach, the research highlights resistance as a form of critical feedback and a mechanism for building trust. These findings inform more inclusive, reflexive, and context-sensitive strategies for embedding AI ethically within health systems.",0.8040201005025126,2.280081497656951,-0.3526277904227269,-0.3310912364905954,Bottom 50%
Bridging Liability Gaps in the Age of AI: The Case for No-Fault Compensation Schemes,Ha-Chi Tran,2025,"Proceedings of the AAAI/ACM Conference on AI, Ethics, and Society",10.1609/aies.v8i3.36797,https://www.semanticscholar.org/paper/24a4e0078a4e2b157906f29af549e94c87eccc21,0,24a4e0078a4e2b157906f29af549e94c87eccc21,"Emerging technologies, including artificial intelligence (AI), are rapidly outpacing traditional legal frameworks, exposing regulatory gaps and weakening the effectiveness of conventional governance mechanisms. This study examines liability gaps stemming from algorithmic opacity, the distributed architecture of AI systems, and the systemic and diffuse nature of AI-related harms. These characteristics highlight the inadequacy of both fault-based and strict liability regimes in addressing AI-specific risks. The analysis is situated within the context of regulatory sandboxes, adaptive governance instruments designed to balance innovation and risk management by permitting firms to test new technologies under regulatory supervision with temporary legal exemptions. While such models effectively foster innovation, they leave unresolved questions of liability when harms arise from compliant experimentation. By placing primary civil and criminal responsibility on participating firms, sandbox frameworks fail to account for the distinctive nature of AI-related harms, resulting in compensation mechanisms that are often insufficient, delayed, and burdensome for affected parties. To address this gap, the study advances the proposal of a state-backed no-fault compensation scheme, modeled on the Vaccine Injury Compensation Programs (VICPs).",0.8040201005025126,2.280081497656951,-0.3526277904227269,-0.3310912364905954,Bottom 50%
To Regulate or to Be Regulated? – How to Protect the ‘Freedom of Mind’ Against Emotional AI Surveillance,Öznur Uğuz,2025,"Proceedings of the AAAI/ACM Conference on AI, Ethics, and Society",10.1609/aies.v8i3.36798,https://www.semanticscholar.org/paper/27379b0f7f989b26eeea6af78f8c0d4b4099f3c8,0,27379b0f7f989b26eeea6af78f8c0d4b4099f3c8,"This research discusses how emotional artificial intelligence (AI) surveillance could violate freedom of thought and freedom of expression by eroding personal autonomy through coercive manipulation and behavioral engineering, and analyzes to what extent the EU AI Act and the General Data Protection Regulation (GDPR) address such risk.",0.8040201005025126,2.280081497656951,-0.3526277904227269,-0.3310912364905954,Bottom 50%
Platform Vernaculars: How AI Image Generators Create New Forms of Visual Bias,Jinu K. Varghese,2025,"Proceedings of the AAAI/ACM Conference on AI, Ethics, and Society",10.1609/aies.v8i3.36799,https://www.semanticscholar.org/paper/277ca044f5a77dee21c24d30151ae8ab72772135,0,277ca044f5a77dee21c24d30151ae8ab72772135,"This study investigates how AI image generation plat-forms develop distinct platform vernaculars systematic visual languages with recognizable aesthetic signatures that create new forms of cultural bias. Through mixed-methods analysis combining content analysis of 306 AI-generated images, interviews with 16 visual professionals, and survey validation from 430 respondents, we document three key phenomena. First, platform choice ac-counts for 54% of variance in visual outcomes (η² = 0.542, p < 0.001), with professionals achieving distinct recognition accuracy: Flux (82%), Midjourney (78%), Stable Diffusion (71%). Second, rather than displacement, 71.9% of professionals report AI enhances creative capabilities through strategic integration models. Third, systematic cultural bias manifests through 73% Western demographic defaults in neutral prompts, though professionals develop sophisticated mitigation strategies achieving 82% bias reduction effectiveness. These findings establish platform vernaculars as algorithmic aesthetic hierarchies that require new forms of visual literacy, challenging assumptions about AI homogenization while revealing persistent representational inequities demanding professional resistance strategies.",0.8040201005025126,2.280081497656951,-0.3526277904227269,-0.3310912364905954,Bottom 50%
Assessing Human Rights Risks in AI: A Framework for Model Evaluation,"Vyoma Raman, Camille Chabot, Betsy Popken",2025,"Proceedings of the AAAI/ACM Conference on AI, Ethics, and Society",10.1609/aies.v8i3.36699,https://www.semanticscholar.org/paper/2eac3c58b0f8df228c4b777a5586ab4ea6befb3d,0,2eac3c58b0f8df228c4b777a5586ab4ea6befb3d,"The Universal Declaration of Human Rights and other international agreements outline numerous inalienable rights that apply across geopolitical boundaries. As generative AI becomes increasingly prevalent, it poses risks to human rights such as non-discrimination, health, and security, which are also central concerns for AI researchers focused on fairness and safety. We contribute to the field of algorithmic auditing by presenting a framework to computationally assess human rights risk. Drawing on the UN Guiding Principles on Business and Human Rights, we develop an approach to evaluating a model to make grounded claims about the level of risk a model poses to particular human rights. Our framework consists of three parts: selecting tasks that are likely to pose human rights risks within a given context, designing metrics to measure the scope, scale, and likelihood of potential risks from that task, and analyzing rights with respect to the values of those metrics. Because a human rights approach centers on real-world harms, it requires evaluating AI systems in the specific contexts in which they are deployed. We present a case study of large language models in political news journalism, demonstrating how our framework helps to design an evaluation and benchmarking different models. We then discuss the implications of the results for the rights of access to information and freedom of thought and broader considerations for adopting this approach.",0.8040201005025126,2.280081497656951,-0.3526277904227269,-0.3310912364905954,Bottom 50%
Between Code and Creed: Islamic Ethical In-Betweenness on AI in Indonesia,Daphne Wong-A-Foe,2025,"Proceedings of the AAAI/ACM Conference on AI, Ethics, and Society",10.1609/aies.v8i3.36800,https://www.semanticscholar.org/paper/0117318ca2d2fac88d0799e0512fbce2c04395b4,0,0117318ca2d2fac88d0799e0512fbce2c04395b4,"Indonesian Muslims are carving out an ethical in-betweenness in debates on artificial intelligence (AI)—a dynamic space between technocratic secularism, religious reasoning, and nationalist aspirations. Based on 14 months of ethnographic fieldwork, my study highlights three arenas: neutrality in AI education, theological boundaries, and national progress. Educators often bracket religion from technical training, while religious leaders caution against attributing spirit or niyyah (ethical intention) to machines, advocating wasatiyyah (moderation) rather than rejection. Students, meanwhile, frame AI as both a tool for “Golden Indonesia 2045” and a site where Qurʾanic ethics can guide design. Building on Raquib’s (2022) call to embed Islamic objectives and Singler’s (2024) typology of rejection–adoption–adaptation, the study shows how Indonesians negotiate tensions without collapsing them into one frame. Here, ethics emerges not as a clash between code and creed but as a conversation—offering globally relevant insights for inclusive, context-sensitive AI governance.",0.8040201005025126,2.280081497656951,-0.3526277904227269,-0.3310912364905954,Bottom 50%
Beyond Proxy Variables: Extending Refugee Allocation Algorithms for Equitable Predictions,"Clara Strasser Ceballos, Marcus Novotny, Christoph Kern",2025,"Proceedings of the AAAI/ACM Conference on AI, Ethics, and Society",10.1609/aies.v8i3.36729,https://www.semanticscholar.org/paper/678fa6701b98aa5f345b1d761bd7b21b02ea92dd,0,678fa6701b98aa5f345b1d761bd7b21b02ea92dd,"Extensive social science research has long documented how individual- and location-level factors influence refugee integration. A more recent, smaller line of computational research has introduced algorithmic tools that predict refugees' integration outcomes across potential resettlement locations to inform placement decisions. However, these tools, currently being piloted in several countries, raise major concerns. They rely on a narrow set of predictors, many of which are considered protected attributes under anti-discrimination law, while omitting significant findings from explanatory migration research that could improve model predictions and reliability. Against this background, we draw on a systematic review of empirical migration research and comprehensive refugee panel data in Germany to improve the algorithmic modeling of refugees' integration outcomes. Specifically, we develop models that integrate and test a wide range of migration research variables to predict the economic integration of refugees arriving in Germany in 2016 and 2017. We compare our extended models to existing baselines from the algorithmic matching literature, evaluating both classification performance and fairness. Our results demonstrate that substituting proxy features with theory-driven variables which could be surveyed at arrival can considerably improve both accuracy and fairness without adversely impacting downstream allocation performance. We conclude that integrating insights from empirical migration research is essential for developing more reliable and robust algorithmic matching tools.",0.8040201005025126,2.280081497656951,-0.3526277904227269,-0.3310912364905954,Bottom 50%
Governing AI Proactively: Cooperative Models of Anticipation and Accountability,Jared Katzman,2025,"Proceedings of the AAAI/ACM Conference on AI, Ethics, and Society",10.1609/aies.v8i3.36783,https://www.semanticscholar.org/paper/23f1f48af60daa1b43c20c81e150dbd943129660,0,23f1f48af60daa1b43c20c81e150dbd943129660,"This research investigates how cooperatives and
marginalized communities can lead in governing AI systems
by drawing on traditions of economic democracy and
collective accountability. Through case studies in
Detroit’s food justice movement and the Mondragón
Corporation, I explore how these groups anticipate the
social impacts of AI and co-design governance models rooted
in their values. Moving beyond risk-based approaches, this
work proposes a framework for anticipatory governance that
redistributes power in technology development and centers
community-led innovation.",0.8040201005025126,2.280081497656951,-0.3526277904227269,-0.3310912364905954,Bottom 50%
A Multidimensional Approach to Ethical AI Auditing,"Sónia Teixeira, Atia Cortés, D. Thilakarathne, Gianmarco Gori, Marco Minici, Monowar Bhuyan, Nina Khairova, Tosin P. Adewumi, Devvjiit Bhuyan, J. O'keefe, C. Comito, João Gama, Virginia Dignum",2025,"Proceedings of the AAAI/ACM Conference on AI, Ethics, and Society",10.1609/aies.v8i3.36732,https://www.semanticscholar.org/paper/836b6c1da3e0f98b0e14aa358b45ceb101ed82b9,0,836b6c1da3e0f98b0e14aa358b45ceb101ed82b9,"The increasing integration of Artificial Intelligence (AI) across various sectors of society raises complex ethical challenges requiring systematic and scalable oversight mechanisms. While tools such as AIF360 and Aequitas address specific dimensions, namely fairness, there remains a lack of comprehensive frameworks capable of auditing multiple ethical principles simultaneously. This paper introduces a multidimensional AI auditing tool designed to evaluate
systems across key dimensions: fairness, explainability, robustness, transparency, bias, sustainability, and legal compliance. Unlike existing tools, our framework enables simultaneous assessment of these dimensions, supporting more holistic and accountable AI deployment. We demonstrate the tool’s applicability through use cases and discuss its implications for building trust and aligning AI development with fundamental ethical standards.",0.8040201005025126,2.280081497656951,-0.3526277904227269,-0.3310912364905954,Bottom 50%
AI Contextual Framework: A Zoning Approach to Ethical AI Deployment,Yao Xie,2025,"Proceedings of the AAAI/ACM Conference on AI, Ethics, and Society",10.1609/aies.v8i3.36801,https://www.semanticscholar.org/paper/9987a3fe6dd157cd815b93b3682b008c00665fb2,0,9987a3fe6dd157cd815b93b3682b008c00665fb2,"Drawing on the real-world pressing need for ethical AI
governance, this extended abstract proposes a contextual
framework using a zoning approach to guide AI deployment:
adaptation zones, non-adaptation zones, and hybrid zones.
Beyond its practical implications, this framework also
raises a deeper societal question: As we advance toward an
era of superintelligence and pervasive automation, is a
fully automated society truly compatible with human nature
and long-term well-being?",0.8040201005025126,2.280081497656951,-0.3526277904227269,-0.3310912364905954,Bottom 50%
The Socratic Dialogue as a Method for Virtue Ethics in AI: A Case Study,"Maarten Wilders, Íñigo Martinez De Rituerto De Troya, Roel Dobbe",2025,"Proceedings of the AAAI/ACM Conference on AI, Ethics, and Society",10.1609/aies.v8i3.36748,https://www.semanticscholar.org/paper/36583375a743619182c51a8a492c4f5db2a267e8,0,36583375a743619182c51a8a492c4f5db2a267e8,"This paper investigates how the Socratic Dialogue can cultivate moral virtues among AI practitioners, focusing on core virtues identified by Hagendorff as essential to ethical AI practice: justice, care, honesty, responsibility, practical wisdom (phronesis), and fortitude. Using a case study conducted at a financial bank’s transaction monitoring department, we examine how structured ethical deliberation cultivates the dispositions needed to navigate moral complexity in AI ethics. Seven participants, including data scientists, legal specialists, and ethics experts, engaged in a facilitated Socratic Dialogue centered on an ethical dilemma involving AI-driven detection of financial fraud and terrorist activity. Through abductive analysis, we found that tensions emerged within key virtues, illustrating the complexities of ethical decision-making in AI systems. Through the collective nature of the dialogue, participants developed a more refined and context-sensitive understanding of key virtues, exploring what it means to be just, caring, honest, or responsible in practice by navigating within them. This process cultivated practical wisdom not as a solitary trait, but as a relational capacity fostered through shared reflection and moral reasoning. Additionally, the method strengthens fortitude, encouraging AI practitioners to voice ethical concerns despite situational pressures. While challenges remain, such as time investment, facilitation demands, and existing power imbalances, the Socratic Dialogue offers a promising foundation for virtue-oriented AI ethics that moves beyond compliance frameworks toward deeper moral engagement.",0.8040201005025126,2.280081497656951,-0.3526277904227269,-0.3310912364905954,Bottom 50%
When Algorithms Fail: The Case for Moral Repair (Extended Abstract),"Pak-Hang Wong, Gernot Rieder",2025,"Proceedings of the AAAI/ACM Conference on AI, Ethics, and Society",10.1609/aies.v8i3.36752,https://www.semanticscholar.org/paper/6bfbe052dbaffec4d8be91ee2971046e55aa9539,0,6bfbe052dbaffec4d8be91ee2971046e55aa9539,"In response to growing concerns over the societal impacts of AI and algorithmic decision-making, current scholarly and legal efforts have mainly focused on identifying risks and implementing safeguards against harmful consequences, with regulations seeking to ensure that systems are secure, trustworthy, and ethical. This preventative approach, however, rests on the assumption that algorithmic harm can essentially be avoided by specifying rules and requirements that protect against potential dangers. Consequently, comparatively little attention has been given to post-harm scenarios, i.e. cases and situations where individuals have already been harmed by an algorithmic system. We contend that this inattention to the aftermath of harm constitutes a major blind spot in AI ethics and governance and propose the notion of algorithmic imprint as a sensitizing concept for understanding both the nature and potential longer-term effects of algorithmic harm. Arguing that neither the decommissioning of harmful systems nor the reversal of damaging decisions is sufficient to fully address these effects, we suggest that a more comprehensive response to algorithmic harm requires engaging in discussions on moral repair, offering directions on what such a plea for moral repair ultimately entails.",0.8040201005025126,2.280081497656951,-0.3526277904227269,-0.3310912364905954,Bottom 50%
Brokering Ethics: A Retrospective Study on the Use of a Data Ethics Framework,"Sophia Worth, Georgia Panagiotidou, E. Simperl",2025,"Proceedings of the AAAI/ACM Conference on AI, Ethics, and Society",10.1609/aies.v8i3.36753,https://www.semanticscholar.org/paper/a2476b28ed7b5db55e0f9dff9a5af5e08e493eec,0,a2476b28ed7b5db55e0f9dff9a5af5e08e493eec,"Recent years have seen a surge of interest in structured tools and interventions for responsible data and technology development and deployment. As part of this phenomenon, data ethics frameworks have emerged as a basic tool that go beyond lists of `ethics principles', aiming to guide the practical application of these ethical considerations. This study offers an in-depth insight into how organisations are making use of the Data Ethics Canvas - a popular, openly licensed data ethics framework, developed by a non-profit, and used across a diverse range of organisations. Through a reflexive thematic analysis of 22 interviews with tool users, we draw key reflections to understand its role in organisational settings. We find that participants aim to use the tool for data ethics assessment, literacy, and as a foundation or inspiration for governance initiatives. We argue that the versatility of the tool offers an opportunity for `brokering' among stakeholders who approach data practices from different perspectives. Still, limited guidance and a need to overcome organisational barriers leave significant responsibility on individuals to deliver outcomes from interactions with the tool. We further discuss how far these findings can be used to reflect on wider use, re-design, re-framing and evaluation of interventions to generate responsible data practices. We offer recommendations including the need for clear and robust guidance of users' engagements with tools, and for tools to account for a landscape where responsibilities for data practices and their AI applications increasingly converge.",0.8040201005025126,2.280081497656951,-0.3526277904227269,-0.3310912364905954,Bottom 50%
A Survey of Large Language Model Use and Its Technical Limitations in Military Systems Through a Decolonial Lens (Extended Abstract),Sonia Fereidooni,2025,"Proceedings of the AAAI/ACM Conference on AI, Ethics, and Society",10.1609/aies.v8i3.36773,https://www.semanticscholar.org/paper/e890891bd6032b5e93ac7fb67b8689626392edba,0,e890891bd6032b5e93ac7fb67b8689626392edba,"The increased integration of LLMs into military systems requires a decolonial analysis to evaluate the lasting sociopolitical impact of such systems on individuals in global conflict settings. In this paper, we first survey all publicly-identifiable use cases of LLMs across all military domains, then apply Edward Said's framework of Orientalism as a basis for our decolonial framework to analyze the longstanding technical limitations of LLMs within these domains. Through technical limitations such as bias, accountability, explainability, sycophancy, data scarcity and data colonialism, deficiencies in real-world understanding and commonsense reasoning, Western-centric ethics, and susceptibility to hallucination and misinformation, and through Saidian concepts of 'Othering,' the power of representation, and the silencing of marginalized perspectives through regulation of autonomy, the paper finds that the use of LLMs in the military serves to automate and amplify historical colonial dynamics of power, control, and purposeful misrepresentation of non-Western cultures through the weaponization of language. This analysis highlights the urgent need to address how LLM vulnerabilities in the military severely harm populations where such technology is used against, reproducing global systemic inequalities and colonial legacies within modern warfare.",0.8040201005025126,2.280081497656951,-0.3526277904227269,-0.3310912364905954,Bottom 50%
Designing Stakeholder-Based Pedagogy for AI Ethics Education: Insights from a Multi-Institutional Case Study,"Yifan Zhang, Harini Suresh, J. Netter",2025,"Proceedings of the AAAI/ACM Conference on AI, Ethics, and Society",10.1609/aies.v8i3.36759,https://www.semanticscholar.org/paper/700000cecce48040bf1126bf8ad5ee3dd7d49523,0,700000cecce48040bf1126bf8ad5ee3dd7d49523,"As AI systems increasingly shape real-world decisions, there is growing urgency to teach students not only how to build these systems but also how to consider the social impact of their design choices. One promising approach explored in computing education is the stakeholder-based pedagogy, which, in AI courses, encourages students to examine how AI development affects different groups and to design with those needs and values in mind. In this pilot study, we conducted interviews with 14 instructors across three U.S. institutions to understand how they design and implement stakeholder-based modules in undergraduate AI ethics education. Our findings reveal two core pedagogical strategies: empathy-driven role play and structured stakeholder analysis, as well as cross-cutting challenges, including the heavy labor of curating materials, limited integration of stakeholder reasoning into the broader AI curriculum, time constraints, difficulty embedding stakeholder reasoning into technical instruction, and unclear assessment methods. We also examine how these challenges are shaped by the curricular structures and institutional contexts in which the modules were implemented. Drawing on these insights, we offer recommendations to strengthen stakeholder-based AI ethics education at both the micro level (e.g., establishing shared resource repositories and assessment frameworks across institutions) and the macro level (e.g., prioritizing stakeholder reasoning as a core AI competency and fostering channels for interdisciplinary and academia-industry dialogue). This work contributes to ongoing conversations in AI ethics education on how to better prepare students to become socially responsible AI practitioners through meaningful stakeholder analysis and engagement.",0.8040201005025126,2.280081497656951,-0.3526277904227269,-0.3310912364905954,Bottom 50%
Deploying AI in Uncertain Environments: A Technical Limitation or a Human Characteristic?,M. Elliott,2025,"Proceedings of the AAAI/ACM Conference on AI, Ethics, and Society",10.1609/aies.v8i3.36772,https://www.semanticscholar.org/paper/a8c97ee21d5cef913ecd5bb5f401ae34af35fc69,0,a8c97ee21d5cef913ecd5bb5f401ae34af35fc69,"The relationship between AI and uncertainty in high-stakes
public environments has not yet been given the attention
that it requires. While technical literature often frames
uncertainty as a limitation that should be resolved or
minimised, this project draws attention to an alternative
interpretation: uncertainty as a fundamental and valuable
component of human judgment, particularly within many
aspects of public sector decision-making, and therefore
minimising uncertainty to design more effective AI can
become undesirable. My research investigates how AI systems
designed for predictability, consistency, and optimization
struggle to operate effectively in environments where
discretion, ambiguity, and pluralism are not only
unavoidable but often necessary. This project advances the
conceptual understanding of uncertainty in AI ethics and
governance while also offering early empirical insights
through experiments with large language models in legal
interpretive tasks. The overarching aim is to develop
normative and technical guidance for building AI systems
that align more meaningfully with the social and
institutional functions of uncertainty. Additionally, I
acknowledge the benefits of meaningfully minimising
environmental uncertainties for AI systems and my future
work aspires to produce a framework to help guide when
adaptations to reduce uncertainty for public sector AI are
permittable and when they should not be made to ensure the
inherent humanness of society remains intact.",0.8040201005025126,2.280081497656951,-0.3526277904227269,-0.3310912364905954,Bottom 50%
Aligning AI Systems with Human Values: A Method for Identifying and Specifying Values,"Liv Ziegfeld, Esther S. Kox, Ivana Akrum, Marlijn Heijnen",2025,"Proceedings of the AAAI/ACM Conference on AI, Ethics, and Society",10.1609/aies.v8i3.36762,https://www.semanticscholar.org/paper/ea7e3e923f753115a181510c8486938a4de223bd,0,ea7e3e923f753115a181510c8486938a4de223bd,"This work explores how AI-based systems can be designed and
developed in a more responsible manner by aligning them
with human values. To this end, we propose a structured
approach for identifying and specifying values for AI
systems through stakeholder workshops. While engaging
relevant stakeholders within a particular context of use is
crucial for designing more ethically-aligned AI systems, it
is not a trivial task due to the inherent complexity and
abstractness values can evoke. In this paper, we aim to
address these challenges and offer actionable insights by
developing methodologies for value identification and
specification, grounded in a real-world use case: a
healthcare application designed to detect and prevent
exacerbations of chronic obstructive pulmonary disease
(COPD). We demonstrate how values such as autonomy can be
identified, contextualized and translated into concrete
design implications guiding the AI system's behaviour. Our
contribution offers practical guidance for fellow
researchers, designers, developers and regulators seeking
to navigate the complexities of responsible AI development.",0.8040201005025126,2.280081497656951,-0.3526277904227269,-0.3310912364905954,Bottom 50%
Binary Optics: Colonial Classification of Trans Lives in Algorithmic Technologies,Christoffer Koch Andersen,2025,"Proceedings of the AAAI/ACM Conference on AI, Ethics, and Society",10.1609/aies.v8i3.36786,https://www.semanticscholar.org/paper/4f3e509631f5fc57af5bf19405598521ccfd0de1,0,4f3e509631f5fc57af5bf19405598521ccfd0de1,"This article argues that algorithms are not neutral, but encode colonialist visions from the past into the present that disproportionately harm trans lives. I argue that colonial classification regimes brought forward by Western states that sought to sort, order and classify humans into binary categories—such as binary gender—are extended through algorithmic technologies into the present. This contemporary encoding of colonial classification reinscribes the default notion of binary gender, which makes algorithmic technologies unequipped to account for nuances of gender diversity, failing to comprehend those defying binary categorisation, and directing violence towards trans lives. I suggest that, only by tracing the colonial origins and development of broader sociopolitical ideals of human classification and differentiation along axes of race/gender into algorithmic code, it becomes visible how colonial logics historically permeated and prevail through novel means to this day – curating a ‘binary optics’ continued by algorithmic operations. Critically, this enables us to unveil and understand the extent and implications of how algorithmic technologies encode harmful and exclusionary practices.",0.8040201005025126,2.280081497656951,-0.3526277904227269,-0.3310912364905954,Bottom 50%
Beyond Templates: Understanding and Addressing Human-AI Interaction Harms Through Practitioners' Assumptions,Julia De Miguel Velázquez,2025,"Proceedings of the AAAI/ACM Conference on AI, Ethics, and Society",10.1609/aies.v8i3.36771,https://www.semanticscholar.org/paper/457a39df09ff528c229ea824a2ceb6745ae6f43f,0,457a39df09ff528c229ea824a2ceb6745ae6f43f,"Human-AI interaction risks account for most real-world AI harms but remain underrepresented in safety evaluations. Instead, these tend to prioritize model-level evaluations, abstracting away the contexts in which harms emerge. In tackling this, responsible AI efforts have provided practitioners with tools, such as checklists and impact assessments. Yet, these tools often assume a shared understanding of harm, overlooking practitioners' personal, organizational, and media assumptions. As research increasingly addresses human-AI interaction risks, it is crucial to examine practitioners' assumptions. I first conduct a survey and interviews to empirically explore how practitioners envision harm through their underlying assumptions. Second, I reflect on these findings to explore how responsible AI efforts can better support critical reflection on underlying assumptions.",0.8040201005025126,2.280081497656951,-0.3526277904227269,-0.3310912364905954,Bottom 50%
Advancing Fairness in Generative AI Through Intrinsic and Extrinsic Bias Evaluation and Mitigation,Mina Arzaghi,2025,"Proceedings of the AAAI/ACM Conference on AI, Ethics, and Society",10.1609/aies.v8i3.36764,https://www.semanticscholar.org/paper/8a44b61abf727db9c2d602f079366911468007c3,0,8a44b61abf727db9c2d602f079366911468007c3,"This research focuses on understanding and mitigating bias in generative AI models, specifically by examining both intrinsic and extrinsic biases. The project aims to develop a unified evaluation framework and bias mitigation strategies to promote fairness across real-world applications, such as finance and healthcare. The goal is to ensure generative AI systems do not propagate harmful societal biases, and the research explores bias detection and mitigation across various deployment stages.",0.8040201005025126,2.280081497656951,-0.3526277904227269,-0.3310912364905954,Bottom 50%
The Dilemmas of Moral Autonomy in the Transfer of Human Consciousness to AI,Denis Chiriac,2025,"Proceedings of the AAAI/ACM Conference on AI, Ethics, and Society",10.1609/aies.v8i3.36770,https://www.semanticscholar.org/paper/f20d4385fa7afcdf6e34614498c9e4816306a869,0,f20d4385fa7afcdf6e34614498c9e4816306a869,"This paper examines the dilemmas of moral autonomy in the context of the transfer of human consciousness to AI, focusing on the transhumanist archetype Homo Evolutus. Through comparative analysis, the study explores two distinct paradigms: the secular approach, rooted in Kantian philosophy, which considers that moral autonomy can be preserved through transfer; and the religious perspective (Catholic, Protestant, and Orthodox), which argues that the human person is an essential unity of body and soul, making the transfer conceptually impossible. The study highlights three central dilemmas: the authenticity of digital moral reflection, the distribution of responsibility between the biological and digital selves, and the limits of autonomy in human-AI integration. The secular paradigm perpetuates Cartesian dualism, while the theological perspective asserts that consciousness transfer raises fundamental ontological problems that cannot be solved by secular approaches alone. The conclusion emphasizes the need for an interdisciplinary approach that includes theological aspects to clarify what it means to be a moral agent in a technologically altered world.",0.8040201005025126,2.280081497656951,-0.3526277904227269,-0.3310912364905954,Bottom 50%
The Ethics of Surveillance AI: Framing Data as a Socio-collective Good in Mitigating Data Colonialism,A. Azeez,2025,"Proceedings of the AAAI/ACM Conference on AI, Ethics, and Society",10.1609/aies.v8i3.36765,https://www.semanticscholar.org/paper/71834960e84a0932643574294ca78181d36567fc,0,71834960e84a0932643574294ca78181d36567fc,"In my thesis, I examine how facial recognition technology (FRT) in the Global South operates within a system of data colonialism, where powerful organizations extract and exploit data from marginalized populations without meaningful consent, oversight, or benefit to those being surveilled. I argue that the ethical failure of data collection, storage, and usage in the context of FRT stems from a deeper conceptual failure: data is wrongly framed as capital rather than as a socio-collective good. Framing data is not a neutral or technical choice—it reflects how we understand identity, power, and social relations. Treating data as capital enables extractive and coercive practices that undermine dignity, autonomy, and justice, especially in contexts where communities lack the institutional means to challenge how their data is used. By contrast, reframing data as a socio-collective good—embedded in community, shaped by social relations, and subject to collective governance—exposes the moral structure of FRT deployment and clarifies the ethical duties owed to those whose data is captured, stored, and used. This framing compels a shift from individual consent and technical accuracy toward relational autonomy, contextual integrity, and shared accountability.",0.8040201005025126,2.280081497656951,-0.3526277904227269,-0.3310912364905954,Bottom 50%
Human Centered AI for Research Ethics and Transparency,Tatiana Chakravorti,2025,"Proceedings of the AAAI/ACM Conference on AI, Ethics, and Society",10.1609/aies.v8i3.36769,https://www.semanticscholar.org/paper/090464061cb458efeedb67e187a81957fde2caf3,0,090464061cb458efeedb67e187a81957fde2caf3,"In recent years, empirical sciences have faced a crisis of
confidence, sparked by high-profile replication projects
that failed to reproduce key findings. This ""replication
crisis"" has prompted widespread reflection and a growing
movement advocating for reform. Central to this movement is
the belief that reproducibility, transparency, and rigorous
evaluation are essential to scientific progress. Our
research aligns with these goals, emphasizing how emerging
technologies can offer innovative tools to address
challenges in scientific integrity and reliability. This
project outlines a research agenda focused on the use of
artificial intelligence (AI) and hybrid human-AI systems to
assess the replicability of scientific findings and to
better understand science as a socially embedded practice.
We develop and test a new class of AI-driven prediction
markets, where algorithmic agents trade contracts tied to
the outcomes of replication studies. Recognizing the value
of human judgment, we explore hybrid prediction markets
that integrate human participants alongside AI agents.
These systems are examined through simulations and pilot
experiments in real-world settings.

To guide the design of these tools, we conduct in-depth
surveys and interviews with researchers, gathering insights
into the practical needs and concerns surrounding AI and
hybrid systems in scientific workflows. Particular
attention is paid to transparency, explainability, and the
social and cultural dimensions that shape scientific
practices. Our work aims to inform the development of
technologies that not only support more reliable science
but also respect and reflect the values of the scientific
community.",0.8040201005025126,2.280081497656951,-0.3526277904227269,-0.3310912364905954,Bottom 50%
Lay Stakeholder Centric Sociotechnical Mechanisms for Addressing the Impacts of Generative AI,Julia Barnett,2025,"Proceedings of the AAAI/ACM Conference on AI, Ethics, and Society",10.1609/aies.v8i3.36766,https://www.semanticscholar.org/paper/eb962bae4d4c897fef65eb9b493f267c35b95b24,0,eb962bae4d4c897fef65eb9b493f267c35b95b24,"This work argues that current approaches to mitigating the harms of generative AI (genAI) overlook the perspectives of lay stakeholders: people without professional or technical expertise relating to genAI, but who possess a contextual and situational experience about how the impacts of these systems affect them on the ground level. While expert-driven frameworks dominate risk assessment, this research introduces a participatory, sociotechnical framework that redistributes agency to lay stakeholders through three mechanisms addressing different scales of harm, each presented through a different case study. At the micro-scale, a technological mechanism empowers users of generative music tools to resist harms resulting from uninformed attribution, such as copyright infringement. At the macro-scale, a policy mechanism integrates lay stakeholders' perspectives into the policy pipeline to inform governance of AI in relation to media ecosystems. At the meso-scale, a judicial mechanism strengthens courts’ ability to evaluate genAI-related copyright disputes by incorporating lay perspectives into evidentiary processes. Together, these mechanisms propose actionable ways to balance relationships between technology developers, governing bodies, and lay stakeholders, ensuring that those most affected by genAI are meaningfully included in addressing the harms.",0.8040201005025126,2.280081497656951,-0.3526277904227269,-0.3310912364905954,Bottom 50%
"On the Computational, Informational, and Physical Foundations for AI Safety",R. Young,2025,"Proceedings of the AAAI/ACM Conference on AI, Ethics, and Society",10.1609/aies.v8i3.36802,https://www.semanticscholar.org/paper/0d751f998bffb1709c0d0b2ca0fdcc0fdf78334f,0,0d751f998bffb1709c0d0b2ca0fdcc0fdf78334f,"Current approaches to AI safety predominantly focus on specifying correct behavior through software, data, and rules. This work argues that this approach faces theoretically fundamental, and not merely practical, limitations. I present a multi-layered analysis of this paradigm, demonstrating its inherent barriers from the perspectives of computational complexity, information theory, and physical engineering. In ongoing work, I prove that even simplified forms of semantic self-verification are computationally intractable (NP-complete). I use information theory to show that any specification of an external, ambiguous concept like ""harm"" is necessarily incomplete. To address these limits, I develop a framework for reasoning about verifiable, physically-enforced safety bounds that are independent of software state.",0.8040201005025126,2.280081497656951,-0.3526277904227269,-0.3310912364905954,Bottom 50%
AI Safety and Security Enable Innovation in Global Majority Countries (Extended Abstract),"Joanna Wiaterek, Jared Perlo",2025,"Proceedings of the AAAI/ACM Conference on AI, Ethics, and Society",10.1609/aies.v8i3.36747,https://www.semanticscholar.org/paper/3ed438921a9268ac2fdb07cada5045340c3b4faa,0,3ed438921a9268ac2fdb07cada5045340c3b4faa,"In recent years, experts and policy-makers have
increasingly acknowledged risks posed by AI. However,
investments in AI safety and security (S&S) have been
portrayed as trade-offs against AI innovation and
development priorities, particularly in Global Majority
countries. AI S&S efforts are also often framed as being
the prerogative or only in the domain of countries
developing frontier AI models and advanced AI
infrastructure. This paper argues that such rhetoric
constitutes a false dichotomy and ultimately undermines
development prospects in emerging economies. Numerous
dimensions of AI S&S function as prerequisites for
sustainable development benefits rather than as competitive
priorities. This paper analyzes a series of case studies,
ranging from nuclear safety to mobile banking, to emphasize
how S&S measures may yield significant development returns.
The paper concludes by examining how the Global Majority’s
participation in international AI S&S discussions, such as
the upcoming AI Summit in India, can render long-term
developmental benefits.",0.8040201005025126,2.280081497656951,-0.3526277904227269,-0.3310912364905954,Bottom 50%
Towards Responsible AI Governance in the Brazilian Judiciary,B. Fonseca,2025,"Proceedings of the AAAI/ACM Conference on AI, Ethics, and Society",10.1609/aies.v8i3.36774,https://www.semanticscholar.org/paper/22f56983fe1da1f28218db9d1f89e4ae159bab4a,0,22f56983fe1da1f28218db9d1f89e4ae159bab4a,"Artificial intelligence (AI) has been increasingly adopted in judicial systems, including in Brazil, where over 100 AI tools have been implemented since the early 2020s under the National Council of Justice’s (CNJ) Justice 4.0 program. While these systems such as Victor and Athos support legal document classification, case triage, and jurisprudence recommendation, their use raises concerns about transparency, fairness, and alignment with constitutional and legal norms. This research examines how responsible AI is being operationalized in the Brazilian judiciary, analyzing the legal frameworks, governance strategies, and institutional infrastructures guiding its deployment. Drawing on regulatory developments including CNJ Resolutions No. 332/2020 and 615/2025 and a national CNJ survey of 140 AI models, the study identifies both advances and tensions in areas such as transparency, human oversight, explainability, and ethical risk management. Through document analysis and semi-structured interviews with judges and judicial administrators, it explores how principles like justice and accountability are translated into practice, contributing to broader debates on AI governance and the role of automation in public institutions. Initial findings indicate a shift from a principle-based framework in 2020 to a more prescriptive and detailed governance model in 2025, incorporating risk classification, stronger transparency requirements, and specific rules for generative AI, while raising questions about potential challenges in the practical enforcement of governance measures.",0.8040201005025126,2.280081497656951,-0.3526277904227269,-0.3310912364905954,Bottom 50%
Diverse Human Value Alignment for Large Language Models via Ethical Reasoning,"Jiahao Wang, Songkai Xue, Jinghui Li, Xiaozhen Wang",2025,"Proceedings of the AAAI/ACM Conference on AI, Ethics, and Society",10.1609/aies.v8i3.36744,https://www.semanticscholar.org/paper/feb4eb98451b07ef6fe72daccfd10acf735498f6,0,feb4eb98451b07ef6fe72daccfd10acf735498f6,"Ensuring that Large Language Models (LLMs) align with the diverse and evolving human values across different regions and cultures remains a critical challenge in AI ethics. Current alignment approaches often yield superficial conformity rather than genuine ethical understanding, failing to address the complex, context-dependent nature of human values. In this paper, we propose a novel ethical reasoning paradigm for LLMs inspired by well-established ethical decision-making models, aiming at enhancing diverse human value alignment through deliberative ethical reasoning. Our framework consists of a structured five-step process, including contextual fact gathering, hierarchical social norm identification, option generation, multiple-lens ethical impact analysis, and reflection. This theory-grounded approach guides LLMs through an interpretable reasoning process that enhances their ability to understand regional specificities and perform nuanced ethical analysis, which can be implemented with either prompt engineering or supervised fine-tuning methods. We perform evaluations on the SafeWorld benchmark that specially designed for regional value alignment. Experimental results demonstrate our framework significantly improves LLM alignment with diverse human values compared to baseline methods, enabling more accurate social norm identification and more culturally appropriate reasoning. Our work provides a concrete pathway toward developing LLMs that align more effectively with the multifaceted values of global societies through interdisciplinary research.",0.8040201005025126,2.280081497656951,-0.3526277904227269,-0.3310912364905954,Bottom 50%
Improvising Accountability: The Everyday Governance Work of Responsible AI in the Public Sector,Ana Gagua,2025,"Proceedings of the AAAI/ACM Conference on AI, Ethics, and Society",10.1609/aies.v8i3.36775,https://www.semanticscholar.org/paper/8a935dcaeeab162090a747cbccd7b70f69d6ca9c,0,8a935dcaeeab162090a747cbccd7b70f69d6ca9c,"Public sector organisations are increasingly expected to operationalise Responsible AI (RAI) principles such as transparency and accountability. Yet translating these principles into everyday practice remains challenging and underexplored, particularly in public sector settings. In this study, I explore how accountability practices around transparency requirements are navigated inside a Dutch regulatory agency developing AI systems for risk-based inspections, drawing on my 1.5 years of organisational ethnography. The preliminary findings highlight how public sector practitioners engage in everyday governance work – creating accountability processes through improvised practices when formal structures are absent. This work contributes to a practice-based understanding of RAI and challenges assumptions about organisational maturity as the solution to operationalisation challenges.",0.8040201005025126,2.280081497656951,-0.3526277904227269,-0.3310912364905954,Bottom 50%
Exclusive Flux: A Review of Flux’s Generation of LGBTQ+ Couples,"Lynn Vonderhaar, Kayla V. Taylor, Jennifer Wojton, Omar Ochoa",2025,"Proceedings of the AAAI/ACM Conference on AI, Ethics, and Society",10.1609/aies.v8i3.36741,https://www.semanticscholar.org/paper/73191f928100bca77674109df6ab5a4fe70b8963,0,73191f928100bca77674109df6ab5a4fe70b8963,"The increasing scope and public use of Generative Artificial Intelligence (GenAI) platforms, particularly image generation tools, have prompted questions about the safety and fairness of large Vision Language Models (VLMs), e.g., Flux and DALL-E. The ubiquity and convincing realism of AI-generated imagery injects significant challenges into modern digital literacy efforts because VLMs may unintentionally perpetuate historical stereotypes as a result of biases in training data scraped from the web. Because these VLMs are open-use and their synthetic images are not subject to copyright permissions, these model biases can have far-reaching effects that cement societal biases and reinforce exclusionary practices. Therefore, it is critical to explore and identify bias within these models and to cultivate an understanding of the cultural context in which these biases are echoed as a first step to mitigating these problems. This paper provides an in-depth study of bias against LGBTQ+ individuals in images generated by Flux, the leading image generator model. This work uses a One-Factor-at-a-Time (OFAT) approach to critique the heterosexism present in Flux’s generations, discusses the impact that biased GenAI imagery may have on society, and provides a survey of existing mitigation strategies. The results of these experiments highlight a lack of nuance in Flux’s training, leading to biased synthetic image generation.",0.8040201005025126,2.280081497656951,-0.3526277904227269,-0.3310912364905954,Bottom 50%
From Model Multiplicity to Prompt Multiplicity: Emerging Arbitrariness Concerns in the Age of Generative AI,Prakhar Ganesh,2025,"Proceedings of the AAAI/ACM Conference on AI, Ethics, and Society",10.1609/aies.v8i3.36776,https://www.semanticscholar.org/paper/26be51a0f0f12b16d0ca15ab4377a0807d54c5a7,0,26be51a0f0f12b16d0ca15ab4377a0807d54c5a7,"This extended abstract introduces the concept of prompt multiplicity—the phenomenon where different prompts, despite yielding similar overall performance from generative AI models, result in significantly divergent individual outputs. Building on the well-studied notion of model multiplicity, the work argues that the shift toward prompt-centric design in large language models has introduced new forms of arbitrariness that impact transparency, fairness, and robustness. The abstract highlights how prompt multiplicity can complicate evaluation and auditing processes, underscoring the need for new metrics and methodologies to ensure accountable and secure deployment of generative AI systems.",0.8040201005025126,2.280081497656951,-0.3526277904227269,-0.3310912364905954,Bottom 50%
AI Ethics in Cyborg Anthropology: Examining AI-Driven Job Displacement Among Women and Marginalized Groups,Tessina Grant Moloney,2025,"Proceedings of the AAAI/ACM Conference on AI, Ethics, and Society",10.1609/aies.v8i3.36777,https://www.semanticscholar.org/paper/d52582d1da8fc8ab67c37f05e40789b281d21711,0,d52582d1da8fc8ab67c37f05e40789b281d21711,"This paper positions future work in AI ethics through the lens of cyborg anthropology. It proposes autoethnography, case studies, and surveys to identify the role AI plays in the job insecurity faced by women and marginalized persons.",0.8040201005025126,2.280081497656951,-0.3526277904227269,-0.3310912364905954,Bottom 50%
Regulatory Policies on Ethics Evaluations for Large-Scale AI Systems,Neha R. Gupta,2025,"Proceedings of the AAAI/ACM Conference on AI, Ethics, and Society",10.1609/aies.v8i3.36778,https://www.semanticscholar.org/paper/3b17a9b1569d43b2434eaa2cc4d5d1654ce6fa8c,0,3b17a9b1569d43b2434eaa2cc4d5d1654ce6fa8c,"The potential ethical harms of large ML systems have expanded model evaluation processes in parallel, and a breadth of research proposes new metrics or measurement techniques for model bias and safety, and comprehensive documentation frameworks for practitioners to use. The creation of community standards and governance structures indicates intrinsic motivation towards ethical AI, but to bolster accountability beyond voluntary participation, a patchwork of regulatory proposals relying on audits has emerged, which preside over varying jurisdictions and domains of applicability. Ultimately, changes to regulatory policies involving AI evaluations affects organization decision making, and also impacts deployed models. My research interests and ongoing work explore the dynamics between regulators and practitioners, as well as the competing priorities involved, with the hope of improving our ability to ensure deployed systems are ethical, and facilitating discussion among stakeholders.",0.8040201005025126,2.280081497656951,-0.3526277904227269,-0.3310912364905954,Bottom 50%
Can Improved Data Representation Support AI for Health Equity? A Visual Approach,"S. Vethman, Jildau Bouwman, Cor J. Veenman",2025,"Proceedings of the AAAI/ACM Conference on AI, Ethics, and Society",10.1609/aies.v8i3.36740,https://www.semanticscholar.org/paper/a4bcab5e99c169ae231112356c21538bf2ce7c5e,0,a4bcab5e99c169ae231112356c21538bf2ce7c5e,"Representation is a critical concern in the development, use and decisions about AI. AI fairness and health equity research present frameworks for representation that highlight underlying structural issues (such as systemic discrimination) that go beyond, yet also shape, both data and AI tooling. Still, there is a lack of actionable methods to interrogate data representation and support critical reflection on its role in AI systems.

We propose a visual, data-driven approach that links decisions about data representation to AI model performance across subgroups. Our method consists of two plots: the representation association plot, which shows whether subgroup representation affects performance, and the representation expansion plot, which simulates how performance disparities may change when expanding subgroup data. We apply our approach to the Lifelines Cohort Study for two health equity use cases: early detection of diabetes and cardiovascular disease. The plots reveal that improving age representation may reduce disparities, while sex and education-based disparities appear unrelated to representation in the dataset. This approach has the potential to guide researchers in identifying when improving data representation may contribute to reducing performance disparities, and when such efforts are unlikely to be effective. As a critical but partial tool, our approach should be embedded in broader inclusive research practices, where representation extends to who defines the data and determines whether and how AI is applied. Future research should validate the actionability of insights with users and priorities of those bearing the health burden.",0.8040201005025126,2.280081497656951,-0.3526277904227269,-0.3310912364905954,Bottom 50%
Fairness-Aware Post-Processing in Supervised Classification: L1/L2 Norm and Optimal Swapping Methods,"Flore Vancompernolle Vromman, Sylvain Courtain, Pierre Leleux, Marco Saerens",2025,"Proceedings of the AAAI/ACM Conference on AI, Ethics, and Society",10.1609/aies.v8i3.36738,https://www.semanticscholar.org/paper/6a44eb30a3308ca004f9d9399d8b97493b86c631,0,6a44eb30a3308ca004f9d9399d8b97493b86c631,"The growing use of AI in decision-making raises ethical concerns, including fairness in classification tasks. In this paper, we propose two fairness-aware post-processing methods — (1) the least L1/L2 norm with covariance constraints and (2) the optimal swapping — which address group fairness in the outputs of any probabilistic classifier. The first method incorporates fairness constraints and minimizes deviations from the classifier's initial probabilistic predictions through an interpolation between the L1 and L2 norms. The second method is a heuristic approach that directly modifies binary classification decisions through a simple, yet efficient swapping approach. We evaluate our methods on five benchmark datasets and compare them with some well-established baselines. Our results show that optimal swapping achieves the best trade-off between fairness and accuracy on the investigated datasets. While we focus on demographic parity and disparate impact, our swapping post-processing method is adaptable to multi-class settings, some other fairness definitions, and allows for additional linear constraints.",0.8040201005025126,2.280081497656951,-0.3526277904227269,-0.3310912364905954,Bottom 50%
Participatory AI and the EU AI Act,"Chiara Ullstein, Simon Jarvers, Michel Hohendanner, Orestis Papakyriakopoulos, Jens Grossklags",2025,"Proceedings of the AAAI/ACM Conference on AI, Ethics, and Society",10.1609/aies.v8i3.36737,https://www.semanticscholar.org/paper/7215cc52c59008394be397f4f831905d2835ff73,0,7215cc52c59008394be397f4f831905d2835ff73,"Participatory AI calls for the involvement of stakeholders in AI design, development, evaluation, and deployment to attain more inclusive, transparent, and accountable AI. However, actual implementations of participatory AI remain little incentivized by governments, despite appeals issued by academia and also industry. In this work, we investigate the role of 'participation' in the obligations of AI system providers and deployers set out by the EU AI Act. First, we analyze the gaps between the participation explicitly stated in the non-binding recitals of the AI Act and the provisions of the Act itself, showing that the legal demand for participation is limited. For example, neither Article 9 on risk management systems nor Article 27 on the fundamental rights impact assessment mention any form of participation. Article 95 on the voluntary codes of conduct is the only enacting term that explicitly suggests stakeholder participation. Second, based on these results, we analyze opportunities for participation emerging from the obligations of high-risk AI system providers and deployers (AI Act, Chapter III, Sections 2 and 3). We identify five clusters of obligations with participatory opportunities: risk management, data and data governance, information provision, resilience testing, and impact assessment. Third, we provide examples of use cases for each of the identified opportunities for participation. This work contributes to a better understanding of regulatory demands and practical opportunities regarding participatory AI in the context of the AI Act.",0.8040201005025126,2.280081497656951,-0.3526277904227269,-0.3310912364905954,Bottom 50%
Fairness in Social Media Platforms: Modeling Behavior and Designing Interventions,Salima Jaoua,2025,"Proceedings of the AAAI/ACM Conference on AI, Ethics, and Society",10.1609/aies.v8i3.36780,https://www.semanticscholar.org/paper/5f92ebf7164acf8ebdaa8854ac01658c63bd26bd,0,5f92ebf7164acf8ebdaa8854ac01658c63bd26bd,"Machine learning is increasingly used for decision making that determines who is recommended, hired, or funded. These algorithms, trained on historical data, often amplify social biases and have a meaningful impact on the user’s lives. In particular, social media platforms provide millions of professional content creators with sustainable incomes. Their income is largely influenced by their number of views and followers, which depends on the platform’s recommender system. So, as with regular jobs, it is important to ensure that recommender systems distribute revenue fairly. While prior analysis has demonstrated that fairness for creators is unlikely to be achieved, it has not suggested targeted solutions. In this work, we use theoretical analysis and simulations to understand the system better and find interventions that improve fairness for creators.",0.8040201005025126,2.280081497656951,-0.3526277904227269,-0.3310912364905954,Bottom 50%
Critical Explorations on the Socio-Ethical Implications of Creative AI for Artists,Anna-Kaisa Kaila,2025,"Proceedings of the AAAI/ACM Conference on AI, Ethics, and Society",10.1609/aies.v8i3.36781,https://www.semanticscholar.org/paper/575d96775880f61dc5205278b8c005cd9a166b4d,0,575d96775880f61dc5205278b8c005cd9a166b4d,"Rapidly increased commercial investment in the development of creative AI applications has so far largely outpaced societal norm-setting and regulation efforts in cultural and creative sectors. Critically oriented empirical work is urgently needed to help balance the situation and provide a grounding for policy work in the area. My PhD project examines the impacts of creative AI on the conditions of artistic work. Drawing from a series of empirical case studies, I explore how AI technology currently manifests in the creative domains from the perspective of professional artists, and how care ethics could pave the way towards responsible creative AI.",0.8040201005025126,2.280081497656951,-0.3526277904227269,-0.3310912364905954,Bottom 50%
FATE-Compliant ML Architecture with Blockchain-Verifiable Auditing: A Governance Framework for Ethical Compliance in FinTech,Samah S. Kareem,2025,"Proceedings of the AAAI/ACM Conference on AI, Ethics, and Society",10.1609/aies.v8i3.36782,https://www.semanticscholar.org/paper/f314d340921bc5738567b577cb8c64ab70075cd7,0,f314d340921bc5738567b577cb8c64ab70075cd7,"Concerns about fairness, accountability, transparency, and
ethics (FATE) have intensified with the rapid adoption of arti-
ficial intelligence (AI) in financial technology (FinTech). Al-
gorithmic lending systems risk entrenching socioeconomic
and geographic disparities. To address these risks—and to
align with emerging regulation such as the EU AI Act—we
propose a multi-layer governance framework for credit-risk
modelling that integrates: (i) blockchain-verifiable auditing
via smart contracts (Hyperledger Fabric); (ii) causal mod-
elling with counterfactual, pathway-aware fairness quanti-
fied by the Regional Inclusion Score; (iii) a hybrid data
pipeline that fuses local micro-data with controlled geospa-
tial skew; and (iv) a fairness-aware gradient-boosted learner
(FAIRXGBOOST) embedded in a continuous monitoring
loop. The smart-contract layer provides cryptographic au-
ditability of data lineage, model updates, and alerts, oper-
ationalizing fairness as a regulatory constraint that triggers
on-chain notifications when RIS declines. Across benchmark
credit datasets with induced regional skew, the system main-
tained RIS at or above the regulatory threshold of $0.85$
while preserving competitive predictive performance, with
automatic alerts when fairness degraded—demonstrating
how causal analysis and ledger-backed governance can
jointly yield reliable, regulator-verifiable AI for FinTech.",0.8040201005025126,2.280081497656951,-0.3526277904227269,-0.3310912364905954,Bottom 50%
On Forecasting Lags in AI Risk Evaluation,Paolo Bova,2025,"Proceedings of the AAAI/ACM Conference on AI, Ethics, and Society",10.1609/aies.v8i3.36768,https://www.semanticscholar.org/paper/cb5ac5a6a03f5f673b976044c1f077c70e10218b,0,cb5ac5a6a03f5f673b976044c1f077c70e10218b,"AI risk evaluations are key to building safety cases for
new AI systems. These evaluations help us track how quickly
new AI systems are gaining competencies and propensities to
engage in harmful behavior. However, it is not currently
clear how well we are doing in covering the surface of
potential risks that AI systems could present as they
continue to improve. This paper proposes a modelling
framework for predicting lags in AI risk evaluations,
illustrating our approach using data from METR's
evaluations of the ability for AI to complete long tasks.

We find in our simulations that a business-as-usual
approach to tracking AI risks is vulnerable to substantial
detection lags when facing budget constraints. We advise
greater adoption of the logistic estimator proposed by METR
where appropriate, as it mitigates against such lags.",0.8040201005025126,2.280081497656951,-0.3526277904227269,-0.3310912364905954,Bottom 50%
The Design and Analysis of Algorithmic Vaccine Allocation Frameworks,Jeffrey Keithley,2025,"Proceedings of the AAAI/ACM Conference on AI, Ethics, and Society",10.1609/aies.v8i3.36785,https://www.semanticscholar.org/paper/fbf9fe92538d0a3844725d5e5d1fc45ee2cfbfb7,0,fbf9fe92538d0a3844725d5e5d1fc45ee2cfbfb7,"The COVID-19 pandemic starkly demonstrated the importance of effective interventions for societal functioning, particularly through timely and strategic vaccine distribution. My research develops transparent algorithmic decision support tools to help public health officials make evidence-based resource allocation decisions during pandemic responses. These tools provide guidance informed by disease models, and their development focuses on improving our understanding of how vaccine allocation can be solved as a discrete optimization problem with approximation algorithms. This work revolves around three pillars: (1) Formulate vaccine allocation discrete optimization problems. (2) Design and analyze vaccine allocation approximation algorithms. (3) Develop network disease-spread models to inform the previous pillars. My progress on each of these pillars contribute to the goal of designing fast and interpretable algorithm frameworks for vaccine allocation with high quality solutions.",0.8040201005025126,2.280081497656951,-0.3526277904227269,-0.3310912364905954,Bottom 50%
Needle in a Patched Haystack: Evaluating Saliency Maps for Vision LLMs,"Bastien Zimmermann, M. Boussard",2025,"Proceedings of the AAAI/ACM Conference on AI, Ethics, and Society",10.1609/aies.v8i3.36763,https://www.semanticscholar.org/paper/b695abf1c385091468810086ffb6c7311230a783,0,b695abf1c385091468810086ffb6c7311230a783,"ColPali recently proposed a method for explaining multimodal retrieval-augmented generation (RAG) by visualizing how vision–language models (VLMs) connect image patches to text tokens. 
However, our theoretical analysis and experiments show that these similarity-based saliency maps are fragile and often misleading.
We therefore caution against relying solely on intuitive visualizations and present a principled patch-level dissection technique that traces how vision LLMs actually accumulate evidence across modalities.
To address this issue, we introduce Needle-in-a-Patched-Haystack: a patch-centered dataset and metric suite that quantifies transparency by benchmarking localization performance in vision LLMs. Together, our analysis and toolkit establish a stricter standard for VLM interpretability and provide a drop-in evaluation protocol for future research on robust, multimodal explanations.",0.8040201005025126,2.280081497656951,-0.3526277904227269,-0.3310912364905954,Bottom 50%
Schools of AI in the Public Sector: Fairness and Accountability Concerns,Marc T. J. Elliott,2025,"AAAI/ACM Conference on AI, Ethics, and Society",10.1609/aies.v7i2.31895,https://www.semanticscholar.org/paper/e950a24b94b02d920c4f73f6f25f6fd60028800f,0,e950a24b94b02d920c4f73f6f25f6fd60028800f,"As decision-making algorithms become more prevalent in society, the importance efficiency and problem-solving abilities come into question when predictions impact individuals’ lives. High-risk applications require trusted AI systems to be designed with fairness and accountability; such trust and consideration is essential for public acceptance and successful deployment.
Despite growing advocacy for ethical and trustworthy AI, along with the emergence of guidelines like the EU AI Act, controversies surrounding AI persist in the media. Public sector AI systems are being implemented haphazardly, whether in judicial decision-making, healthcare diagnostics, or social welfare distribution. These high-risk applications directly affect citizens’ quality of life, highlighting the need for a critical assessment of how AI are being designed and deployed in the public sector.
My thesis explores the integration of fairness, accountability, and uncertainty in public sector AI to assess whether these systems are appropriately designed, effectively adapted, and capable of enhancing societal well-being. The research aims to provide actionable insights for designing AI systems that align with public sector needs and maximize societal benefits.",0.8040201005025126,2.280081497656951,-0.3526277904227269,-0.3310912364905954,Bottom 50%
“One of Silicon Valley’s Most Divisive Topics”: How the Media Discusses Openness in AI,"Tamara Paris, Jin L.C. Guo, AJung Moon",2025,"Proceedings of the AAAI/ACM Conference on AI, Ethics, and Society",10.1609/aies.v8i2.36688,https://www.semanticscholar.org/paper/0bce2d64e84c7be1856cc67a29b51d9bf70bfdfa,0,0bce2d64e84c7be1856cc67a29b51d9bf70bfdfa,"In the last few years, there has been a rapid release of highly capable Artificial Intelligence (AI) systems labeled as “open” or “open source.” Openness in AI encompasses a wider range of practices than open source software: from AI systems with all components published publicly to those that only share model weights and prohibit certain uses. Today, embracing this concept is a contentious topic. Some argue that the benefits of openness outweigh its risks. Others believe open release of AI poses more risks to society. This “Open vs. Closed AI” debate has made headlines in major news outlets and has become a political topic. In this study, we analyze how AI openness is framed in the media through a qualitative analysis of 223 newspaper articles from the U.S., France, and China. We find that effective communication around this debate is hindered by inaccurate use of terminology, the presence of misleading information, and an either-or dichotomy of AI openness that does not reflect the complexity of AI system development. Our analysis also reveals significant heterogeneity across news sources, and that media discourse on AI openness focuses solely on a handful of models. The media can influence public opinion on AI, promote user adoption of certain models, and subsequently impact technology policy decisions. Therefore, we call on the AI community to help add clarity to the debate.",0.8040201005025126,2.280081497656951,-0.3526277904227269,-0.3310912364905954,Bottom 50%
"A Critical Look at a Critical Care Dataset: MIMIC-IV's Construction, Contents, & Consequences",Pınar Barlas,2025,"Proceedings of the AAAI/ACM Conference on AI, Ethics, and Society",10.1609/aies.v8i1.36550,https://www.semanticscholar.org/paper/9973782c6b92d68a0c4e32383c9671d1efdb1245,0,9973782c6b92d68a0c4e32383c9671d1efdb1245,"MIMIC (Medical Information Mart for Intensive Care) is one of the largest, most commonly-used, freely available datasets containing intensive care unit data. I conduct denotative, connotative, and deconstructive readings of the MIMIC-IV dataset through an analysis of the data sources, dataset structure, and the process for getting access to the data, as well as documents and concepts related to the dataset. As a result, I demonstrate that the MIMIC-IV dataset requires more documentation, including an expansion of the existing descriptions, in order to ensure the data is used appropriately and allow for maximum benefit. I make recommendations for future users of the MIMIC-IV dataset, creators of datasets in general, and researchers in the Critical Data Studies field based on my findings.",0.8040201005025126,2.280081497656951,-0.3526277904227269,-0.3310912364905954,Bottom 50%
Too Focused on Accuracy to Notice the Fallout: Towards Socially Responsible Fake News Detection,"Esma Aïmeur, Gilles Brassard, Dorsaf Sallami",2025,"Proceedings of the AAAI/ACM Conference on AI, Ethics, and Society",10.1609/aies.v8i1.36530,https://www.semanticscholar.org/paper/b26cfb6dfbc2d739b3bb59ab96c5510e06a57a2c,0,b26cfb6dfbc2d739b3bb59ab96c5510e06a57a2c,"The rise of fake news is one of the most pressing threats
to the digital public sphere. Artificial intelligence (AI)
systems promise to fight it — but at what cost? Unlike
other machine learning applications designed to optimize
efficiency in low-stake domains, fake news detection
operates at the core of democratic discourse, public trust
and epistemic integrity. This paper begins by unpacking the
core challenges that make fake news detection uniquely
demanding. In response, we argue for a shift toward
Socially Responsible AI (SRAI) as a more appropriate
framework for addressing these complexities. We map the
identified challenges onto the SRAI pyramid—functional,
legal, ethical and philanthropic. Finally, we review
emerging initiatives, highlight current limitations and
propose future directions for developing fake news
detection systems that are not only accurate but also
socially accountable and publicly trustworthy.",0.8040201005025126,2.280081497656951,-0.3526277904227269,-0.3310912364905954,Bottom 50%
Exploring “Just Noticeable” Group Fairness in Rankings,"Mallak Alkhathlan, Hilson Shrestha, Lane Harrison, Elke A. Rundensteiner",2025,"Proceedings of the AAAI/ACM Conference on AI, Ethics, and Society",10.1609/aies.v8i1.36532,https://www.semanticscholar.org/paper/b68a4109e270bc29fd274ae8ee7688f1da9a43f2,0,b68a4109e270bc29fd274ae8ee7688f1da9a43f2,"The plethora of fairness metrics developed for
ranking-based decision-making raises the question which
metrics align best with people’s perceptions of fairness,
and why? Most prior studies examining people’s perceptions
of fairness metrics tend to use ordinal rating scales
(e.g., Likert scales). However, such scales can be
ambiguous in their interpretation across participants and
offer imprecise connections to specific interface features.
We address this gap by adapting two-alternative forced
choice methodologies—used extensively outside the fairness
community for comparing visual stimuli—to quantitatively
compare participant perceptions, fairness metrics, and
ranking characteristics. We report a crowdsourced
experiment with 224 participants across four conditions:
two popular rank fairness metrics—ARP and NDKL—and two
ranking characteristics—lists of 20 and 100
candidates—resulting in over 170,000 individual judgments.
Our quantitative results show systematic patterns of
differences in the metrics, as well as surprising
exceptions where fairness metrics disagree with people’s
perceptions. Our qualitative analysis reveals an interplay
between cognitive and visual strategies that affects
people’s perceptions of fairness. From these results, we
discuss future work in aligning fairness metrics with
people’s perceptions, and highlight the need and benefits
of expanding methodologies for fairness studies.",0.8040201005025126,2.280081497656951,-0.3526277904227269,-0.3310912364905954,Bottom 50%
Ten Insights from Other Domains That Inform Responsible AI Frameworks,"Dunstan Allison-Hope, Patrick Gage Kelley, Reena Jana, Angela Mckay, Allison Woodruff",2025,"Proceedings of the AAAI/ACM Conference on AI, Ethics, and Society",10.1609/aies.v8i1.36534,https://www.semanticscholar.org/paper/a79eaa1798b71d6ad1a58d95c3522b927a2feb58,0,a79eaa1798b71d6ad1a58d95c3522b927a2feb58,"As AI rapidly evolves, so too do the guidelines, principles, best practices, standards, and regulations that seek to ensure the responsible development and use of AI systems. This article outlines ten insights from other domains that responsible AI frameworks can draw upon. We highlight the importance of using well-established international human rights standards and emphasize the value of tailoring risk assessment methodologies to suit the AI context, deploying system-wide strategies, and undertaking meaningful and effective stakeholder engagement, amongst other durable learnings. Through a mix of continuity and adaptation of frameworks in other domains—and knowing how and when to deploy each—we chart a more practical, policy-based path that supports the responsible design, development, deployment, and use of AI systems.",0.8040201005025126,2.280081497656951,-0.3526277904227269,-0.3310912364905954,Bottom 50%
Machine Learning and Public Health: Identifying and Mitigating Algorithmic Bias through a Systematic Review,"Sara Altamirano, Arjan Vreeken, S. Ghebreab",2025,"Proceedings of the AAAI/ACM Conference on AI, Ethics, and Society",10.1609/aies.v8i1.36537,https://www.semanticscholar.org/paper/c290e6e161d78386ce68b97fadf7c685b9db4012,0,c290e6e161d78386ce68b97fadf7c685b9db4012,"Machine learning (ML) promises to revolutionize public health through improved surveillance, risk stratification, and resource allocation. However, without systematic attention to algorithmic bias, ML may inadvertently reinforce existing health disparities. We present a systematic literature review of algorithmic bias identification, discussion, and reporting in Dutch public health ML research from 2021 to 2025. To this end, we developed the Risk of Algorithmic Bias Assessment Tool (RABAT) by integrating elements from established frameworks (Cochrane Risk of Bias, PROBAST, Microsoft Responsible AI checklist) and applied it to 35 peer-reviewed studies. Our analysis reveals pervasive gaps: although data sampling and missing data practices are well documented, most studies omit explicit fairness framing, subgroup analyses, and transparent discussion of potential harms. In response, we introduce a four-stage fairness-oriented framework called ACAR (Awareness, Conceptualization, Application, Reporting), with guiding questions derived from our systematic literature review to help researchers address fairness across the ML lifecycle. We conclude with actionable recommendations for public health ML practitioners to consistently consider algorithmic bias and foster transparency, ensuring that algorithmic innovations advance health equity rather than undermine it.",0.8040201005025126,2.280081497656951,-0.3526277904227269,-0.3310912364905954,Bottom 50%
Disciplinary Practices in the Generation of Text Synthetic Data: A Critical Discourse Analysis,"Adriana Alvarado Garcia, Nishanshi Shukla, Muneeza Azmat, Marisol Wong-Villacrés",2025,"Proceedings of the AAAI/ACM Conference on AI, Ethics, and Society",10.1609/aies.v8i1.36538,https://www.semanticscholar.org/paper/6110c39b97087b962491a8b97da450e064bda2ad,0,6110c39b97087b962491a8b97da450e064bda2ad,"Synthetic data has emerged as an alternative or supplement to human-generated data, driven by several underlying assumptions that motivate its growing adoption among practitioners. These include the promise of increased efficiency by reducing the cost, time, and human labor involved in data collection and labeling, which is expected to potentially overcome data scarcity. Thus, as synthetic data becomes increasingly adopted to alleviate the data needs for Large Language Model development, it is critical to understand better the surrounding discourses and practices associated with their creation. We conducted a Critical Discourse Analysis on a corpus of 52 research articles from the Artificial Intelligence and Computational Linguistics conferences. As a result of our analysis, we identify three recurring disciplinary practices in establishing and reinforcing Cultural Scarcity and propose a set of recommendations to counteract it.",0.8040201005025126,2.280081497656951,-0.3526277904227269,-0.3310912364905954,Bottom 50%
"Learning to Unlearn, Failing to Forget? Assessing Machine Unlearning Through Ethics and Epistemology","Iqra Aslam, Donal Khosrowi, Rahul Nagshi",2025,"Proceedings of the AAAI/ACM Conference on AI, Ethics, and Society",10.1609/aies.v8i1.36542,https://www.semanticscholar.org/paper/91a1509593ee221c17900a60012b50b94ca5476b,0,91a1509593ee221c17900a60012b50b94ca5476b,"Machine Unlearning (MU) aims to remove the influence of unwanted data from trained AI models, driven by ethical/legal concerns like privacy (e.g., the Right to be Forgotten), bias mitigation, security, and copyright protection. This paper critically examines MU, arguing that it is currently unclear whether its technical methods and ethical goals are suitably aligned. Currently, important questions around what MU does, what it should do, and how its efforts align with stakeholder needs remain unaddressed. Drawing on insights from social epistemology and the ethics of forgetting, the paper makes progress in clarifying what MU is and whether it aligns with the relevant goals. It does so by distinguishing three different senses of unlearning that vary in regard to what stakeholder needs they can cater to. Building upon cases regarding copyright and data privacy, the paper highlights potential alignment gaps between MU’s methods and its wider goals, and emphasizes the need for more concrete guidelines to assess MU’s effectiveness, clearer ethical foundations, and improved stakeholder engagement.",0.8040201005025126,2.280081497656951,-0.3526277904227269,-0.3310912364905954,Bottom 50%
AI-OCI: A Novel Framework for Assessing AI’s Workforce Impact Using LLMs,"Frederick Awuah-Gyasi, Trilce Estrada",2025,"Proceedings of the AAAI/ACM Conference on AI, Ethics, and Society",10.1609/aies.v8i1.36545,https://www.semanticscholar.org/paper/a634cf8e3a438c9dd135b2ff96899ffd84da17c1,0,a634cf8e3a438c9dd135b2ff96899ffd84da17c1,"We introduce the AI Occupational Capability Index (AI-OCI),
a novel methodology for quantifying the alignment between
AI model capabilities and the tasks that define human
occupations. Unlike prior automation risk metrics, which
rely on expert heuristics or job-level generalizations,
AI-OCI operates at the task level by embedding and
comparing over 19,000 occupational tasks with 338 AI
capabilities using state-of-the-art language models. The
resulting scores reveal how well AI systems can perform
specific human functions, enabling interpretable,
task-aligned assessments of labor exposure. Empirical
evaluations show strong correlations with benchmark indices
such as AIOE and GPT-4 Beta exposure scores, while
diverging from legacy automation risk measures. We
demonstrate AI-OCI’s utility through case-based analyses of
employment and wage shifts across high-alignment
occupations during the era of large language model
adoption. The framework supports scalable, real-time
tracking of AI’s workforce impact and provides a foundation
for integrating labor intelligence into education, policy,
and economic planning.",0.8040201005025126,2.280081497656951,-0.3526277904227269,-0.3310912364905954,Bottom 50%
What’s Individual About Individual Fairness?,"S. Ben-David, Pascale Gourdeau, Tosca Lechner, Ruth Urner",2025,"Proceedings of the AAAI/ACM Conference on AI, Ethics, and Society",10.1609/aies.v8i1.36556,https://www.semanticscholar.org/paper/78f8d8a3ce86e90a1d4a916ac9667d9679b15e8d,0,78f8d8a3ce86e90a1d4a916ac9667d9679b15e8d,"Individual and group fairness notions abound in the machine learning literature. Each attempts to formalize harm against individuals or groups of people. In this work, we take a step back and aim to characterize, from a learning theory perspective, what is at the heart of individual fairness (IF) notions. We argue that fairness notions should be comparison-based and, in the case of IF notions, that any failure to be fair should give rise to finite evidence of unfairness. We also posit that IF notions should have an unfairness ``direction'', for example via an order on the set of potential decisions. Equipped with this framework, we present various ways unfair classifiers can be compared to each other. 
Comparing classifiers is essential in any situation where there is a need to choose between not-perfectly-fair classifiers, e.g., in cases where there exist unavoidable trade-offs between learning objectives. We then adapt score-based measures of individual unfairness to allow us to measure how harm is distributed between population subgroups, which is more in line with group fairness. Crucially, our set-up retains evidence of harm at the individual level, allowing for algorithmic recourse, or potential integrations within legal frameworks.",0.8040201005025126,2.280081497656951,-0.3526277904227269,-0.3310912364905954,Bottom 50%
Sound Check: Auditing Recent Audio Dataset Practices,"William Agnew, Julia Barnett, Annie Chu, Rachel Hong, Michael Feffer, Robin Netzorg, Harry H. Jiang, Ezra Awumey, Sauvik Das",2025,"Proceedings of the AAAI/ACM Conference on AI, Ethics, and Society",10.1609/aies.v8i1.36528,https://www.semanticscholar.org/paper/26a18809105ed655d7ba02a1bbfb1534c50448db,0,26a18809105ed655d7ba02a1bbfb1534c50448db,"Audio AI models are increasingly used for a broad range of applications including music and sound generation, text-to- speech (TTS), voice cloning, emotion analysis, transcription, and audio classification. However, we have little understanding of the datasets used to create audio AI models, a gap that leaves the field without a powerful tool for understanding potential biases, toxicity, copyright violations, and other ethical and performance issues. We conduct a mapping literature review of hundreds of audio datasets used in recent music, sound, and speech AI papers. We first assess the sourcing, size, and usage of these datasets, finding that while there are hundreds of audio datasets, few are widely used. Next, we identify nine representative datasets and conduct several analyses to understand bias, toxicity, representation, and quality. We find that these datasets are often biased against women, have stereotypes about marginalized communities, and contain significant amounts of copyrighted work. We also find that audio datasets often come with scant documentation. To address this gap, we extend Gebru’s datasheets for datasets to audio data, providing domain-specific documentation guidance. Finally, to facilitate public exploration of dataset contents and accountability, we developed an audio datasets exploration web tool which is available below in our links, along with our code and an extended version of our work including the appendix and augmented datasheets for datasets. Content warning: this paper contains discussions of offensive language.",0.8040201005025126,2.280081497656951,-0.3526277904227269,-0.3310912364905954,Bottom 50%
Centring the Margins: Mapping AI Systems as Systems of Power,Garfield Benjamin,2025,"Proceedings of the AAAI/ACM Conference on AI, Ethics, and Society",10.1609/aies.v8i1.36557,https://www.semanticscholar.org/paper/045aa33bb938c7173116ba818a1a6764714b889f,0,045aa33bb938c7173116ba818a1a6764714b889f,"This paper introduces a method of critically mapping AI as
an assemblage of social relations. This approach is rooted
in the principles of centring the margins and highlighting
power structures. Viewing an AI or algorithmic system as a
wide-reaching network of social relations, including their
impacts on different groups and contexts, enables
consideration of how AI is embedded within different
discourses and domains of power while emphasising the
impact on those most affected. The paper provides a
discussion of the critical framing of the project, the
principles, processes and templates for mapping AI in this
way, and three examples of algorithmic systems in public
sector contexts that have been discontinued, are in use now
or are being proposed for future use. A discussion of uses
and limitations is provided, situating the method beyond a
descriptive or analytical tool towards a critical approach
to identifying locations for intervention in harmful or
unjust uses of algorithmic systems.",0.8040201005025126,2.280081497656951,-0.3526277904227269,-0.3310912364905954,Bottom 50%
Making Sense of AI Ethics and Governance Investments,"Marianna Bergamaschi Ganapini, Nicholas Berente, F. Rossi, Brian C. Goehring, Marialena Bevilacqua",2025,"Proceedings of the AAAI/ACM Conference on AI, Ethics, and Society",10.1609/aies.v8i1.36559,https://www.semanticscholar.org/paper/80f94dd446d1c540a55438e09adaf177bfb6298e,0,80f94dd446d1c540a55438e09adaf177bfb6298e,"As organisations rapidly adopt artificial intelligence
(AI), they encounter a host of complex ethical challenges. These
challenges are made even more difficult by the nature of AI
itself: it is not a static or uniform technology but rather
an evolving ecosystem of tools and systems that interact
dynamically with their environments. Managers are under
increasing pressure to address these challenges and justify
governance investments, while established frameworks
for responsible AI governance are still emerging.

The central question of thew paper, then, is how managers make sense of
these evolving ethical challenges. One productive way to explore this
- that we also adopt in this paper - is drawing parallels
with the field of Corporate Social Responsibility (CSR).
Like AI governance, CSR also involves responding to
ambiguous expectations and CSR research provides valuable
insights into how organizations engage in ""sensemaking"" (a process of interpreting and giving meaning to complex
situations in order to guide decisions and justify actions).
In CSR literature, two dominant forms of sensemaking are
identified: ""value-driven"" and ""instrumental"". The
value-driven approach is rooted in ethical principles and
moral commitments; the instrumental approach treats governance as a
strategic tool, aligning ethical practices with business
goals. Drawing from this conceptual
framework, the paper presents a study of managers from
diverse sectors to explore how they make sense of AI ethics
and governance. The analysis reveals that AI governance
sensemaking similarly falls into these two
categories, value-driven and instrumental, but importantly,
neither approach is sufficient on its own. 

Instead, our qualitative study finds that managers should
blend these two approaches into what we describe as a
""holistic sensemaking strategy"". By adopting a holistic
framework that integrates both perspectives, managers are
better equipped to navigate the evolving and ambiguous
terrain of AI governance, thus making investments in governance that are both
principled and practical.",0.8040201005025126,2.280081497656951,-0.3526277904227269,-0.3310912364905954,Bottom 50%
Emotional Plausibility vs. Emotional Truth: Designing Against Affective Misinformation in Conversational AI,"Maalvika Bhat, Duri Long",2025,"Proceedings of the AAAI/ACM Conference on AI, Ethics, and Society",10.1609/aies.v8i1.36561,https://www.semanticscholar.org/paper/335473e9cc6d39afe725f25e60f718e5fb79ae51,0,335473e9cc6d39afe725f25e60f718e5fb79ae51,"Conversational AI systems increasingly simulate emotional presence, yet remain fundamentally unfeeling. This paper argues that such systems, through their design, propagate
affective misinformation: they feel understanding, but do not understand. Drawing on HCI, AI ethics, media studies, and affect theory, we introduce a conceptual distinction between emotional plausibility and emotional truth, and demonstrate how design features like simulated typing, memory recall, affirming tone, and other anthropomorphic cues create the illusion of relational care. We conduct a cross-system design audit of leading chatbots, synthesize real-world harms, and propose five normative principles for literacy-first design. These include counter-anthropomorphic patterns that foster conceptual clarity, and design interventions that aim to mitigate relational misbelief and affective amplification in emotionally charged contexts. Our contributions advance the ethics of AI interface design by foregrounding affective misperception as a site of epistemic risk: one that must be addressed as AI systems become more persuasive, pervasive, and humanlike.",0.8040201005025126,2.280081497656951,-0.3526277904227269,-0.3310912364905954,Bottom 50%
Mimetic AI Systems: Understanding and Regulating the Use of Generative Models for Impersonation,Norman Bukingolts,2025,"Proceedings of the AAAI/ACM Conference on AI, Ethics, and Society",10.1609/aies.v8i1.36564,https://www.semanticscholar.org/paper/8f121936a5dac0fcdc9a16590e1ca1a47d8a910f,0,8f121936a5dac0fcdc9a16590e1ca1a47d8a910f,"Generative artificial intelligence models are being used to imitate the words, voices, bodies, and artistic styles of private and public figures with unprecedentedly high accuracy and scalability. Despite their usage offering cost efficiencies over employing the human counterpart, associated drawbacks -- scams and fraud, baseless social death or defamation, and an erosion of trust in online information environments -- are growing and reaching criticality. Mimetic AI systems use generative models which leverage knowledge extracted from data provided during training or inference time to capture and reproduce the actions, decisions, and preferences of specific individuals in novel contexts. In this paper, I explain how such systems power the creation and distribution pipelines of deepfakes, digital doubles, voice clones, and other impersonations. I then conduct a normative ethics assessment of these systems and discuss their benefits and risks to key stakeholders: system operators, targets, and audiences, as well as their creators, intermediaries, and regulators. Finally, I propose several regulatory solutions and outline their possible implementation challenges to support initiatives in AI governance aimed at addressing the multifaceted obstacles which mimetic AI systems pose to the integrity, value, and endurance of authentic human expression.",0.8040201005025126,2.280081497656951,-0.3526277904227269,-0.3310912364905954,Bottom 50%
Responsible AI in the OSS: Reconciling Innovation with Risk Assessment and Disclosure,"Mahasweta Chakraborti, Bert Joseph Prestoza, Nicholas Vincent, Vladimir Filkov, Seth Frey",2025,"Proceedings of the AAAI/ACM Conference on AI, Ethics, and Society",10.1609/aies.v8i1.36567,https://www.semanticscholar.org/paper/270e5b200f983b9e9bf25398bf18f1eeb1cef531,0,270e5b200f983b9e9bf25398bf18f1eeb1cef531,"Ethical concerns around AI have increased emphasis on model
auditing and reporting requirements. We thoroughly review
the current state of governance and evaluation practices to
identify specific challenges to responsible AI development
in OSS. We then analyze OSS projects to understand if model
evaluation is associated with safety assessments, through
documentation of limitations, biases, and other risks. Our
analysis of 7902 Hugging Face projects found that while
risk documentation is strongly associated with evaluation
practices, high performers from the platform’s largest
competitive leaderboard (N=789) were less accountable.
Recognizing these delicate tensions from performance
incentives may guide providers in revisiting the objectives
of evaluation and legal scholars in formulating platform
interventions and policies that balance innovation and
responsibility.",0.8040201005025126,2.280081497656951,-0.3526277904227269,-0.3310912364905954,Bottom 50%
Re-imagining Virtual Communities: Ethical Guidelines for Studying Black Twitter,"Christina Chance, Kai-Wei Chang",2025,"Proceedings of the AAAI/ACM Conference on AI, Ethics, and Society",10.1609/aies.v8i1.36569,https://www.semanticscholar.org/paper/8cb737adffd7c660805b027e1a221f953710dd17,0,8cb737adffd7c660805b027e1a221f953710dd17,"Black Twitter is an informal online network of Black users who leverage Twitter to share perspectives, build community, and mobilize around cultural and social justice issues. Black Twitter is a unique socio-cultural space where collective identity, shared experience, and cultural production converge. In this empirical study, we discuss Black Twitter as a virtual community, an online field site shaped by social interaction and platform dynamics, drawing on digital ethnographic methods like participant observation to understand its dynamics and the socio-technical systems that shape it. While existing frameworks and checklists fall short in providing methods for specifically studying virtual communities such as ignoring concerns of extracting data from closed communities and pushing for open access, we introduce an ethics-centered checklist for studying Black Twitter and more generally, marginalized virtual communities by addressing risks such as data misuse, data ownership, and misrepresentation. Applying this checklist, we conduct case studies to: 1) analyze how automatic moderation systems impact Black Twitter users’ experiences and 2) explore in-group agreement on ownership and usage of reclaimed language. We find that moderation systems often misinterpret culturally-specific language and norms around reclaimed terms. To illustrate how users adapt language to circumvent flawed moderation systems, we perform keyword analysis to reveal that character-level perturbations of the communities’ reclaimed slur reduces toxicity scores by 30.7%. Additionally, we conduct a community-sourced survey in which responses show that views on reclaimed slurs vary, with some linking them to the African diaspora and others to Black American identity, underscoring the need for culturally-aware moderation. Ultimately, our checklist offers an actionable framework for researchers to ethically engage with marginalized virtual communities emphasizing cultural nuance, accountability, and self-awareness.",0.8040201005025126,2.280081497656951,-0.3526277904227269,-0.3310912364905954,Bottom 50%
Advancing NLP Data Equity: Practitioner Responsibility and Accountability in NLP Data Practices,"Jay L. Cunningham, K. Shao, Rock Yuren Pang, Nathanael Elias Mengist",2025,"Proceedings of the AAAI/ACM Conference on AI, Ethics, and Society",10.1609/aies.v8i1.36581,https://www.semanticscholar.org/paper/2a5cdcede0a3ef0b4810a50b1b44f15a060b1917,0,2a5cdcede0a3ef0b4810a50b1b44f15a060b1917,"While research has focused on surfacing and auditing algorithmic bias to ensure equitable AI development, less is known about how NLP practitioners, those directly involved in dataset development, annotation, and deployment, perceive and navigate issues of NLP data equity. This study is among the first to center practitioners’ perspectives, linking their experiences to a multi-scalar AI governance framework and advancing participatory recommendations that bridge technical, policy, and community domains. Drawing on a 2024 questionnaire and focus group, we examine how U.S. based nlp data practitioners conceptualize fairness, contend with organizational and systemic constraints, and engage emerging governance efforts such as the U.S. AI Bill of Rights. Findings reveal persistent tensions between commercial objectives and equity commitments, alongside calls for more participatory and accountable data workflows. We critically engage debates on data diversity and “diversity-washing,” arguing that improving NLP equity requires structural governance reforms that support practitioner agency and community consent.",0.8040201005025126,2.280081497656951,-0.3526277904227269,-0.3310912364905954,Bottom 50%
Enhancing Image Comprehension: The Impact of AI-Generated Explanations on Perception of Altered and Synthetic Media,"Saquib Ahmed, Tejo Gayathri Busireddy, S. Dey",2025,"Proceedings of the AAAI/ACM Conference on AI, Ethics, and Society",10.1609/aies.v8i1.36529,https://www.semanticscholar.org/paper/a7a35ea47591d79676c79df393dddc874b53ae4c,0,a7a35ea47591d79676c79df393dddc874b53ae4c,"In the digital era, the exponential growth of images and videos on social platforms has transformed how individuals perceive information and form opinions. However, the escalating prevalence of altered and synthetic visuals poses significant challenges to media trust. These altered visuals often mislead viewers, propagate confusion, and distort public perception. Social media algorithms, optimized for engagement, can inadvertently amplify the dissemination of such content, making simple tagging insufficient to distinguish authentic from altered visuals. Contextual explanations present a promising approach by offering audiences deeper insights and encouraging more informed interpretations. In this study, we developed contextual explanations for 15 altered and synthetic images and conducted a user study to evaluate their effectiveness. Our findings show that contextual explanations consistently outperformed non-contextual ones across all evaluated metrics. We also assessed the capability of large language models (LLMs) to generate these explanations for diverse audiences. While LLM-generated explanations were generally comparable to those created by human experts, the models exhibited limitations in conveying intrinsic motivations in complex scenarios. We conclude with a discussion of the design implications and ethical considerations of this work.",0.8040201005025126,2.280081497656951,-0.3526277904227269,-0.3310912364905954,Bottom 50%
Generative Models for Art and Society,Yankun Wu,2025,"AAAI/ACM Conference on AI, Ethics, and Society",10.1609/aies.v7i2.31911,https://www.semanticscholar.org/paper/b4203b03013e661fe4753395610f709d2d06293b,0,b4203b03013e661fe4753395610f709d2d06293b,"Text-to-image models have demonstrated remarkable capabilities in producing high-fidelity images from natural language prompts. The widespread application and increasing accessibility of pioneering models, such as Stable Diffusion, have gained significant attention regarding the impact of generated images on representations in downstream tasks. Concurrently, ethical considerations on text-to-image generation have emerged especially regarding gender bias. 
This paper presents three projects that explore generative models on their capabilities and bias. The first project leverages Stable Diffusion to disentangle content and style in art paintings, paving the way for applying the generative model to digital humanities. The second project evaluates gender bias in text-to-image generation, analyzing its origins and manifestations in generated images. The third project presents a survey on societal bias evaluation in generative models, targeting to synthesize current research and provide insights into future directions. Through these projects, we aim to contribute to the growing body of knowledge on the applications and potential societal impacts of text-to-image generation, fostering a more nuanced understanding of their capabilities and limitations.",0.8040201005025126,2.280081497656951,-0.3526277904227269,-0.3310912364905954,Bottom 50%
Towards Automating Deliberation? The Idea of Deliberative Democracy Embedded in Google’s Habermas Machine,Nicolás Palomo Hernández,2025,"Proceedings of the AAAI/ACM Conference on AI, Ethics, and Society",10.1609/aies.v8i2.36687,https://www.semanticscholar.org/paper/703c311ac0e86fee8a2adc22a214c2e94bd984f1,0,703c311ac0e86fee8a2adc22a214c2e94bd984f1,"Artificial Intelligence (AI) has recently emerged as a central issue for deliberative democracy, both as a subject of deliberation and as a way to improve processes of democratic deliberation. Deliberative democracy scholars and practitioners are already working on the potential of AI-based tools to ‘improve’, ‘enhance’, ‘augment’ or make deliberation more efficient. The present article studies the case of the Habermas Machine (HM), an AI-based tool designed by Google DeepMind to generate agreements among deliberative groups of people with opposing political positions. This article explores the choice of norms and values embedded in the design of the HM and the normative implications of such choices for deliberative democracy. Therefore, the research question guiding this article is: ‘What are the norms and values embedded in the design of the Habermas Machine, and how do they relate to the normative requirements of deliberative democracy?’ The article explores this by addressing how the machine conceives 1) the values for a good deliberation, 2) the space for deliberative politics, 3) the role of humans/participants in deliberation, and 4) the goal of deliberation. The HM has a very narrow conception of deliberative democracy embedded in its design, which 1) overemphasises the desirability of agreement in deliberative processes, 2) limits participation to an individual and private space, and 3) segments and compartmentalises the deliberative process and reduces human participation to the generation and evaluation of political opinions. Instead of empowering and supporting human participation, the normative conception of deliberative democracy embedded in the design of the HM narrows the realm of the political, simplifies the deliberative process, and relegates humans to a secondary role. Building on this specific tool, the article aims to promote and contribute to the conversation between political theory and the work of developers of AI-based tools designed for deliberative purposes. The objective is not simply to guide or orient the design of the technological artefacts, but to evaluate their contributions, limitations, and impacts on the basis of the normative standards on which they are grounded.",0.8040201005025126,2.280081497656951,-0.3526277904227269,-0.3310912364905954,Bottom 50%
Model Multiplicity for Responsible AI,Prakhar Ganesh,2025,"AAAI/ACM Conference on AI, Ethics, and Society",10.1609/aies.v7i2.31896,https://www.semanticscholar.org/paper/01da427f4e52a39c770fa52624e26b208cd443c4,0,01da427f4e52a39c770fa52624e26b208cd443c4,"Machine learning has experienced a remarkable rise, with highly sophisticated over-parameterized models leading the way. Consequently, these cutting-edge models find application across diverse domains. Their increasing deployment has sparked concerns about their real-world impact, studied under the umbrella of responsible AI. A crucial aspect of building responsible AI models is the idea of model multiplicity. If managed well, model multiplicity gives us the freedom to prioritize several metrics, including those associated with responsible AI, and select the best models to minimize harm. However, the existence of multiplicity also marks the unavoidable presence of arbitrariness in model selection that can impact individual-level decisions, necessitating a broader discussion on the role and expectations of AI decision makers in our society.",0.8040201005025126,2.280081497656951,-0.3526277904227269,-0.3310912364905954,Bottom 50%
How do you feel? Measuring User-Perceived Value for Rejecting Machine Decisions in Hate Speech Detection,"Philippe Lammerts, Philip Lippmann, Yen-Chia Hsu, Fabio Casati, Jie Yang",2023,"AAAI/ACM Conference on AI, Ethics, and Society",10.1145/3600211.3604655,https://www.semanticscholar.org/paper/39b28adcf749baf785376deabc5f6d9e5e2b0658,0,39b28adcf749baf785376deabc5f6d9e5e2b0658,"Hate speech moderation remains a challenging task for social media platforms. Human-AI collaborative systems offer the potential to combine the strengths of humans’ reliability and the scalability of machine learning to tackle this issue effectively. While methods for task handover in human-AI collaboration exist that consider the costs of incorrect predictions, insufficient attention has been paid to accurately estimating these costs. In this work, we propose a value-sensitive rejection mechanism that automatically rejects machine decisions for human moderation based on users’ value perceptions regarding machine decisions. We conduct a crowdsourced survey study with 160 participants to evaluate their perception of correct and incorrect machine decisions in the domain of hate speech detection, as well as occurrences where the system rejects making a prediction. Here, we introduce Magnitude Estimation, an unbounded scale, as the preferred method for measuring user (dis)agreement with machine decisions. Our results show that Magnitude Estimation can provide a reliable measurement of participants’ perception of machine decisions. By integrating user-perceived value into human-AI collaboration, we further show that it can guide us in 1) determining when to accept or reject machine decisions to obtain the optimal total value a model can deliver and 2) selecting better classification models as compared to the more widely used target of model accuracy.",26.6,45.93699388736063,-0.5790539987275676,-0.3310912364905954,Bottom 50%
Iterative Partial Fulfillment of Counterfactual Explanations: Benefits and Risks,Yilun Zhou,2023,"AAAI/ACM Conference on AI, Ethics, and Society",10.1145/3600211.3604656,https://www.semanticscholar.org/paper/f6d35dbf93cfe83c2ad6776bf573fff9280c45ad,0,f6d35dbf93cfe83c2ad6776bf573fff9280c45ad,"Counterfactual (CF) explanations, also known as contrastive explanations and algorithmic recourses, are popular for explaining machine learning models in high-stakes domains. For a subject that receives a negative model prediction (e.g., mortgage application denial), the CF explanations are similar instances but with positive predictions, which informs the subject of ways to improve. While their various properties have been studied, such as validity and stability, we contribute a novel one: their behaviors under iterative partial fulfillment (IPF). Specifically, upon receiving a CF explanation, the subject may only partially fulfill it before requesting a new prediction with a new explanation, and repeat until the prediction is positive. Such partial fulfillment could be due to the subject’s limited capability (e.g., can only pay down two out of four credit card accounts at this moment) or an attempt to take the chance (e.g., betting that a monthly salary increase of $800 is enough even though $1,000 is recommended). Does such iterative partial fulfillment increase or decrease the total cost of improvement incurred by the subject? We mathematically formalize IPF and demonstrate, both theoretically and empirically, that different CF algorithms exhibit vastly different behaviors under IPF. We discuss implications of our observations, advocate for this factor to be carefully considered in the development and study of CF algorithms, and give several directions for future work.",26.6,45.93699388736063,-0.5790539987275676,-0.3310912364905954,Bottom 50%
Toward A Causal Framework for Modeling Perception,"Jose M. Alvarez, Salvatore Ruggieri",2024,"Proceedings of the AAAI/ACM Conference on AI, Ethics, and Society",10.1609/aies.v8i1.36539,https://www.semanticscholar.org/paper/61027b0bb29580947996fa8f2499b29b1e05eeb5,0,61027b0bb29580947996fa8f2499b29b1e05eeb5,"Perception occurs when individuals interpret the same information differently. It is a known cognitive phenomenon with implications for bias in human decision-making. Perception, however, remains understudied in machine learning (ML). This is problematic as modern decision flows, whether partially or fully automated by ML applications, always involve human experts. For instance, how might we account for cases in which two experts interpret differently the same deferred instance or explanation from a ML model? Addressing this and similar questions requires first a formulation of perception, particularly, in a manner that integrates with ML-enabled decision flows. In this work, we present a first approach to modeling perception causally. We define perception under causal reasoning using structural causal models (SCMs). Our approach formalizes individual experience as additional causal knowledge that comes with and is used by the expert decision-maker in the form of a SCM. We define two kinds of probabilistic causal perception: structural and parametrical. We showcase our framework through a series of examples of modern decision flows. We also emphasize the importance of addressing perception in fair ML, discussing relevant fairness implications and possible applications.",7.2,9.884331034521256,-0.7284256238337055,-0.3310912364905954,Bottom 50%
A Principled Approach for Data Bias Mitigation,"Bruno Scarone, Alfredo Viola, Renée J. Miller, Ricardo A. Baeza-Yates",2024,"Proceedings of the AAAI/ACM Conference on AI, Ethics, and Society",10.1609/aies.v8i3.36712,https://www.semanticscholar.org/paper/d65fe2dcd305c33b89b0a3ca1d92e3f1c8243518,0,d65fe2dcd305c33b89b0a3ca1d92e3f1c8243518,"The widespread use of machine learning and data-driven algorithms for decision making has been steadily increasing over many years. Bias in the data can adversely affect this decision-making. We present a new mitigation strategy to address data bias. Our methods are explainable and come with mathematical guarantees of correctness. They can take advantage of new work on table discovery to find new tuples that can be added to a dataset to create real datasets that are unbiased or less biased. Our framework covers data with non-binary labels and with multiple sensitive attributes. Hence, we are able to measure and mitigate bias that does not appear over a single attribute (or feature), but only intersectionally, when considering a combination of attributes. We evaluate our techniques on publicly available datasets and provide a theoretical analysis of our results, highlighting novel insights into data bias.",7.2,9.884331034521256,-0.7284256238337055,-0.3310912364905954,Bottom 50%
Bridging Ethics and AI: A Path to Moral Machines,Aisha Aijaz,2025,"AAAI/ACM Conference on AI, Ethics, and Society",10.1609/aies.v7i2.31892,https://www.semanticscholar.org/paper/12020eaefe5c4ba4a9ae4dac41e7c8d76c43b835,0,12020eaefe5c4ba4a9ae4dac41e7c8d76c43b835,"Ethics is ubiquitous in most domains, requiring much deliberation due to its philosophical nature. Varying views often lead to conflicting courses of action where ethical dilemmas become challenging to resolve. The major driving forces to make such a decision can be discretized and simplified to provide an indication of the most ethical course of action in a context. Given the parallel ubiquity of AI systems in these domains, it becomes increasingly imperative to work towards building inherently ethical AI that holds the ability to reason morally. This work proposes the use of knowledge representation and neurosymbolic techniques to develop resources for inherently ethical AI. It presents a three-phase framework towards bridging the path to moral machines: (a) Applied Ethics Ontology to make explicit the abstract concepts and relationships, (b) Dataset and graph generation using LLMs to develop a benchmark data store for ethical reasoning, and a (c) Case-based Reasoning algorithm to implement the philosophical concept of casuistry to make moral judgments and resolve ethical dilemmas.",0.8040201005025126,2.280081497656951,-0.3526277904227269,-0.3310912364905954,Bottom 50%
"Data Cleaning, Discard Studies, and Discretionary Power",Pinar Barlas,2025,"AAAI/ACM Conference on AI, Ethics, and Society",10.1609/aies.v7i2.31893,https://www.semanticscholar.org/paper/c4f018c6d2db7d9ddbe707fe96596f992ec72938,0,c4f018c6d2db7d9ddbe707fe96596f992ec72938,"Data cleaning is an overlooked yet impactful step in the Artificial Intelligence (AI) development pipeline, leading to negative downstream impacts when performed carelessly. Using Discard Studies as a framework, I propose an ethnographic study of how data practitioners exercise their discretionary power during the data cleaning process, particularly with respect to discarded data. The in-depth knowledge of the data cleaning process gained as a result of this study will allow us to improve guidelines and education on data cleaning for more ethical AI development.",0.8040201005025126,2.280081497656951,-0.3526277904227269,-0.3310912364905954,Bottom 50%
Enhancing Transparency and Research Ethics through Human AI Techniques,Tatiana Chakravorti,2025,"AAAI/ACM Conference on AI, Ethics, and Society",10.1609/aies.v7i2.31894,https://www.semanticscholar.org/paper/23ebfe67d43068ca9f07ce13d4191e82c76c0aec,0,23ebfe67d43068ca9f07ce13d4191e82c76c0aec,"In recent years, the empirical sciences have confronted a crisis of confidence following high-profile replication projects reporting disappointing results. The 'replication crisis' has led to widespread introspection and calls for reform across various fields. At the heart of this movement is the fundamental belief that reproducing, replicating, and interrogating published claims is essential to science. To facilitate this, many in the scientific community have emphasized the importance of openness and transparency in research, well-aligned incentives for researchers, robust peer review, and improved methods for meta-analyses over scientific corpora. Our work identifies with this movement, and in particular, highlights opportunities for emerging technologies to contribute to novel solutions in this space.

This research proposes a coherent research agenda exploring artificial intelligence (AI) and hybrid human-AI technologies to support the evaluation of the replicability of scientific findings and understanding of science as a set of social and cultural processes. We discuss work developing and testing a new class of AI algorithms, specifically, artificial prediction markets populated by algorithmic traders who buy and sell contracts representing the outcomes of replication studies of published research outcomes. Given the critical role of human intuition and experience in making it more trustworthy, we explore ways in which artificial prediction markets can be modified to include human participants, so-called hybrid prediction markets. We study these hybrid systems both in simulation and in pilot testing with human participants in a real-world scenario. In a series of studies, we engage in extensive surveys and interviews with researchers to better understand the usefulness and design requirements for both AI and hybrid human-AI technologies in the scientific workflow. We solicit feedback on artificial and hybrid markets for estimating the replicability of published claims and focus on the role of transparency and explainability in evaluating scientific integrity. We aim to situate these concerns within social and cultural contexts, making explicit the norms and incentives driving current research ecosystems.",0.8040201005025126,2.280081497656951,-0.3526277904227269,-0.3310912364905954,Bottom 50%
AI Ethics for Creativity,Alayt Issak,2025,"AAAI/ACM Conference on AI, Ethics, and Society",10.1609/aies.v7i2.31897,https://www.semanticscholar.org/paper/790179ec201d41753544c99552fad5bf16194da4,0,790179ec201d41753544c99552fad5bf16194da4,"AI Ethics for Creativity is a study of lived experience under the overarching theme of creative expression through new technologies--the new technology being AI. In this context, I reference the past, situate the present, and speculate on the future. The nature of the dissertation is to ask ``humanities'' questions from the lens of Human-Computer Interaction, i.e. what is creativity, interaction, art, aesthetics, embodiment, and expression... with AI in the creative endeavor.",0.8040201005025126,2.280081497656951,-0.3526277904227269,-0.3310912364905954,Bottom 50%
Quantitative and Organizational Approaches to Epistemic Risk in Generative and General-Purpose AI,Robert Wolfe,2025,"AAAI/ACM Conference on AI, Ethics, and Society",10.1609/aies.v7i2.31910,https://www.semanticscholar.org/paper/a3ccf44f65048dac1b17bf353241aaa3456f9754,0,a3ccf44f65048dac1b17bf353241aaa3456f9754,"This extended abstract discusses the three approaches to epistemic risk in general-purpose AI that characterize my research: measurement, design, and transparency.",0.8040201005025126,2.280081497656951,-0.3526277904227269,-0.3310912364905954,Bottom 50%
"The Main Challenges of AI Ethics: Historical Contextualization, Black-Boxing, Social Biases, Labor Invisibility",Konstantinos Konstantis,2025,"AAAI/ACM Conference on AI, Ethics, and Society",10.1609/aies.v7i2.31899,https://www.semanticscholar.org/paper/6d7755bf41c50b5f623ea9bea721c9243bfe7b6b,0,6d7755bf41c50b5f623ea9bea721c9243bfe7b6b,"In the research described here, I argue that an adequate approach to AI ethics should include the four topics below. My aim is to answer the question of which are the necessary topics that someone should have under consideration in order to make an adequate approach to AI ethics. First, a critical history of AI, which focuses not on the technical differentiations between previous and following technologies, but on the social, economic, and political context in which artificial intelligence is designed, developed, and used. Second, an overview of the issues that most of the time are described as AI ethics, such as fairness, accountability, and transparency, in order to have the ability to understand what is missing from these approaches. A study on the black box of AI is necessary, not only from a technical perspective, but mainly from a perspective that is directly related to the political, social, and economic reasons that enforce and reinforce this black box, revealing, among others, the social relations, the hidden labor, and the “unintelligence” that are hidden under this black box. Third, an analysis of specific cases through critical approaches which take into account capitalism, with all the social, political, and economic relations that are connected with it. In this way, the emergence of biases, inequalities, and discriminations, becomes not a bag, but the substance of AI. Fourth, a study on the hidden labor of AI and the concerns regarding the future of work and AI. The study on hidden labor which is related with AI, is important in order, first, to criticize the intelligence and autonomy of AI systems, and second, to make visible the terrible working conditions of some workers, as a try to change them. The discussion regarding the future of work should not only contain discourses regarding the circular function of capitalism or vague ideas about ethical implementations of AI in the workplace. An adequate discussion should take into account the social, political, and economic relations of our society and ultimately challenge the current form of capitalism. I argue that all the above should be included in an adequate study of AI ethics.",0.8040201005025126,2.280081497656951,-0.3526277904227269,-0.3310912364905954,Bottom 50%
Enhancing Human-AI Collaboration through Adaptive Interaction and Explainability,Zhaobin Li,2025,"AAAI/ACM Conference on AI, Ethics, and Society",10.1609/aies.v7i2.31900,https://www.semanticscholar.org/paper/a2b65e0c011cffabb77123589aad09f89cb4cb27,0,a2b65e0c011cffabb77123589aad09f89cb4cb27,"AI is rapidly evolving, and human-AI collaboration is becoming more prevalent. Developing robust, adaptive, and transparent models is key to improving human-AI collaboration. My research explores the intersection of AI explainability and adaptive interaction to enhance collaborative decision-making. Building on my previous work in AI explainability, adversarial robustness, and adaptive algorithms, I aim to develop adaptive interaction mechanisms that are resilient to adversarial attacks and intuitively understandable to human collaborators.",0.8040201005025126,2.280081497656951,-0.3526277904227269,-0.3310912364905954,Bottom 50%
Automated Decision-Making Systems for Behavioral Regulation: Understanding Perceptions and Behavioral Reactions,Carmen Loefflad,2025,"AAAI/ACM Conference on AI, Ethics, and Society",10.1609/aies.v7i2.31901,https://www.semanticscholar.org/paper/cb17c0c2718903f5709bd643bff226aead3203c8,0,cb17c0c2718903f5709bd643bff226aead3203c8,"Automated decision-making systems for regulating human behaviors are increasingly deployed around the globe. This project investigates people's perceptions of and behavioral reactions to automated decision-making systems used for behavioral regulation; first, in experimentally replicated social scoring systems, and second, in survey-based studies on the Chinese Social Credit System (SCS). The objective of this project is to understand the overall legitimacy of these systems, the sources of harm stemming from these systems, and to identify future areas of research necessary to determine whether these systems can be ethically justified.",0.8040201005025126,2.280081497656951,-0.3526277904227269,-0.3310912364905954,Bottom 50%
Making Sense of Digital Domination,Jonne Maas,2025,"AAAI/ACM Conference on AI, Ethics, and Society",10.1609/aies.v7i2.31902,https://www.semanticscholar.org/paper/929cb22c3b81d85b0fb4ebd4a64f48284f91c9ac,0,929cb22c3b81d85b0fb4ebd4a64f48284f91c9ac,"The republican concept of domination in the context of the digital realm has increasingly gained attention. Domination is an instance of superior and arbitrary power. While the discussions on digital domination are a worthwhile expansion of AI Ethics, much of the debate remains limited to online platforms and specific to a particular relation or context. In this paper, I follow Pettit’s account of domination to argue that certain seemingly more innocent AI systems dominate citizens of digital societies. I claim that in such societies, basic liberties, i.e., liberties required to function equally in society, increasingly depend on AI systems that cannot be held to account due to ineffective regulation. This constitutes an arbitrary power relation (i.e., domination) between the AI and the person subjected to the AI. Given basic liberties apply to any citizen of a particular society, all citizens living in modern, digital societies are dominated. Digital domination, therefore, has much broader societal implications than is currently acknowledged in the literature. I conclude by proposing what I believe to be the root source of this digital domination: an ‘innovation-friendly’ approach enabled by socio-economic structures.",0.8040201005025126,2.280081497656951,-0.3526277904227269,-0.3310912364905954,Bottom 50%
The Need For Inclusive NLP: Addressing Sociodemographic Bias and Enhancing Sociotechnical Systems through Interdisciplinary Frameworks,P. Venkit,2025,"AAAI/ACM Conference on AI, Ethics, and Society",10.1609/aies.v7i2.31905,https://www.semanticscholar.org/paper/3498c4be9ac3a223462ead7246a47e40a72bb29d,0,3498c4be9ac3a223462ead7246a47e40a72bb29d,"Natural Language Processing systems are increasingly integrated into diverse sociotechnical contexts, playing a pivotal role in essential societal functions. These systems are employed across various domains, such as education, healthcare, and policy-making, offering technical solutions to social issues. However, a critical concern is the opaque nature of these models, often presented and utilized as 'black boxes'. Proprietary restrictions or knowledge gaps obscure the underlying interactions, making them challenging to interpret. The widespread presence of these systems necessitates a thorough examination of their inherent biases and societal implications. Despite a growing body of research on bias in NLP, significant challenges remain. Predominantly, studies focus on race and gender biases, adopt a model-centric approach to analysis, and employ technocentric methods for bias mitigation, often neglecting the broader societal ramifications. Addressing these challenges requires a more comprehensive understanding of how NLP systems, as integral components of broader sociotechnical systems, impact society. This gap underscores the need for a deeper understanding of the societal implications of NLP systems. This research aims to address the complexities posed by sociodemographic biases in NLP systems and the resultant harms within these frameworks. The goal is to develop more inclusive methodologies for identifying, quantifying, and mitigating these biases, bridging the interdisciplinary divide between technical and social sciences, and proposing socially aware frameworks that address the impact of biases in these systems.",0.8040201005025126,2.280081497656951,-0.3526277904227269,-0.3310912364905954,Bottom 50%
Intent-Aware Example-Based Explainability,Ikhtiyor Nematov,2025,"AAAI/ACM Conference on AI, Ethics, and Society",10.1609/aies.v7i2.31906,https://www.semanticscholar.org/paper/918651c791e0bfee163cca6a96b4a325b814bf05,0,918651c791e0bfee163cca6a96b4a325b814bf05,"In this PhD research, I aim to investigate the limitations inherent in current example-based explainability methods, develop solutions to address these deficiencies, and propose a novel direction for research that aligns example-based explainability with user needs and intent. The objectives of this research include: (a) Formalize existing evaluation metrics for local example-based explainability and propose new metrics to assess these methods from user perspectives; (b) Develop a framework for intent-aware local example-based explainability; and (c) Extend the framework for global example-based explainability and generate model-aware, faithful explanations.",0.8040201005025126,2.280081497656951,-0.3526277904227269,-0.3310912364905954,Bottom 50%
Decoding Global AI Governance: A Computational Linguistic Analysis of National Regulations,Eryclis Silva,2025,"AAAI/ACM Conference on AI, Ethics, and Society",10.1609/aies.v7i2.31909,https://www.semanticscholar.org/paper/35220a87c716712ebd8af1795035a0b4360007ab,0,35220a87c716712ebd8af1795035a0b4360007ab,"Artificial Intelligence (AI) regulations addressing rights, usage limits, bias, and accountability mechanisms have been adopted by governments worldwide. My research examines global AI governance through a comparative analysis of regulatory documents from over 60 countries. Using mixed methods, including advanced computational linguistics techniques to support qualitative analysis, this work evaluate changes in AI regulation over time and similarities in policy priorities. Our findings reveal significant alignment with EU regulations, highlighting its influence on global governance, and indicate regulatory capture by industry in the Americas and decolonial dissent in Africa. This research contributes to the multi-modal understanding of AI governance, offers practical policy recommendations, and outlines future research directions, including ongoing data collection and exploration of public dialogue's impact on regulatory frameworks.",0.8040201005025126,2.280081497656951,-0.3526277904227269,-0.3310912364905954,Bottom 50%
"""Do Your Guardrails Even Guard?'' Method for Evaluating Effectiveness of Moderation Guardrails in Aligning LLM Outputs with Expert User Expectations","Anindya Das Antar, Xun Huan, Nikola Banovic",2025,"Proceedings of the AAAI/ACM Conference on AI, Ethics, and Society",10.1609/aies.v8i1.36583,https://www.semanticscholar.org/paper/7fa8216c7e998ed7e7007eba826a3f4a9b82aefe,0,7fa8216c7e998ed7e7007eba826a3f4a9b82aefe,"Ensuring that large language models (LLMs) align with human values and goals is crucial for their adoption in high-stakes decision-making. To guard against incorrect, misleading, or otherwise unexpected or undesirable LLM outputs, guardrail engineers implement guardrails based on expert knowledge from subject-matter authorities to steer and align pre-trained LLMs. Existing evaluation methods assess LLM performance, with and without guardrails, but provide limited insight into the contribution of each individual guardrail and its interactions on alignment. Here, we present a method to evaluate and select guardrails that best align LLM outputs with empirical evidence representing expert knowledge. Through evaluation with real-world illustrative examples of resume quality and recidivism prediction, we show that our method effectively identifies useful moderation guardrails in a way that could help guardrail engineers interpret contributions of different guardrails to ""user-LLM"" alignment.",0.8040201005025126,2.280081497656951,-0.3526277904227269,-0.3310912364905954,Bottom 50%
RAI Advocacy: Communicative Strategies for Advancing Responsible AI in Large Technology Companies,"Jordan Duran, Samir Passi, Mihaela Vorvoreanu",2025,"Proceedings of the AAAI/ACM Conference on AI, Ethics, and Society",10.1609/aies.v8i1.36591,https://www.semanticscholar.org/paper/81f79bea542c4b9890839f94e4210ec77c208ee6,0,81f79bea542c4b9890839f94e4210ec77c208ee6,"Despite perceived tensions between Responsible AI (RAI) and business objectives in large technology companies, RAI efforts still advance thanks to the persistent, often invisible work of passionate advocates who take on RAI work, often in addition to their formal roles. In this paper, we examine the work of such RAI advocates from an organizational communication perspective that enables us to understand how organizational realities are continuously constructed and negotiated through communication. Specifically, we look at RAI advocates' communicative moves – the advocacy strategies they use to address RAI challenges and get RAI work done. Through an analysis of 22 in-depth interviews with RAI advocates, we identify shared obstacles related to getting buy-in for and facilitating RAI work, and 14 distinct communicative strategies advocates use to address them. Our findings highlight the demanding yet under-recognized labor that enables and shapes RAI work within organizations. We conclude by discussing how organizations can better support RAI advocacy efforts and, ultimately, envision a future where RAI is normalized in everyday organizational processes such that advocacy is no longer needed.",0.8040201005025126,2.280081497656951,-0.3526277904227269,-0.3310912364905954,Bottom 50%
From Explaining to Diagnosing: A Justice-Oriented Framework of Explainable AI for Bias Detection,"Miriam Fahimi, L. State, Atoosa Kasirzadeh",2025,"Proceedings of the AAAI/ACM Conference on AI, Ethics, and Society",10.1609/aies.v8i1.36597,https://www.semanticscholar.org/paper/0cc57a472006e572d5c551cc0425fffc4bb0fc2d,0,0cc57a472006e572d5c551cc0425fffc4bb0fc2d,"Explainable AI (XAI) methods can support the identification of biases in automated decision-making (ADM) systems. However, existing research does not sufficiently address whether these biases originate from the ADM system or mirror underlying societal inequalities. This distinction is important because it has major implications for how to act upon an explanation: while the societal bias produced by the ADM system can be algorithmically fixed, societal inequalities demand societal actions. To address this gap, we propose the RR-XAI-framework (recognition-redistribution through XAI) that builds on a distinction between socio-technical and societal bias and Nancy Fraser's justice theory of recognition and redistribution. In our framework, explanations can play two distinct roles: as a socio-technical diagnosis when they reveal biases produced by the ADM system itself, or as a societal diagnosis when they expose biases that reflect broader societal inequalities. We then outline the operationalization of the framework and discuss its applicability for cases in algorithmic hiring and credit scoring. Based on our findings, we argue that the diagnostic functions of XAI are contingent on the provision of such explanations, the resources of the audiences, as well as the current limits of XAI techniques.",0.8040201005025126,2.280081497656951,-0.3526277904227269,-0.3310912364905954,Bottom 50%
Understanding Endogenous Data Drift in Adaptive Models with Recourse-Seeking Users,"Bo Liu, Zhi-Xuan Liu, Kuan Lun Chen, Shih-Yu Tsai, Jie Gao, Hao-Tsung Yang",2025,"Proceedings of the AAAI/ACM Conference on AI, Ethics, and Society",10.1609/aies.v8i2.36659,https://www.semanticscholar.org/paper/43da4f7cc182fb6aff18990001bf110c090b1bec,0,43da4f7cc182fb6aff18990001bf110c090b1bec,"Deep learning models are widely used in decision-making and recommendation systems, where they typically rely on the assumption of a static data distribution between training and deployment. However, real-world deployment environments often violate this assumption. Users who receive negative outcomes may adapt their features to meet model criteria, i.e., recourse action. These adaptive behaviors create shifts in the data distribution and when models are retrained on this shifted data, a feedback loop emerges: user behavior influences the model, and the updated model in turn reshapes future user behavior. Despite its importance, this bidirectional interaction between users and models has received limited attention. In this work, we develop a general framework to model user strategic behaviors and their interactions with decision-making systems under resource constraints and competitive dynamics. Both the theoretical and empirical analyses show that user recourse behavior tends to push logistic and MLP models toward increasingly higher decision standards, resulting in higher recourse costs and less reliable recourse actions over time. To mitigate these challenges, we propose two methods—Fair-top-k and Dynamic Continual Learning (DCL)—which significantly reduce recourse cost and improve model robustness. Our findings draw connections to economic theories, highlighting how algorithmic decision-making can unintentionally reinforce a higher standard and generate endogenous barriers to entry.",0.8040201005025126,2.280081497656951,-0.3526277904227269,-0.3310912364905954,Bottom 50%
The AI Power Disparity Index: Toward a Compound Measure of AI Actors’ Power to Shape the AI Ecosystem,"Rachel M. Kim, Blaine Kuehnert, Seth Lazar, Ranjit Singh, Hoda Heidari",2025,"Proceedings of the AAAI/ACM Conference on AI, Ethics, and Society",10.1609/aies.v8i2.36645,https://www.semanticscholar.org/paper/74082f65fd75df3747b8cd00c43d1104eb6bc2ca,0,74082f65fd75df3747b8cd00c43d1104eb6bc2ca,"The rapid advancement and adoption of Artificial Intelligence (AI) is reshaping power dynamics among key AI stakeholder groups. Capturing this shift requires a framework to assess various dimensions of power held by different players in the AI ecosystem. While previous work has explored AI power dynamics from theoretical and philosophical perspectives, little attention has been given to concretely measuring who is involved in and impacted by the shifting power dynamics, which dimensions of power are evolving over time, and to what extent. In this paper, we conceptualize the AI Power Disparity Index (AI-PDI): a composite indicator designed to measure and signal the changing distribution of power in the AI ecosystem. Drawing on interdisciplinary theories, we propose to aggregate several key dimensions of power in the index, including its bases, means, scope, and degree. While the primary contribution of this work is to conceptualize the index, we take an initial step toward operationalizing it: inspired by the Delphi method, we recommend a collaborative, expert-driven methodology to determine the specific form and content of the index. We envision the AI-PDI to serve as a critical resource for policymakers, researchers, and civil society to track evolving power dynamics around AI, encouraging informed dialogue and guiding long-term strategies for democratic and transparent development and use of the technology.",0.8040201005025126,2.280081497656951,-0.3526277904227269,-0.3310912364905954,Bottom 50%
Legal Affiliates’ Views on Algorithmic Decision Making,"S. Kleanthous, Maria Kasinidou",2025,"Proceedings of the AAAI/ACM Conference on AI, Ethics, and Society",10.1609/aies.v8i2.36647,https://www.semanticscholar.org/paper/2045d2d033feefb69130dc925b58ba8de70f4d9b,0,2045d2d033feefb69130dc925b58ba8de70f4d9b,"Procedural fairness in algorithmic decision support systems has been extensively examined across various disciplines. This study investigates how future legal practitioners perceive fairness and accountability in such systems, and how their views diverge from those of computer scientists. In a replication of earlier research, we recruited 150 legal-affiliated crowdworkers via Prolific to: (a) rate their agreement with statements related to six fairness constructs across three scenarios, (b) define algorithmic fairness, (c) identify causes of unfairness, and (d) express their views on accountability. Our findings show that legal affiliates’ perceptions of algorithmic fairness differ from those in previous studies. Participants often defined fairness as the absence of discrimination, emphasizing the quality of the system’s output. They cited ‘sensitive attributes’ as a primary source of unfairness and held the ‘company using or owning the system’ accountable when unfairness occurred.",0.8040201005025126,2.280081497656951,-0.3526277904227269,-0.3310912364905954,Bottom 50%
"Matters of Explanation: Rethinking Explainability with Tangible, Embodied, Material Interactions","Goda Klumbytė, Claude Draude",2025,"Proceedings of the AAAI/ACM Conference on AI, Ethics, and Society",10.1609/aies.v8i2.36648,https://www.semanticscholar.org/paper/42eda698f3e3ebbe72c846e6aa0cd89151f1b2f5,0,42eda698f3e3ebbe72c846e6aa0cd89151f1b2f5,"This paper explores how the notions of explainability and understanding in explainable AI (XAI) and its design can be re-thought with embodied, tangible, and material interactions and related theories of new materialism. Contributing to the emerging 'tangible XAI' and 'graspable AI' frameworks, we suggest that XAI design can and should leverage material, tangible qualities, and embodiment to address the emergent and process-oriented approach to understanding and explainability in XAI design. We present two examples that help illustrate this approach: an artwork, created as part of collaborative research that engages affective and felt modalities of AI, and a paper prototype of a pinball machine built during workshop that explored tangible explainability for large language models. Through these examples, we also show that materiality and embodiment are important agents in the emergence of 
explainability and understanding and invite to consider ethical explanation design as a material practice of care.",0.8040201005025126,2.280081497656951,-0.3526277904227269,-0.3310912364905954,Bottom 50%
GRAILS - A Framework for Embedding Ethical Safeguards in Software Applications for Responsible AI,"Apurva Kulkarni, Chandrashekar Ramanathan",2025,"Proceedings of the AAAI/ACM Conference on AI, Ethics, and Society",10.1609/aies.v8i2.36650,https://www.semanticscholar.org/paper/8c1f7bba286886720e417d8b0b88a1378d32d835,0,8c1f7bba286886720e417d8b0b88a1378d32d835,"Software systems increasingly mediate critical societal
functions involving large-scale use of data. The use of
personal and sensitive data introduces ethical and legal
concerns, necessitating architectures that support
Responsible AI and enforce open access safeguards grounded
in ethical principles. These principles are conventionally
derived through laws, regulations, codes of conduct, and
frameworks.
Much of the focus in responsible AI has been on privacy
alone. However, there can be other sensitive information in
the enterprise and public domain that needs to be handled
in a responsible and ethical manner as well. Ethical
compliance traditionally has been achieved through
systematic manual adherence to guidelines, regulations, and
other documentation. However, there is a lack of concrete
software architectures, frameworks, or tools that can
provide automation to enable compliance directly in
software systems.
This paper introduces Guardrail Framework, a modular,
reusable software framework that operationalizes
responsible AI principles by decoupling ethical constraints
from the functional requirements of software applications.
The proposed novel framework addresses the issue of ethical
compliance in application software by creating a robust
software framework that can be plugged into multiple
application software development environments. The
framework allows ethical filtering of information on the
basis of data sensitivity (Low to High), the trust score of
the user (Low to High), and granularity of the data (Cell,
Row, Column, or Table). The proposed Guardrail framework is
implemented and evaluated using Open Government Dataset
(OGD), demonstrating high cohesion, low coupling, and
long-term maintainability, in line with fundamental
software engineering architectural design principles.
Notably, the proposed framework is equally effective for
ensuring ethical use of personal, enterprise, and public
data.",0.8040201005025126,2.280081497656951,-0.3526277904227269,-0.3310912364905954,Bottom 50%
Labeling in Their Shoes: Improving Text Annotation with Cognitive Empathy Priming (Extended Abstract),"Sung Hyun Kwon, Jessica Clark, I. Hann, Jui Ramaprasad",2025,"Proceedings of the AAAI/ACM Conference on AI, Ethics, and Society",10.1609/aies.v8i2.36652,https://www.semanticscholar.org/paper/81f9d59edca065e40eb1166b59d18d041f9130f4,0,81f9d59edca065e40eb1166b59d18d041f9130f4,"Human-annotated labels are crucial for training and
evaluating machine learning models especially in domains
requiring human judgment. However, crowdsourced labelers
frequently struggle to reach consensus and differ from
expert consensus. Through studies in sexist content
identification, we demonstrate how this systematic
misalignment persists even with large numbers of annotators
and significantly impacts model performance. To address
this challenge, we introduce cognitive empathy priming
(CEP)—a scalable psychological intervention that enhances
annotators' ability to recognize perspectives different
from their own. Our results show that CEP substantially
improves label quality: empathy-primed labelers demonstrate
around 10-20% higher alignment with expert consensus
compared to standard crowdsourcing methods, while
inter-rater consistency also improves dramatically. These
improvements translate directly to model performance, with
Large Language Models trained on empathy-primed labels
showing approximately 16% higher agreement with
expert-determined labels compared to those trained on
control group labels. Our sensitivity analyses confirm
these results remain robust even when accounting for
potential expert biases. This research provides
organizations with an cost-effective solution to enhance AI
training data quality, particularly in subjective domains
like content moderation and bias detection.",0.8040201005025126,2.280081497656951,-0.3526277904227269,-0.3310912364905954,Bottom 50%
"AI, Normality, and Oppressive Things (Extended Abstract)","Ting-An Lin, L. Huang",2025,"Proceedings of the AAAI/ACM Conference on AI, Ethics, and Society",10.1609/aies.v8i2.36656,https://www.semanticscholar.org/paper/cf1622d0bcb3767bad3be646efbc0aa28409ea5b,0,cf1622d0bcb3767bad3be646efbc0aa28409ea5b,"While it is well-known that AI systems might bring about
unfair social impacts by influencing social schemas, much
attention has been paid to instances where the content
presented by AI systems explicitly demeans marginalized
groups or reinforces problematic stereotypes. This paper
urges critical scrutiny to be paid to instances that shape
social schemas through subtler manners. Drawing from recent
philosophical discussions on the politics of artifacts, we
argue that many existing AI systems should be identified as
what Liao and Huebner called oppressive things when they
function to manifest oppressive normality. We first
categorize three different ways that AI systems could
function to manifest oppressive normality and argue that
those seemingly innocuous or even beneficial for the
oppressed group might still be oppressive. Even though
oppressiveness is a matter of degree, we further identify
three features of AI systems that make their oppressive
impacts more concerning. We end by discussing potential
responses to oppressive AI systems and urge remedies that
go beyond fixing the unjust outcomes but also challenge the
unjust power hierarchies of oppression.",0.8040201005025126,2.280081497656951,-0.3526277904227269,-0.3310912364905954,Bottom 50%
Reward-on-the-Line: A Novel Offline Reinforcement Learning Method for Building Legal Conversational Agents,"Xubo Lin, Mingze Wang, Grace Hui Yang, Daniel Chen",2025,"Proceedings of the AAAI/ACM Conference on AI, Ethics, and Society",10.1609/aies.v8i2.36657,https://www.semanticscholar.org/paper/0d068fcaade4a9f67cffb6735c1a096eb75d6653,0,0d068fcaade4a9f67cffb6735c1a096eb75d6653,"Offline reinforcement learning (RL) offers a promising path
for training domain-specific conversational agents (CAs)
using large-scale historical dialogue data, without the
need for costly online interactions or human annotations.
In the legal domain, vast amounts of publicly available
courtroom transcripts provide a rich and underutilized
resource for developing intelligent legal CAs. However,
offline training suffers from distribution shift between
the learned policy and the behavior policy embedded in the
training data, which can degrade agent performance at
deployment. We address this challenge with a novel offline
RL method, Reward-on-the-Line (ROL), which calibrates
rewards based on action-selection agreement among an
ensemble of CAs. We apply ROL to the U.S. Supreme Court
dataset to demonstrate its effectiveness in learning
proactive, legally-informed dialogue strategies from
historical court proceedings. To show the broader
applicability of our approach, we also evaluate ROL on the
CraigslistBargain negotiation dataset. Results in both
domains confirm that ROL reduces distribution shift and
improves agent performance in unseen dialogue scenarios.",0.8040201005025126,2.280081497656951,-0.3526277904227269,-0.3310912364905954,Bottom 50%
Privacy in Image Datasets: A Case Study on Pregnancy Ultrasounds,"Rawisara Lohanimit, Yankun Wu, Amelia Katirai, Yuta Nakashima, Noa Garcia",2025,"Proceedings of the AAAI/ACM Conference on AI, Ethics, and Society",10.1609/aies.v8i2.36661,https://www.semanticscholar.org/paper/0e155d471a7fe9004d4494b76fcca4fee45f1ffe,0,0e155d471a7fe9004d4494b76fcca4fee45f1ffe,"The rise of generative models has led to increased use of large-scale datasets collected from the internet, often with minimal or no data curation. This raises concerns about the inclusion of sensitive or private information. In this work, we explore the presence of pregnancy ultrasound images, which contain sensitive personal information and are often shared online. Through a systematic examination of LAION-400M dataset using CLIP embedding similarity, we retrieve images containing pregnancy ultrasound and detect thousands of entities of private information such as names and locations. Our findings reveal that multiple images have high-risk information that could enable re-identification or impersonation. We conclude with recommended practices for dataset curation, data privacy, and ethical use of public image datasets.",0.8040201005025126,2.280081497656951,-0.3526277904227269,-0.3310912364905954,Bottom 50%
Concept Creep in Safe Artificial Intelligence,"Laura Fearnley, Ibrahim Habli",2025,"Proceedings of the AAAI/ACM Conference on AI, Ethics, and Society",10.1609/aies.v8i1.36599,https://www.semanticscholar.org/paper/126ba4f9676160794dcc5588f49ffe31e9082c57,0,126ba4f9676160794dcc5588f49ffe31e9082c57,"This paper argues that the concept “safety” in AI has undergone concept creep, a phenomenon which describes the gradual semantic expansion of harm-related concepts. Originally observed in psychology, concept creep involves concepts broadening their meaning both vertically, to include less severe phenomena, and horizontally, to encompass qualitatively new phenomena. We argue that safety, particularly when applied to AI, has crept along both axes. Our analysis traces this creep by contrasting a baseline definition of safety, which is grounded in the discipline of safety science, with contemporary discourse on the safety of AI systems. We demonstrate that safety has crept horizontally to cover new phenomena, such as systemic injustices and existential risks, and it has crept vertically to include less severe phenomena, such as those related to mental wellbeing. The primary aim of this paper is to map the conceptual expansion of safety. We stop short of arguing whether this expansion constitutes progress or regress for the design and development of AI systems. However, we argue that the process of concept creep produces both beneficial and costly effects for society, policy, industry, and academic research communities. We suggest that some of the promising developments and the problematic trends recently witnessed within AI safety discourse can be understood, at least in part, as a consequence of concept creep.",0.8040201005025126,2.280081497656951,-0.3526277904227269,-0.3310912364905954,Bottom 50%
Value Creation and Value Capture in AI: A Triple Helix Model,Antoni Lorente,2025,"Proceedings of the AAAI/ACM Conference on AI, Ethics, and Society",10.1609/aies.v8i2.36662,https://www.semanticscholar.org/paper/5fc51729bca7061bd6e7881163357282bbcc1d53,0,5fc51729bca7061bd6e7881163357282bbcc1d53,"The idea of ‘value chain’ faces limitations as an effective concept to address the complex mechanisms of value creation and value capture mechanisms in Artificial Intelligence. Starting with a review of Michael Porter’s original
concept, this paper explores the use of the term in the AI context, highlighting the need for a more robust
theoretical foundation to prevent reductionist accounts of value. To address the theoretical gap and make the
complexity of value creation and value capture in AI tractable, we introduce the triple helix model of AI—a
comprehensive analytical framework that decomposes AI into its three fundamental strands: data, architecture, and
computational power. With this, AI can be understood at the intersection of these three strands in each social context,
capturing different value dynamics. Our methodology advances a three-phase approach to thinking about the
triple helix: (1) an ontology or list that identifies key elements and their relationships; (2) a kinematic account
which portrays—in a historical way—the evolution of these components; and (3) a dynamic account, which al-lows the
identification of the driving forces of such evolution. This allows the drawing-up of a comprehensive and faithful
account of AI stagnations and booms while opening the door to reading AI evolution as a story of power.",0.8040201005025126,2.280081497656951,-0.3526277904227269,-0.3310912364905954,Bottom 50%
Aligning Agent Policies with Preferences: Human-Centered Interpretable Reinforcement Learning,"Stephanie Milani, Zhicheng Zhang, Nicholay Topin, Lirong Xia, Fei Fang",2025,"Proceedings of the AAAI/ACM Conference on AI, Ethics, and Society",10.1609/aies.v8i2.36668,https://www.semanticscholar.org/paper/0f498fea75b6ffc2717b2407820612443bc575b5,0,0f498fea75b6ffc2717b2407820612443bc575b5,"An unaddressed challenge in interpretable reinforcement learning (RL) is to enable AI agents to integrate preference feedback into the policy generation process. Existing methods collect feedback only after training is complete, neglecting opportunities to inform the learning process. To address this gap, we propose a novel framework to align interpretable policies with human feedback during training. Our framework interleaves preference learning with an evolutionary algorithm, using updated preference estimates to guide the generation of better-aligned policies, and using newly-generated policies to query users to refine the preference model. Evolutionary algorithms enable the exploration of the full space of policies; however, it is intractable to maintain separate preference estimates---like win rates or utility values---for each individual policy in this infinite space. To handle this challenge, we propose to represent policies as feature vectors consisting of a finite set of meaningful attributes. For example, among a set of policies with similar performance, some may be more intuitive or more amenable to human intervention. To maximize the value of each user query, we employ a novel filtering technique to avoid presenting policies that are dominated in all dimensions, as repeated selections of clearly superior policies provide little information. We validate our method with experiments on synthetic preference data on two RL environments. We show that it produces RL policies that are not only better-aligned with user preferences but also more efficient in the number of user queries.",0.8040201005025126,2.280081497656951,-0.3526277904227269,-0.3310912364905954,Bottom 50%
Operationalizing Critical Data Approaches in Fraud Detection in Latin America,"Ana Paula Moritz, Alayna Kennedy",2025,"Proceedings of the AAAI/ACM Conference on AI, Ethics, and Society",10.1609/aies.v8i2.36670,https://www.semanticscholar.org/paper/d09f69c2163009b5aca1034fe9ad5550b1444bca,0,d09f69c2163009b5aca1034fe9ad5550b1444bca,"This study investigates the challenges and sociotechnical
dimensions of cross-border AI deployment, focusing on fraud
detection products entering Latin American markets. Through
semi-structured interviews with 18 industry practitioners,
we examine how AI systems trained primarily on Global North
data can reproduce and amplify existing inequalities when
deployed in diverse cultural contexts from the one it was
originally designed. By analyzing these dynamics through
lenses of algorithmic fairness, critical data studies, and
science and technology studies, we identify three key
sociotechnical challenges: technical-cultural misalignment,
socioeconomic stratification effects, and problematic model
behavior assumptions. Our findings reveal how standardized
approaches to fraud detection can systematically
disadvantage certain populations, particularly those with
limited digital footprints. We translate these theoretical
insights into practical recommendations for industry
practitioners, contributing to ongoing conversations about
responsible AI deployment across diverse contexts. This
work bridges the gap between abstract fairness principles
and concrete implementation challenges, advocating for a
contextual approach to AI governance that prioritizes local
knowledge and inclusive design.",0.8040201005025126,2.280081497656951,-0.3526277904227269,-0.3310912364905954,Bottom 50%
Reframing AI-for-Good: Radical Questioning in AI for Human Trafficking Interventions,"Pratheeksha Nair, Gabriel Lefebvre, Maryam Molamohammadi, Sophia Garrel, Reihaneh Rabbany",2025,"Proceedings of the AAAI/ACM Conference on AI, Ethics, and Society",10.1609/aies.v8i2.36677,https://www.semanticscholar.org/paper/e9c25d1e3184eccc00b397f3281af1c005d49e30,0,e9c25d1e3184eccc00b397f3281af1c005d49e30,"This paper introduces Radical Questioning (RQ), a structured, pre-design ethics framework developed to assess whether artificial intelligence (AI) should be applied to complex social problems rather than merely how. While much of responsible AI development focuses on aligning systems with principles such as fairness, transparency, and accountability, it often begins after the decision to build has already been made, implicitly treating the deployment of AI as a given rather than a question in itself. In domains such as human trafficking, marked by contested definitions, systemic injustice, and deep stakeholder asymmetries, such assumptions can obscure foundational ethical concerns. RQ offers an upstream, deliberative process for surfacing these concerns before design begins. Drawing from critical theory, participatory ethics, and relational responsibility, RQ formalizes a five-step framework to interrogate problem framings, confront techno-solutionist tendencies, and reflect on the moral legitimacy of intervention. Developed through interdisciplinary collaboration and engagement with survivor-led organizations, RQ was piloted in the domain of human trafficking (HT) which is a particularly high-stakes and ethically entangled application area. Its use led to a fundamental design shift: away from automated detection tools and toward survivor-controlled, empowerment-based technologies. We argue that RQ's novelty lies in both its temporal position, i.e, prior to technical design, and its orientation toward domains where harm is structural and ethical clarity cannot be achieved through one-size-fits-all solutions. RQ thus addresses a critical gap between abstract principles of responsible AI and the lived ethical demands of real-world deployment.",0.8040201005025126,2.280081497656951,-0.3526277904227269,-0.3310912364905954,Bottom 50%
From Categorical to Contextual: Interpreting High-Risk Classification for Profiling-Based AI Recommender Systems in the EU AI Act,Luca Nannini,2025,"Proceedings of the AAAI/ACM Conference on AI, Ethics, and Society",10.1609/aies.v8i2.36678,https://www.semanticscholar.org/paper/158ae00f6b0bb67efcf114b3b929ef3440c65a79,0,158ae00f6b0bb67efcf114b3b929ef3440c65a79,"The EU's AI Act creates regulatory tension for recommender systems through its interaction with the GDPR's profiling provisions. This Article identifies a doctrinal challenge: Article 6(2)'s high-risk classification regime, when combined with GDPR Article 4(4), establishes a binary framework potentially inadequate for varied forms of algorithmic influence. Through doctrinal analysis, a ""profiling paradox"" is identified, manifesting in three dimensions: (1) conflation of data processing activities with behavioral influence mechanisms, (2) categorical treatment that undermines proportionate risk assessment, and (3) regulatory incentives that favor opaque non-profiling systems over transparent personalization. 
In comparison with the Digital Services Act's graduated approach, the AI Act's categorical treatment appears to overlook opportunities for more nuanced regulation. This Article proposes a ""graduated influence'' doctrine for interpreting Article 6(3)'s ""significant risk'' threshold through a multi-factor test examining decisional weight, outcome reversibility, transparency, and user agency. This framework seeks to address regulatory challenges while aligning with fundamental rights objectives.",0.8040201005025126,2.280081497656951,-0.3526277904227269,-0.3310912364905954,Bottom 50%
When Less Regulation Means More Complexity: The EU AI Liability Directive Withdrawal and Its Impact on European Technological Competitiveness,Luca Nannini,2025,"Proceedings of the AAAI/ACM Conference on AI, Ethics, and Society",10.1609/aies.v8i2.36679,https://www.semanticscholar.org/paper/8df32fd7aec892679ddcaa316ab619d29794db18,0,8df32fd7aec892679ddcaa316ab619d29794db18,"This paper examines the February 2025 withdrawal of the European Commission's AI Liability Directive (AILD) and its implications for European technological competitiveness. It challenges the assumption that deregulation inherently fosters innovation, demonstrating that eliminating harmonized liability rules paradoxically increases regulatory complexity through fragmentation across 27 national regimes. This fragmentation disproportionately burdens European AI companies—particularly startups and SMEs—attempting to scale across the Single Market, while advantaging large non-EU tech companies with greater resources to navigate regulatory complexity. Drawing on empirical evidence across sectors, it presents how well-designed liability frameworks can actually catalyze innovation by establishing market certainty, building consumer trust, and creating positive incentives for safety. Solutions are discussed for integrating liability considerations into Europe's broader digital sovereignty strategy through targeted harmonization of specific liability aspects and innovation-enabling frameworks, including regulatory sandboxes and compliance-by-design toolkits. This approach positions liability rules as enablers rather than impediments to sustainable technological advancement in the global AI landscape.",0.8040201005025126,2.280081497656951,-0.3526277904227269,-0.3310912364905954,Bottom 50%
Emergent AI Surveillance: Overlearned Person Re-Identification and Its Mitigation in Law Enforcement Context,"An Thi Nguyen, Radina Stoykova, Eric Arazo",2025,"Proceedings of the AAAI/ACM Conference on AI, Ethics, and Society",10.1609/aies.v8i2.36680,https://www.semanticscholar.org/paper/7771fb7dee99c9c82204f15f1f92e1736de426e6,0,7771fb7dee99c9c82204f15f1f92e1736de426e6,"Generic instance search models can dramatically reduce the
manual effort required to analyze vast surveillance footage
during criminal investigations by retrieving specific
objects of interest to law enforcement. However, our
research reveals an unintended emergent capability: through
overlearning, these models can single out specific
individuals even when trained on datasets without human
subjects. This capability raises concerns regarding
identification and profiling of individuals based on their
personal data, while there is currently no clear standard
on how de-identification can be achieved. We evaluate two
technical safeguards to curtail a model’s person
re-identification capacity: index exclusion and confusion
loss. Our experiments demonstrate that combining these
approaches can reduce person re-identification accuracy to
below 2% while maintaining 82% of retrieval performance for
non-person objects. However, we identify critical
vulnerabilities in these mitigations, including potential
circumvention using partial person images. These findings
highlight urgent regulatory questions at the intersection
of AI governance and data protection: How should we
classify and regulate systems with emergent identification
capabilities? And what technical standards should be
required to prevent identification capabilities from
developing in seemingly benign applications?",0.8040201005025126,2.280081497656951,-0.3526277904227269,-0.3310912364905954,Bottom 50%
Burying the Lead: Adjusting Goals to Manage Functional Limitations of AI Tools in Healthcare,"Jacqueline Kernahan, Richard Bartels, Mark de Reuver, Daniel L. Oberski, Roel Dobbe",2025,"Proceedings of the AAAI/ACM Conference on AI, Ethics, and Society",10.1609/aies.v8i2.36640,https://www.semanticscholar.org/paper/f5f4c270b5abe66d09c4e7bdb037bfb0f8fb64f4,0,f5f4c270b5abe66d09c4e7bdb037bfb0f8fb64f4,"Artificial intelligence based tools are being developed for decision support in healthcare, however, they are frequently found to lack the required functionality to achieve the clinical goals for which they were built. This results in wasted time, money and resources for hospitals attempting to implement and operate such tools. To determine how functionality issues can be resolved prior to tool implementation, it is necessary to understand why such tools are being designed and then built. Our research focuses on clinical decision support tools with functionality issues arising from target variable invalidity. In this paper, we analyze published articles which present clinical decision support tool designs related to clinical goals. These tools use machine learning models trained on electronic health record data. We find that design decisions driven by data availability can introduce construct invalidity in clinical decision support tool designs, leading to an inability of the tool to address the clinical goal. We observe that alternative goals to the main clinical goal are used to justify continued development. We show that functional limitations of the tool related to the clinical goal can be obscured by imprecise terminology in the model’s stated functionality. Finally, we highlight the need for reconsidered approaches to dataset creation, defining success criteria, and the reporting and transparency of research outcomes as they relate to clinical goals.",0.8040201005025126,2.280081497656951,-0.3526277904227269,-0.3310912364905954,Bottom 50%
Models and Algorithms for Balancing Efficiency and Equity in Vaccine Allocation,"Jeffrey Keithley, Madeline Bonner, Sriram V. Pemmaraju",2025,"Proceedings of the AAAI/ACM Conference on AI, Ethics, and Society",10.1609/aies.v8i2.36639,https://www.semanticscholar.org/paper/a84253c68c2c4003d8fc13190ccb142f483eb53c,0,a84253c68c2c4003d8fc13190ccb142f483eb53c,"The COVID-19 pandemic was a powerful reminder that existing societal inequalities get amplified during public health emergencies. In response to the pandemic, organizations such as the CDC, WHO, and public health departments developed frameworks for equitable allocation of vaccines, using well-established ethical principles as a foundation. The overall goal of this paper is to translate these policy frameworks into a computational framework that can be used by public health departments to equitably allocate vaccines in a transparent manner during the initial stages of a pandemic, when vaccine demand far exceeds supply.

We start by developing a mathematical model for disease-spread that accounts for social vulnerability, geographic barriers to healthcare access, and differences in work constraints. On the basis of this model, we present multiple optimization formulations of a vaccine allocation problem that aims to reduce overall disease prevalence while also reducing disparity in outcomes for a given ``protected class'' relative to the general population. We present simple, scalable, and transparent algorithms for our optimization formulations.

Our experiments focus on allocating vaccines at the census block group granularity in Johnson County, Iowa. Our experimental test bed incorporates social vulnerability index, a hospital accessibility index, and essential worker status into CovaSim, a state-of-the-art agent-based COVID-19 model. Our experiments lead to two main takeaways. First, it is possible to substantially reduce disparity in the outcomes of the protected class (for various choices of this class) with negligible worsening in overall disease-prevalence. Second, it is critical for disparity to be considered at all stages of the computational framework, e.g., incorporating it into the optimization formulation without considering it in the modeling stage has very limited value.",0.8040201005025126,2.280081497656951,-0.3526277904227269,-0.3310912364905954,Bottom 50%
Unintended Impacts of Automation for Integration? Simulating Integration Outcomes of Algorithm-Based Refugee Allocation in Germany,"Jakob Kappenberger, Clara Strasser Ceballos, Frederic Gerdon, Daria Szafran, Florian Rupp, Kai Eckert, Heiner Stuckenschmidt, Ruben L. Bach, Frauke Kreuter, Christoph Kern",2025,"Proceedings of the AAAI/ACM Conference on AI, Ethics, and Society",10.1609/aies.v8i2.36638,https://www.semanticscholar.org/paper/adc56a308913051744511bb1a1b56bd291d63fe2,0,adc56a308913051744511bb1a1b56bd291d63fe2,"The location to which refugees are assigned upon arrival in a host country is a critical factor for their integration prospects. Several research groups have developed algorithmic tools based on artificial intelligence (AI) to optimize refugee-location matching, with the overall aim of improving refugees’ integration into the labor market. These tools are used in a highly sensitive context, and thus their design, social impacts, and potential long-term consequences need to be systematically assessed. To investigate such effects, we propose an agent-based simulation framework, grounded in sociological theory and real-world survey data. This framework allows for simulating different allocation mechanisms for refugees to
locations and studying their impacts on integration outcomes. We illustrate the simulation framework in the German context by comparing the current approach of the Königsteiner Schlüssel (i.e., quasi-random allocation) with algorithm-based matching. We study each procedure’s impact on both economic and social integration and assess structural effects on inequalities between subgroups of refugees. We find that (1) algorithmic assignment can improve both economic and social integration outcomes globally; (2) performance gains vary geographically and demographically, potentially reinforcing existing inequalities; (3) incorporating feedback loops—where each allocation round reshapes local community composition—is crucial for assessing the impacts of algorithmic allocation systems in dynamic social environments.",0.8040201005025126,2.280081497656951,-0.3526277904227269,-0.3310912364905954,Bottom 50%
On the Misalignment Between Legal Notions and Statistical Metrics of Intersectional Fairness,"D. D. Kanubala, Isabel Valera",2025,"Proceedings of the AAAI/ACM Conference on AI, Ethics, and Society",10.1609/aies.v8i2.36637,https://www.semanticscholar.org/paper/e8331cefcff45096f6f58163de9aef3cf17da37d,0,e8331cefcff45096f6f58163de9aef3cf17da37d,"Intersectional (un)fairness, as conceptualized in legal and social theory, emphasizes the non-additive and structurally complex nature of discrimination against individuals at the intersection of multiple sensitive attributes (such as race, gender, etc). Recent works have proposed statistical metrics for intersectional fairness by estimating disparities across groups of individuals sharing two or more sensitive attributes. However, it is unclear if these metrics detect uniquely intersectional discrimination. We therefore pose the following question, Do current statistical intersectional metrics detect the non-additive discrimination highlighted by intersectionality theory? More specifically, to answer this, we run controlled synthetic data experiments that explicitly allow us to control for single, multiple, intersectional, and compounded forms of discrimination. Our analyses show that current statistical metrics for intersectional fairness behave more like multi-attribute disparity measures. Specifically, they respond more strongly to additive or compounded biases than to non-additive interaction effects. While they effectively capture disparities across multiple sensitive attributes, they often fail to detect uniquely intersectional discrimination. These findings reveal a fundamental misalignment between existing intersectional fairness metrics and the legal and theoretical foundations of intersectionality. We argue that if intersectional fairness metrics are to be deemed truly intersectional, they must be explicitly designed to account for the structural, non-additive nature of intersectional discrimination.",0.8040201005025126,2.280081497656951,-0.3526277904227269,-0.3310912364905954,Bottom 50%
LLM-based Simulations of Human Behavior in Psychological Research,Santiago Flórez Sánchez,2025,"Proceedings of the AAAI/ACM Conference on AI, Ethics, and Society",10.1609/aies.v8i1.36603,https://www.semanticscholar.org/paper/fec08606787821caa49799884661b37fbb112634,0,fec08606787821caa49799884661b37fbb112634,"What does it mean for LLMs to replace human participants in psychological research? My analysis of this question is structured around two central philosophical problems: scientific representation and epistemic opacity. By examining how these issues shape trustful and distrustful stances toward using LLMs as models of the human mind, I describe tendencies in the scientific literature and their relation to emerging interpretability and elicitation techniques. In this regard, my primary contributions are, first, a philosophical framework for understanding the conceptual tensions that shape the debate, and second, a taxonomy that maps stances in empirical literature to their corresponding methodological innovations. I show that both trustful and distrustful positions, despite their disagreements, foster the methodological innovations necessary for building a more robust epistemological foundation for LLM-based simulations. Accordingly, empirical research stances must be responsive to the pressures and constraints implied by their underlying philosophical intuitions. This means, for instance, that trustful stances should explore protocols leveraging fine-tuning and prompt design to evaluate correspondence and consistency in more complex behavioral patterns—thereby working around model opacity—while distrustful stances should further develop parallels at the algorithmic and implementational levels between LLMs and the human mind through XAI techniques and computational cognitive science—to probe the representational relationship.",0.8040201005025126,2.280081497656951,-0.3526277904227269,-0.3310912364905954,Bottom 50%
Dataset-to-Dataset Evaluation Before (and Without) Sharing Data,"Keren Fuentes, Mimee Xu, Irene Y. Chen",2025,"Proceedings of the AAAI/ACM Conference on AI, Ethics, and Society",10.1609/aies.v8i1.36604,https://www.semanticscholar.org/paper/6b84679671915f188c3da22f06f61906a2786f1f,0,6b84679671915f188c3da22f06f61906a2786f1f,"Privacy concerns and competitive interests impede data access for machine learning, due to the inability to privately assess external data's utility. This dynamic disadvantages smaller organizations that lack resources to aggressively pursue data-sharing agreements. In data-limited scenarios, not all external data is beneficial, and collaborations suffer especially in heavily regulated domains: metrics that aim to assess external data given a source e.g., approximating their KL-divergence, require accessing samples from both entities pre-collaboration, hence violating privacy. This conundrum disempowers legitimate data-sharing, leading to a false ``privacy-utility trade-off"".
 To resolve privacy and uncertainty tensions simultaneously, we introduce SecureKL, the first secure protocol for dataset-to-dataset evaluations with zero privacy leakage, designed to be applied preceding data sharing. SecureKL evaluates a source dataset against candidates, performing dataset divergence metrics internally with private computations, all without assuming downstream models. 
 On real-world data, SecureKL achieves high consistency (>90% correlation with non-private counterparts) and successfully identifies beneficial data collaborations in highly-heterogeneous domains (ICU mortality prediction across hospitals and income prediction across states). Our results highlight that secure computation maximizes data utilization, outperforming privacy-agnostic utility assessments that leak information.",0.8040201005025126,2.280081497656951,-0.3526277904227269,-0.3310912364905954,Bottom 50%
IndiCASA: A Dataset and Bias Evaluation Framework for LLMs Using Contrastive Embedding Similarity in the Indian Context,"Santhosh G S, Akshay Govind S, Gokul S. Krishnan, Balaraman Ravindran, S. Natarajan",2025,"Proceedings of the AAAI/ACM Conference on AI, Ethics, and Society",10.1609/aies.v8i1.36605,https://www.semanticscholar.org/paper/2b07a2da083a83dfb8d4425965f5a906f54a7585,0,2b07a2da083a83dfb8d4425965f5a906f54a7585,"Large Language Models (LLMs) have gained significant traction across critical domains owing to their impressive contextual understanding and generative capabilities. However, their increasing deployment in high stakes applications necessitates rigorous evaluation of embedded biases, particularly in culturally diverse contexts like India where existing embedding-based bias assessment methods often fall short in capturing nuanced stereotypes. We propose an evaluation framework based on a encoder trained using contrastive learning that captures fine-grained bias through embedding similarity. We also introduce a novel dataset - IndiCASA (IndiBias-based Contextually Aligned Stereotypes and Anti-stereotypes) comprising 2,575 human-validated sentences spanning five demographic axes: caste, gender, religion, disability, and socioeconomic status. Our evaluation of multiple open-weight LLMs reveals that all models exhibit some degree of stereotypical bias, with disability related biases being notably persistent, and religion bias generally lower likely due to global debiasing efforts demonstrating the need for fairer model development.",0.8040201005025126,2.280081497656951,-0.3526277904227269,-0.3310912364905954,Bottom 50%
Responsible AI Governance in the Public Sector: Explaining Contextual Dynamics Through a Realist Synthesis Review,"Ana Gagua, Haiko van der Voort, Nihit Goyal, Alexander Verbraeck",2025,"Proceedings of the AAAI/ACM Conference on AI, Ethics, and Society",10.1609/aies.v8i1.36606,https://www.semanticscholar.org/paper/13f4498d6a42b0eaba57bd899d9744090f6a6cbf,0,13f4498d6a42b0eaba57bd899d9744090f6a6cbf,"Responsible AI (RAI) governance is increasingly understood not as a static checklist of principles, but as a dynamic process embedded in institutional, organisational, and sociotechnical contexts. While several ethical frameworks exist, translating high-level principles into situated organisational practices remains challenging. Empirical studies examining how public sector organisations operationalise RAI remain fragmented, limiting cumulative insights. To address this gap, we conduct a realist synthesis review of 21 empirical studies. Our analysis shows that similar interventions in different contexts activate distinct mechanisms and produce divergent outcomes with varying degrees of alignment to RAI principles. From these variations, we identify three cross-cutting dynamics explaining outcomes: organisational embeddedness, power-expertise tensions, and trust-transparency relationships. Together, we term it the situated dynamics of RAI governance. This approach moves beyond asking whether interventions “work” to explain why similar interventions succeed in some contexts and fail in others.",0.8040201005025126,2.280081497656951,-0.3526277904227269,-0.3310912364905954,Bottom 50%
The ‘Wild West’ of Medicine: Exploring the Emergence of ‘Grassroots’ AI Governance in Radiology,"Bhargavi Ganesh, Danielle Schiff, Stuart Anderson",2025,"Proceedings of the AAAI/ACM Conference on AI, Ethics, and Society",10.1609/aies.v8i2.36608,https://www.semanticscholar.org/paper/31c3be0c5c574c0f7b730f52b29c17c1f1a42f80,0,31c3be0c5c574c0f7b730f52b29c17c1f1a42f80,"In the past 10 years, a steady increase in clinical AI
adoption has been accompanied by concerns regarding
potential risks. Thus, there has been a growing body of
literature on the regulatory implications of AI devices,
and studies exploring clinician attitudes towards AI.
However, there has been limited work examining ‘bottom-up’
hospital-level AI governance approaches. To fill this gap,
we conducted a qualitative study interviewing 22 healthcare
practitioners with AI governance experience within
radiology departments and/or professional societies in the
US and UK. We aimed to understand the current state of AI
adoption and governance, clinician perspectives on
responsibility, and the interaction between ‘top-down’ and
‘bottom-up’ governance approaches. Our findings indicate
disparities in resources and AI expertise, as well as
differences in the scope, composition, remit, and role of
AI governance committees across hospitals. Additionally, we
uncover emerging challenges in negotiating responsibility
norms for AI outcomes and performance monitoring. We also
discuss the AI governance roles taken on by some
clinicians, often on a voluntary basis, and the challenges
they face in navigating siloed, hierarchical organizations.
Finally, we analyze participant recommendations, including
the development of streamlined guidance on responsible AI
adoption, better staff education/training, and centralized
approaches to performance monitoring.",0.8040201005025126,2.280081497656951,-0.3526277904227269,-0.3310912364905954,Bottom 50%
The Politics of AI Systems Are Inextricable from Their Supply Chains: Public Values Versus the Digital Political Economy,Ben Gansky,2025,"Proceedings of the AAAI/ACM Conference on AI, Ethics, and Society",10.1609/aies.v8i2.36610,https://www.semanticscholar.org/paper/66d6d65580ded3ba0d4df137861d46b0b8a6ba3e,0,66d6d65580ded3ba0d4df137861d46b0b8a6ba3e,"This article narrates the trajectory of a conflictual
relationship between a public planning consortium and their
AI technology vendor. Through an analysis of three years of
email correspondence obtained via Freedom of Information
Act request, I follow a team of transit planners from the
U.S. state of Oregon who insisted that their vendor and its
technology be transparent and accountable; conflicts
emerged. I argue that this case demonstrates fundamental
limits on the ethics and contextual appropriateness of AI
tools that are dependent on data supply chains entangled
with the digital political economy. These limits are
enacted by such legal mechanisms as trade secrecy
protections and non-disclosure agreements, as well as by
the structural complexity and recursiveness of AI/ML model
and data supply chains. Negotiations over the politics of
the digital tool in question became articulated as
conflicts over the provenance of the tool’s training data.
By calling attention to how digital production relations
are always situated within chains of dependencies, my
analysis yields a more nuanced understanding about how the
politics of AI-based tools are shaped in practice, and the
terrain on which they might be contested and attempts made
at re-configuration and alignment with public values.",0.8040201005025126,2.280081497656951,-0.3526277904227269,-0.3310912364905954,Bottom 50%
Explanation Difference: Bridging Procedural and Distributional Fairness,"Joe Germino, Yuying Zhao, Tyler Derr, Nuno Moniz, Nitesh V. Chawla",2025,"Proceedings of the AAAI/ACM Conference on AI, Ethics, and Society",10.1609/aies.v8i2.36612,https://www.semanticscholar.org/paper/245a490a62dcae754d5dd74c39cdaa5fb7cba41a,0,245a490a62dcae754d5dd74c39cdaa5fb7cba41a,"Fairness in Machine Learning (Fair ML) is often presented as a trade-off between predictive performance and equality of predicted values. This view of fairness, commonly referred to as distributional fairness, fails to consider how a model arrives at its predictions. This may lead to Fair ML models evaluating protected groups on differing criteria, creating incentive structures that further perpetuate societal biases. Alternatively, procedural fairness attempts to ensure a fair decision-making process, but often does so at the expense of distributional fairness. In this paper, we propose a new procedural fairness measure, Explanation Difference (EDiff), and further illustrate the importance of treating fairness as a multi-objective optimization problem considering distributional and procedural fairness, and predictive performance. We conduct an extensive experimental evaluation showing 1) the shortcomings of solely optimizing for distributional or procedural fairness, and that 2) our multi-objective approach utilizing EDiff can build fair ML models in both distributional and procedural fairness while retaining strong predictive performance.",0.8040201005025126,2.280081497656951,-0.3526277904227269,-0.3310912364905954,Bottom 50%
Embodied AI at the Margins: Postcolonial Ethics for Intelligent Robotic Systems,"Atmadeep Ghoshal, Martim Brandao, Ruba Abu-Salma, Sanjay Modgil",2025,"Proceedings of the AAAI/ACM Conference on AI, Ethics, and Society",10.1609/aies.v8i2.36615,https://www.semanticscholar.org/paper/22c6bfa988f544c9ca579117694e6584921a726e,0,22c6bfa988f544c9ca579117694e6584921a726e,"As artificial intelligence (AI)-powered robots increasingly permeate global societies, critical questions emerge about their ethical governance in diverse cultural contexts. This paper interrogates the adequacy of dominant roboethics frameworks when applied to Global South environments, where unique sociotechnical landscapes demand a reevaluation of Western-centric ethical assumptions. Through thematic analysis of seven major ethical standards for AI and robotics, we uncover systemic limitations that present challenges in non-Western contexts---such as assumptions about standardized testing infrastructures, individualistic notions of autonomy, and universalized ethical principles. The uncritical adoption of these frameworks risks reproducing colonial power dynamics in which technological authority flows from centers of AI production rather than from the communities most affected by deployment. Instead of replacing existing frameworks entirely, we propose augmenting them through four complementary ethical dimensions developed through a postcolonial lens: epistemic non-imposition, onto-contextual consistency, agentic boundaries, and embodied spatial justice. These principles provide conceptual scaffolding for technological governance that respects indigenous knowledge systems, preserves cultural coherence, accounts for communal decision structures, and enhances substantive capabilities for Global South communities. The paper demonstrates practical implementation pathways for these principles across technological life cycles, offering actionable guidance for dataset curation, task design, and deployment protocols that mitigate power asymmetries in cross-cultural robotics implementation. This approach moves beyond surface-level adaptation to re-conceptualize how robotic systems may ethically function within the complex social ecologies of the Global South while fostering genuine technological sovereignty.",0.8040201005025126,2.280081497656951,-0.3526277904227269,-0.3310912364905954,Bottom 50%
From Efficiency to Equity: Measuring Fairness in Preference Learning,"S. Gowaikar, Hugo Berard, Rashid A. Mushkani, Shin Koseki",2025,"Proceedings of the AAAI/ACM Conference on AI, Ethics, and Society",10.1609/aies.v8i2.36616,https://www.semanticscholar.org/paper/71e1999eccbd7ecef15ebb7fa1b8840b48850986,0,71e1999eccbd7ecef15ebb7fa1b8840b48850986,"As AI systems, particularly generative models, increasingly
influence decision-making, ensuring that they are able to
fairly represent diverse human preferences becomes crucial.
This paper introduces a novel framework for evaluating
epistemic fairness in preference learning models inspired
by economic theories of inequality and Rawlsian justice. We
propose metrics adapted from the Gini Coefficient, Atkinson
Index, and Kuznets Ratio to quantify fairness in these
models. We validate our approach using a diverse collection
of datasets, covering both visual preferences and textual
content. Our analysis reveals variations in model
performance across users, highlighting potential epistemic
injustices. We explore pre-processing and in-processing
techniques to mitigate these inequalities, demonstrating a
complex relationship between model efficiency and fairness.
This work contributes to AI ethics by providing a framework
for evaluating and improving epistemic fairness in
preference learning models, offering insights for
developing more inclusive AI systems in contexts where
diverse human preferences are crucial.",0.8040201005025126,2.280081497656951,-0.3526277904227269,-0.3310912364905954,Bottom 50%
AI Managing Agent-Based Healthcare Processes,"Simon Grange, Pearl Rwauya, Safa Alameri, Rami Bahsoon",2025,"Proceedings of the AAAI/ACM Conference on AI, Ethics, and Society",10.1609/aies.v8i2.36617,https://www.semanticscholar.org/paper/fb1c1a569339542bc076eb9e8ea523241184be65,0,fb1c1a569339542bc076eb9e8ea523241184be65,"This paper describes a methodology for Evolving Systems
Supporting Governance, Regulation, Control, Safety, and
Security in personalised healthcare.
To embrace AI in any critical system, any stochastic
advantage of time or resource saving needs to be trusted,
and this in turn needs deterministic consolidation – i.e.
verification processes which both secure the foundation of
any novel system through offering reassurances of the
reliance upon models and also validation of those models in
practice, since they may “drift“ over time.
Deviating from this original foundation can lead to errors,
which need to be addressed for such a system to remain
useful, indeed credible.
This review of how such governance can become integral to
developing new principles for responsible AI inspired by
personalised healthcare's 5Ps which can be adopted for the
managing of a common yet critical care path. This leads to
many questions around the strategic, operational and
tactical approaches, which are answered through providing a
use case of dealing with Emergency to exemplify future
approaches to agent based healthcare management.",0.8040201005025126,2.280081497656951,-0.3526277904227269,-0.3310912364905954,Bottom 50%
"Bubble, Bubble, AI's Rumble: Why Global Financial Regulatory Incident Reporting is Our Shield Against Systemic Stumbles","Anchal Gupta, Gleb Pappyshev, James T Kwok",2025,"Proceedings of the AAAI/ACM Conference on AI, Ethics, and Society",10.1609/aies.v8i2.36621,https://www.semanticscholar.org/paper/304cef34890f160a58ad092ef022e696b0b61fe7,0,304cef34890f160a58ad092ef022e696b0b61fe7,"""Double, double toil and trouble; Fire burn and cauldron bubble."" As Shakespeare's witches foretold chaos through cryptic prophecies, modern capital markets grapple with systemic risks concealed by opaque AI systems. According to the IMF, the August 5, 2024, plunge in Japanese and U.S. equities can be linked to algorithmic trading, yet absent from the existing AI incidents database, exemplifies this transparency crisis. Current AI incident databases, reliant on crowdsourcing or news scraping, systematically overlook capital market anomalies, particularly in algorithmic and high-frequency trading. We address this critical gap by proposing a regulatory-grade global database that synthesises post-trade reporting frameworks with proven incident documentation models from healthcare and aviation. Our framework's temporal data omission technique masks timestamps while preserving percentage-based metrics, enabling sophisticated cross-jurisdictional analysis of emerging risks while safeguarding confidential business information. Synthetic data validation (modelled after real life published incidents) (n=2,999 incidents) reveals compelling patterns: systemic risks transcending geographical boundaries, market manipulation clusters distinctly identifiable via K-means algorithms, and AI system typology exerting significantly greater influence on trading behaviour than geographical location, This tripartite solution empowers regulators with unprecedented cross-jurisdictional oversight, financial institutions with
seamless compliance integration, and investors with critical visibility into previously obscured AI-driven vulnerabilities. We call for immediate action to strengthen risk management and foster resilience in AI-driven financial markets against the volatile ""cauldron"" of AI-driven systemic risks, promoting global financial stability through enhanced transparency and coordinated oversight.",0.8040201005025126,2.280081497656951,-0.3526277904227269,-0.3310912364905954,Bottom 50%
“Stealing Is Wrong… and Too Hard to Pull Off Successfully”: Inclusion of Normative Versus Capacity Information in Robot Command Rejection,"Alyssa Hanson, Gordon Briggs, Ruchen Wen, Yifei Zhu, Tom Williams",2025,"Proceedings of the AAAI/ACM Conference on AI, Ethics, and Society",10.1609/aies.v8i2.36623,https://www.semanticscholar.org/paper/1798d544423983f06687f12838936e73a911a2c6,0,1798d544423983f06687f12838936e73a911a2c6,"In this work, we consider the inclusion of normative vs non-normative information in norm-violation responses. In particular, we consider situations where robots are given requests that simultaneously violate both normative constraints and non-normative capacity constraints. To understand what reasons robots should provide when confronted with such violations, we present the results of a human subjects experiment in which we systematically varied the degrees of both norm and capacity violation in human commands made toward robots, and then measured the effects of this variation on participants’ preferred robot response choices. Our results (1) suggest that robots should consistently include normative information when rejecting a command, and (2) shed light on the contexts in which capacity information should also be included.",0.8040201005025126,2.280081497656951,-0.3526277904227269,-0.3310912364905954,Bottom 50%
Responsible AI in Media Organizations: Four Case Studies Implementing Ethical Tools in Practice,"M. Harbers, Sophie Horsman, Pascal Wiggers, Huib Aldewereld, Márcio Fuckner, Coert van Gemeren, Oumaima Hajri, Floor Schukking, Nathalie Stembert",2025,"Proceedings of the AAAI/ACM Conference on AI, Ethics, and Society",10.1609/aies.v8i2.36624,https://www.semanticscholar.org/paper/c48b3e46de0b3216dd78e86692ead069a7f6b82d,0,c48b3e46de0b3216dd78e86692ead069a7f6b82d,"Ethical tools are frequently proposed as a means to promote the design and implementation of responsible Artificial Intelligence (AI). Yet many organizations designing and deploying AI make only limited use of ethical tools. This study explores the application of ethical tools for responsible AI in the media sector through four case studies conducted at three Dutch media organizations. Each case study involves the application of an ethical tool to improve the responsible design, development, or deployment of an AI application. The findings reveal that successfully implementing ethical tools is highly contextual, and requires more than their mere availability. Tools must be selected, adapted, or even partly developed to align with specific challenges. Additionally, successful adoption of ethical tools necessitates organizational awareness of AI ethics, knowledge of mitigation strategies, and an organizational governance that supports responsible AI. These insights thus highlight the importance of
contextualization and organizational readiness for establishing a responsible AI practice.",0.8040201005025126,2.280081497656951,-0.3526277904227269,-0.3310912364905954,Bottom 50%
Comparing Human and LLM Ethical Analyses: A Case Study in Computational Social Science Research,"S. Hey, Julie Walsh, Eni Mustafaraj",2025,"Proceedings of the AAAI/ACM Conference on AI, Ethics, and Society",10.1609/aies.v8i2.36626,https://www.semanticscholar.org/paper/19e0b3f0c5bba75497e31ff265aaa0fc64693e23,0,19e0b3f0c5bba75497e31ff265aaa0fc64693e23,"As researchers increasingly engage with ethically complex digital phenomena, timely and accessible support for ethical reflection is essential---yet often unavailable beyond formal institutional review processes, which are more focused on regulatory compliance than ethics. This paper investigates the potential of large language models (LLMs) to serve as research ethics support tools by providing immediate, context-sensitive feedback on draft research protocols. We analyze a draft research proposing to scrape digital platforms for data on ``Sephora Kids''---a trend in which minors promote beauty products on platforms like YouTube and TikTok---as a case study to explore this possibility. Two human ethicists and two LLMs (GPT-4o and Claude 3.7 Sonnet) independently reviewed the proposal and produced ethical evaluations. We then compared the outputs to assess whether LLMs could meaningfully assist researchers in identifying and engaging with ethical issues. Our findings suggest that LLMs can already offer valuable support.",0.8040201005025126,2.280081497656951,-0.3526277904227269,-0.3310912364905954,Bottom 50%
Complete Categorization of Instinct-Exploiting Data-Explanations and Their Generation with Large-Language Models,"Taro Higuchi, Einoshin Suzuki",2025,"Proceedings of the AAAI/ACM Conference on AI, Ethics, and Society",10.1609/aies.v8i2.36627,https://www.semanticscholar.org/paper/2880746fe2c403f253a1eda74548f3d657d1b751,0,2880746fe2c403f253a1eda74548f3d657d1b751,"This paper proposes a complete categorization of instinct-exploiting data-explanations and their generation with Large-Language Models (LLMs).
 Zhang et al. proposed such explanations that are unethical, credible, and exploit some of the ten human instincts in the world best-seller book Factfulness.
 They also proposed four judgment methods based on phrase embedding.
 Unlike their work, our categorization is complete in the sense that any explanation belongs to one of its four categories.
 Moreover, it clarifies the human instincts that are effective in each category, which deepens our understanding on such disinformation.
 Our generation method effectively uses our categorization and prompt engineering to yield such data-explanations despite the guardrails of LLMs.
 Extensive experiments prove the effectiveness of our generation method together with insights to prevent such explanations and findings toward an automatic evaluation.",0.8040201005025126,2.280081497656951,-0.3526277904227269,-0.3310912364905954,Bottom 50%
Safe and Explainable Machine Learning for High-Impact Decisions,Khadija Zanna,2025,"Proceedings of the AAAI/ACM Conference on AI, Ethics, and Society",10.1609/aies.v8i3.36803,https://www.semanticscholar.org/paper/0cfdb91c18d7e205f96a2215aa62f3bdd51a320b,0,0cfdb91c18d7e205f96a2215aa62f3bdd51a320b,"My thesis develops methods for safe and explainable machine learning in high-impact domains, with a focus on fairness. I first addressed bias mitigation through multi-task
learning and uncertainty estimation, balancing fairness and accuracy using Pareto optimization. I then developed a framework using large language models to improve causal discovery of bias pathways. My ongoing work focuses on translating high-level fairness policies into causal model constraints, enabling automated enforcement of legal fairness requirements in machine learning pipelines. This interdisciplinary approach bridges technical fairness methods with policy-aligned model design.",0.8040201005025126,2.280081497656951,-0.3526277904227269,-0.3310912364905954,Bottom 50%
