title,authors,year,venue,doi,url,citation_count,semantic_scholar_id,fields_of_study,s2_fields_of_study
The Dark Side of Ethical Robots,"D. Vanderelst, A. Winfield",2016,"AAAI/ACM Conference on AI, Ethics, and Society",10.1145/3278721.3278726,https://www.semanticscholar.org/paper/789c84974cbf0373f36f9fe6122616afe7b07327,58,789c84974cbf0373f36f9fe6122616afe7b07327,"['Computer Science', 'Engineering']","[{'category': 'Computer Science', 'source': 'external'}, {'category': 'Engineering', 'source': 'external'}, {'category': 'Computer Science', 'source': 's2-fos-model'}, {'category': 'Philosophy', 'source': 's2-fos-model'}]"
Distill-and-Compare: Auditing Black-Box Models Using Transparent Model Distillation,"S. Tan, R. Caruana, G. Hooker, Yin Lou",2017,"AAAI/ACM Conference on AI, Ethics, and Society",10.1145/3278721.3278725,https://www.semanticscholar.org/paper/752fd6f73c0840e5919180441c3c575da4a41124,203,752fd6f73c0840e5919180441c3c575da4a41124,"['Computer Science', 'Mathematics']","[{'category': 'Computer Science', 'source': 'external'}, {'category': 'Mathematics', 'source': 'external'}, {'category': 'Computer Science', 'source': 's2-fos-model'}, {'category': 'Education', 'source': 's2-fos-model'}]"
Socialbots Supporting Human Rights,"P. Suárez-Serrato, E. I. V. Richards, Mehrdad Yazdani",2017,"AAAI/ACM Conference on AI, Ethics, and Society",10.1145/3278721.3278734,https://www.semanticscholar.org/paper/0b5e8b2659b5677e330de18be4b91fb151606131,14,0b5e8b2659b5677e330de18be4b91fb151606131,['Computer Science'],"[{'category': 'Computer Science', 'source': 'external'}, {'category': 'Computer Science', 'source': 's2-fos-model'}, {'category': 'Law', 'source': 's2-fos-model'}, {'category': 'Political Science', 'source': 's2-fos-model'}]"
Rationalization: A Neural Machine Translation Approach to Generating Natural Language Explanations,"Brent Harrison, Upol Ehsan, Mark O. Riedl",2017,"AAAI/ACM Conference on AI, Ethics, and Society",10.1145/3278721.3278736,https://www.semanticscholar.org/paper/acbea6c0a445fc61963c8587c6021dd5d80c95e3,225,acbea6c0a445fc61963c8587c6021dd5d80c95e3,['Computer Science'],"[{'category': 'Computer Science', 'source': 'external'}, {'category': 'Computer Science', 'source': 's2-fos-model'}]"
Sub-committee Approval Voting and Generalized Justified Representation Axioms,"H. Aziz, Barton E. Lee",2017,"AAAI/ACM Conference on AI, Ethics, and Society",10.1145/3278721.3278739,https://www.semanticscholar.org/paper/37b69fb56157a4026fcdd24217144f75593122bb,12,37b69fb56157a4026fcdd24217144f75593122bb,"['Mathematics', 'Computer Science']","[{'category': 'Mathematics', 'source': 'external'}, {'category': 'Computer Science', 'source': 'external'}, {'category': 'Political Science', 'source': 's2-fos-model'}]"
Fair Forests: Regularized Tree Induction to Minimize Model Bias,"Edward Raff, Jared Sylvester, S. Mills",2017,"AAAI/ACM Conference on AI, Ethics, and Society",10.1145/3278721.3278742,https://www.semanticscholar.org/paper/d0f57f55602c78c7c1084853b2341446184a8417,76,d0f57f55602c78c7c1084853b2341446184a8417,"['Computer Science', 'Mathematics']","[{'category': 'Computer Science', 'source': 'external'}, {'category': 'Mathematics', 'source': 'external'}, {'category': 'Computer Science', 'source': 's2-fos-model'}]"
Incorrigibility in the CIRL Framework,Ryan Carey,2017,"AAAI/ACM Conference on AI, Ethics, and Society",10.1145/3278721.3278750,https://www.semanticscholar.org/paper/7ba22bc1cc37336a2a4e769c9798c47c8cad0b11,26,7ba22bc1cc37336a2a4e769c9798c47c8cad0b11,['Computer Science'],"[{'category': 'Computer Science', 'source': 'external'}, {'category': 'Computer Science', 'source': 's2-fos-model'}]"
Modeling Epistemological Principles for Bias Mitigation in AI Systems: An Illustration in Hiring Decisions,"Marisa Vasconcelos, C. Cardonha, Bernardo Gonçalves",2017,"AAAI/ACM Conference on AI, Ethics, and Society",10.1145/3278721.3278751,https://www.semanticscholar.org/paper/bf3e147b92aeb91f52bbccee5d9127cf9da10c5d,30,bf3e147b92aeb91f52bbccee5d9127cf9da10c5d,['Computer Science'],"[{'category': 'Computer Science', 'source': 'external'}, {'category': 'Computer Science', 'source': 's2-fos-model'}, {'category': 'Philosophy', 'source': 's2-fos-model'}, {'category': 'Psychology', 'source': 's2-fos-model'}]"
What's up with Privacy?: User Preferences and Privacy Concerns in Intelligent Personal Assistants,"L. Manikonda, Aditya Deotale, S. Kambhampati",2017,"AAAI/ACM Conference on AI, Ethics, and Society",10.1145/3278721.3278773,https://www.semanticscholar.org/paper/0a905365045e53c2156f9db049065dbd719a0dd2,88,0a905365045e53c2156f9db049065dbd719a0dd2,['Computer Science'],"[{'category': 'Computer Science', 'source': 'external'}, {'category': 'Computer Science', 'source': 's2-fos-model'}, {'category': 'Psychology', 'source': 's2-fos-model'}]"
Ethical Challenges in Data-Driven Dialogue Systems,"Peter Henderson, Koustuv Sinha, Nicolas Angelard-Gontier, Nan Rosemary Ke, G. Fried, Ryan Lowe, Joelle Pineau",2017,"AAAI/ACM Conference on AI, Ethics, and Society",10.1145/3278721.3278777,https://www.semanticscholar.org/paper/a24d72bd0d08d515cb3e26f94131d33ad6c861db,186,a24d72bd0d08d515cb3e26f94131d33ad6c861db,['Computer Science'],"[{'category': 'Computer Science', 'source': 'external'}, {'category': 'Computer Science', 'source': 's2-fos-model'}, {'category': 'Philosophy', 'source': 's2-fos-model'}]"
An AI Race for Strategic Advantage: Rhetoric and Risks,"S. Cave, Seán S. ÓhÉigeartaigh",2017,"AAAI/ACM Conference on AI, Ethics, and Society",10.1145/3278721.3278780,https://www.semanticscholar.org/paper/92f092ef414d24b8facc6e2114c07abe4e6bc16d,122,92f092ef414d24b8facc6e2114c07abe4e6bc16d,['Computer Science'],"[{'category': 'Computer Science', 'source': 'external'}, {'category': 'Political Science', 'source': 's2-fos-model'}, {'category': 'Computer Science', 'source': 's2-fos-model'}]"
Always Lurking: Understanding and Mitigating Bias in Online Human Trafficking Detection,"K. Hundman, Thamme Gowda, M. Kejriwal, Benedikt Boecking",2017,"AAAI/ACM Conference on AI, Ethics, and Society",10.1145/3278721.3278782,https://www.semanticscholar.org/paper/bff412b52c71fb5e77d45ebbf8558d4b9121884d,22,bff412b52c71fb5e77d45ebbf8558d4b9121884d,['Computer Science'],"[{'category': 'Computer Science', 'source': 'external'}, {'category': 'Computer Science', 'source': 's2-fos-model'}, {'category': 'Law', 'source': 's2-fos-model'}, {'category': 'Sociology', 'source': 's2-fos-model'}]"
Paradoxes in Fair Computer-Aided Decision Making,"Andrew Morgan, R. Pass",2017,"AAAI/ACM Conference on AI, Ethics, and Society",10.1145/3306618.3314242,https://www.semanticscholar.org/paper/d03661af943188c7bb73ef2c0426b81ac20ff241,9,d03661af943188c7bb73ef2c0426b81ac20ff241,"['Computer Science', 'Mathematics']","[{'category': 'Computer Science', 'source': 'external'}, {'category': 'Mathematics', 'source': 'external'}, {'category': 'Computer Science', 'source': 's2-fos-model'}, {'category': 'Law', 'source': 's2-fos-model'}]"
Non-Discriminatory Machine Learning through Convex Fairness Criteria,"Naman Goel, Mohammad Yaghini, B. Faltings",2018,AAAI Conference on Artificial Intelligence,10.1145/3278721.3278722,https://www.semanticscholar.org/paper/7a2b6c19f86fa72742beca534ea962edfffd689b,100,7a2b6c19f86fa72742beca534ea962edfffd689b,['Computer Science'],"[{'category': 'Computer Science', 'source': 'external'}, {'category': 'Computer Science', 'source': 's2-fos-model'}, {'category': 'Philosophy', 'source': 's2-fos-model'}]"
Preferences and Ethical Principles in Decision Making,"Andrea Loreggia, Nicholas Mattei, F. Rossi, K. Venable",2018,AAAI Spring Symposia,10.1145/3278721.3278723,https://www.semanticscholar.org/paper/9527352b925f9fa36c40966ed755afd22301b0aa,46,9527352b925f9fa36c40966ed755afd22301b0aa,['Computer Science'],"[{'category': 'Computer Science', 'source': 'external'}, {'category': 'Computer Science', 'source': 's2-fos-model'}, {'category': 'Philosophy', 'source': 's2-fos-model'}]"
Towards Provably Moral AI Agents in Bottom-up Learning Frameworks,"N. Shaw, Andreas Stöckel, Ryan W. Orr, T. Lidbetter, R. Cohen",2018,AAAI Spring Symposia,10.1145/3278721.3278728,https://www.semanticscholar.org/paper/2f9fe68ac92baacffac83178eb73680d7a2b4e3f,24,2f9fe68ac92baacffac83178eb73680d7a2b4e3f,['Computer Science'],"[{'category': 'Computer Science', 'source': 'external'}, {'category': 'Computer Science', 'source': 's2-fos-model'}, {'category': 'Philosophy', 'source': 's2-fos-model'}]"
Measuring and Mitigating Unintended Bias in Text Classification,"Lucas Dixon, John Li, Jeffrey Scott Sorensen, Nithum Thain, Lucy Vasserman",2018,"AAAI/ACM Conference on AI, Ethics, and Society",10.1145/3278721.3278729,https://www.semanticscholar.org/paper/44fc8d79fb8e0f8c6c6f680179b5803a789c6227,864,44fc8d79fb8e0f8c6c6f680179b5803a789c6227,['Computer Science'],"[{'category': 'Computer Science', 'source': 'external'}, {'category': 'Computer Science', 'source': 's2-fos-model'}]"
"Value Alignment, Fair Play, and the Rights of Service Robots",Daniel Estrada,2018,"AAAI/ACM Conference on AI, Ethics, and Society",10.1145/3278721.3278730,https://www.semanticscholar.org/paper/bb4260a01044c3feb241ba3faacd5210b2ec90d5,5,bb4260a01044c3feb241ba3faacd5210b2ec90d5,['Computer Science'],"[{'category': 'Computer Science', 'source': 'external'}, {'category': 'Philosophy', 'source': 's2-fos-model'}, {'category': 'Computer Science', 'source': 's2-fos-model'}]"
Regulating Artificial Intelligence: Proposal for a Global Solution,"O. J. Erdélyi, J. Goldsmith",2018,"AAAI/ACM Conference on AI, Ethics, and Society",10.1145/3278721.3278731,https://www.semanticscholar.org/paper/cc88a1b55e50182cb7d4891f777befda0d9dc110,153,cc88a1b55e50182cb7d4891f777befda0d9dc110,"['Computer Science', 'Business']","[{'category': 'Computer Science', 'source': 'external'}, {'category': 'Business', 'source': 'external'}, {'category': 'Law', 'source': 's2-fos-model'}, {'category': 'Computer Science', 'source': 's2-fos-model'}, {'category': 'Political Science', 'source': 's2-fos-model'}]"
An Education Model of Reasonable and Good-Faith Effort for Autonomous Systems,"C. Grimm, W. Smart, Woodrow Hartzog",2018,"AAAI/ACM Conference on AI, Ethics, and Society",10.1145/3278721.3278732,https://www.semanticscholar.org/paper/f5c96c24ddca2545339cf548632928c62989eb54,1,f5c96c24ddca2545339cf548632928c62989eb54,['Computer Science'],"[{'category': 'Computer Science', 'source': 'external'}, {'category': 'Computer Science', 'source': 's2-fos-model'}, {'category': 'Education', 'source': 's2-fos-model'}]"
Fairness in Relational Domains,"G. Farnadi, Behrouz Babaki, L. Getoor",2018,"AAAI/ACM Conference on AI, Ethics, and Society",10.1145/3278721.3278733,https://www.semanticscholar.org/paper/14750ffbe40ca5bc2beafa3e3cade63fbdac1d7d,34,14750ffbe40ca5bc2beafa3e3cade63fbdac1d7d,['Computer Science'],"[{'category': 'Computer Science', 'source': 'external'}, {'category': 'Computer Science', 'source': 's2-fos-model'}, {'category': 'Philosophy', 'source': 's2-fos-model'}]"
Exploiting Moral Values to Choose the Right Norms,"Marc Serramia, M. López-Sánchez, J. Rodríguez-Aguilar, Javier Morales, M. Wooldridge, C. Ansótegui",2018,"AAAI/ACM Conference on AI, Ethics, and Society",10.1145/3278721.3278735,https://www.semanticscholar.org/paper/39cab6d4479adfc8004f9297885d17b40af7198c,26,39cab6d4479adfc8004f9297885d17b40af7198c,['Computer Science'],"[{'category': 'Computer Science', 'source': 'external'}, {'category': 'Computer Science', 'source': 's2-fos-model'}, {'category': 'Philosophy', 'source': 's2-fos-model'}]"
Software Malpractice in the Age of AI: A Guide for the Wary Tech Company,Danny Tobey,2018,"AAAI/ACM Conference on AI, Ethics, and Society",10.1145/3278721.3278737,https://www.semanticscholar.org/paper/920a3860c4312fe40ee3d0d957841c4fe536fc2c,2,920a3860c4312fe40ee3d0d957841c4fe536fc2c,['Computer Science'],"[{'category': 'Computer Science', 'source': 'external'}, {'category': 'Computer Science', 'source': 's2-fos-model'}, {'category': 'Law', 'source': 's2-fos-model'}]"
Opportunities and Challenges for Artificial Intelligence in India,"Shivaram Kalyanakrishnan, R. Panicker, S. Natarajan, Shreya Rao",2018,"AAAI/ACM Conference on AI, Ethics, and Society",10.1145/3278721.3278738,https://www.semanticscholar.org/paper/26c3f4e7b64015e93c0a2cddc184fefdd9b4dd38,45,26c3f4e7b64015e93c0a2cddc184fefdd9b4dd38,['Computer Science'],"[{'category': 'Computer Science', 'source': 'external'}, {'category': 'Computer Science', 'source': 's2-fos-model'}, {'category': 'Political Science', 'source': 's2-fos-model'}, {'category': 'Economics', 'source': 's2-fos-model'}]"
Sociotechnical Systems and Ethics in the Large,"Amit K. Chopra, Munindar P. Singh",2018,"AAAI/ACM Conference on AI, Ethics, and Society",10.1145/3278721.3278740,https://www.semanticscholar.org/paper/94692692dbb6b19c23e086449deee3e1b807511e,72,94692692dbb6b19c23e086449deee3e1b807511e,['Computer Science'],"[{'category': 'Computer Science', 'source': 'external'}, {'category': 'Computer Science', 'source': 's2-fos-model'}, {'category': 'Philosophy', 'source': 's2-fos-model'}, {'category': 'Sociology', 'source': 's2-fos-model'}]"
Companion Robots: the Hallucinatory Danger of Human-Robot Interactions,"Piercosma Bisconti, D. Nardi",2018,"AAAI/ACM Conference on AI, Ethics, and Society",10.1145/3278721.3278741,https://www.semanticscholar.org/paper/c93595dda8c0e0842063455e3ee035c7146ea9fe,19,c93595dda8c0e0842063455e3ee035c7146ea9fe,['Computer Science'],"[{'category': 'Computer Science', 'source': 'external'}, {'category': 'Philosophy', 'source': 's2-fos-model'}, {'category': 'Computer Science', 'source': 's2-fos-model'}]"
A Framework for Grounding the Moral Status of Intelligent Machines,M. R. Scheessele,2018,"AAAI/ACM Conference on AI, Ethics, and Society",10.1145/3278721.3278743,https://www.semanticscholar.org/paper/4f13e0a1cb731862afbd218a19a886dbedc87613,4,4f13e0a1cb731862afbd218a19a886dbedc87613,['Computer Science'],"[{'category': 'Computer Science', 'source': 'external'}, {'category': 'Philosophy', 'source': 's2-fos-model'}, {'category': 'Computer Science', 'source': 's2-fos-model'}]"
Towards Composable Bias Rating of AI Services,"B. Srivastava, F. Rossi",2018,"AAAI/ACM Conference on AI, Ethics, and Society",10.1145/3278721.3278744,https://www.semanticscholar.org/paper/0b0ba939b8c2852a74cfa309c80cba8ac801b61e,26,0b0ba939b8c2852a74cfa309c80cba8ac801b61e,['Computer Science'],"[{'category': 'Computer Science', 'source': 'external'}, {'category': 'Computer Science', 'source': 's2-fos-model'}]"
Ethics by Design: Necessity or Curse?,"V. Dignum, M. Baldoni, C. Baroglio, M. Caon, R. Chatila, Louise Dennis, Gonzalo Génova, Galit Haim, Malte S. Kliess, M. López-Sánchez, Roberto Micalizio, J. Pavón, M. Slavkovik, Matthijs H. J. Smakman, Marlies van Steenbergen, Stefano Tedeschi, Leendert van der Torre, S. Villata, T. D. Wildt",2018,"AAAI/ACM Conference on AI, Ethics, and Society",10.1145/3278721.3278745,https://www.semanticscholar.org/paper/3dc3bb660081833d20ec970b4d7f0237f90abd5c,87,3dc3bb660081833d20ec970b4d7f0237f90abd5c,"['Computer Science', 'Sociology']","[{'category': 'Computer Science', 'source': 'external'}, {'category': 'Sociology', 'source': 'external'}, {'category': 'Philosophy', 'source': 's2-fos-model'}, {'category': 'Computer Science', 'source': 's2-fos-model'}]"
Rethinking AI Strategy and Policy as Entangled Super Wicked Problems,Ross Gruetzemacher,2018,"AAAI/ACM Conference on AI, Ethics, and Society",10.1145/3278721.3278746,https://www.semanticscholar.org/paper/309127b71c9d36298740ea1711d2a7c59adf9ff7,13,309127b71c9d36298740ea1711d2a7c59adf9ff7,['Computer Science'],"[{'category': 'Computer Science', 'source': 'external'}, {'category': 'Political Science', 'source': 's2-fos-model'}, {'category': 'Computer Science', 'source': 's2-fos-model'}]"
Margins and Opportunity,Shiva Kaul,2018,"AAAI/ACM Conference on AI, Ethics, and Society",10.1145/3278721.3278748,https://www.semanticscholar.org/paper/1963df7d3976a43d176d2478b502297a6d345e01,1,1963df7d3976a43d176d2478b502297a6d345e01,['Computer Science'],"[{'category': 'Computer Science', 'source': 'external'}, {'category': 'Economics', 'source': 's2-fos-model'}]"
Fairness in Deceased Organ Matching,"Nicholas Mattei, Abdallah Saffidine, T. Walsh",2018,"AAAI/ACM Conference on AI, Ethics, and Society",10.1145/3278721.3278749,https://www.semanticscholar.org/paper/3c6670ecdfccd4633755c4b19d774453bfb77de3,15,3c6670ecdfccd4633755c4b19d774453bfb77de3,['Computer Science'],"[{'category': 'Computer Science', 'source': 'external'}, {'category': 'Medicine', 'source': 's2-fos-model'}]"
When Do People Want AI to Make Decisions?,"Max F. Kramer, Jana Schaich Borg, Vincent Conitzer, Walter Sinnott-Armstrong",2018,"AAAI/ACM Conference on AI, Ethics, and Society",10.1145/3278721.3278752,https://www.semanticscholar.org/paper/ff8620e82598095f4c729feaa1add6f6bdbdc355,40,ff8620e82598095f4c729feaa1add6f6bdbdc355,['Computer Science'],"[{'category': 'Computer Science', 'source': 'external'}, {'category': 'Computer Science', 'source': 's2-fos-model'}, {'category': 'Psychology', 'source': 's2-fos-model'}]"
Toward Non-Intuition-Based Machine and Artificial Intelligence Ethics: A Deontological Approach Based on Modal Logic,"J. Hooker, Tae Wan Kim",2018,"AAAI/ACM Conference on AI, Ethics, and Society",10.1145/3278721.3278753,https://www.semanticscholar.org/paper/cd44787e20d05677377e577d4a0cdb3e4b33e5d9,48,cd44787e20d05677377e577d4a0cdb3e4b33e5d9,['Computer Science'],"[{'category': 'Computer Science', 'source': 'external'}, {'category': 'Philosophy', 'source': 's2-fos-model'}, {'category': 'Computer Science', 'source': 's2-fos-model'}]"
"Embodiment, Anthropomorphism, and Intellectual Property Rights for AI Creations","Deepak Somaya, L. Varshney",2018,"AAAI/ACM Conference on AI, Ethics, and Society",10.1145/3278721.3278754,https://www.semanticscholar.org/paper/46839202575d260e68fad15a175487811355e45b,14,46839202575d260e68fad15a175487811355e45b,['Computer Science'],"[{'category': 'Computer Science', 'source': 'external'}, {'category': 'Law', 'source': 's2-fos-model'}, {'category': 'Computer Science', 'source': 's2-fos-model'}, {'category': 'Philosophy', 'source': 's2-fos-model'}]"
Data Driven Techniques for Organizing Scientific Articles Relevant to Biomimicry,"Yuanshuo Zhao, Ioana Baldini, P. Sattigeri, Inkit Padhi, Yoong Keok Lee, Ethan Smith",2018,"AAAI/ACM Conference on AI, Ethics, and Society",10.1145/3278721.3278755,https://www.semanticscholar.org/paper/7a171ebbfde98b2a8333a949c920265584f53488,5,7a171ebbfde98b2a8333a949c920265584f53488,['Computer Science'],"[{'category': 'Computer Science', 'source': 'external'}, {'category': 'Biology', 'source': 's2-fos-model'}, {'category': 'Computer Science', 'source': 's2-fos-model'}]"
Utilizing Housing Resources for Homeless Youth Through the Lens of Multiple Multi-Dimensional Knapsacks,"Hau-yin. Chan, Long Tran-Thanh, Bryan Wilder, E. Rice, Phebe Vayanos, Milind Tambe",2018,"AAAI/ACM Conference on AI, Ethics, and Society",10.1145/3278721.3278757,https://www.semanticscholar.org/paper/8b442f1d1715365b65a7d0f3cc5ea2470772de05,14,8b442f1d1715365b65a7d0f3cc5ea2470772de05,['Computer Science'],"[{'category': 'Computer Science', 'source': 'external'}, {'category': 'Engineering', 'source': 's2-fos-model'}, {'category': 'Computer Science', 'source': 's2-fos-model'}, {'category': 'Environmental Science', 'source': 's2-fos-model'}]"
Partially Generative Neural Networks for Gang Crime Classification with Partial Information,"Sungyong Seo, Hau Chan, P. Brantingham, J. Leap, Phebe Vayanos, Milind Tambe, Yan Liu",2018,"AAAI/ACM Conference on AI, Ethics, and Society",10.1145/3278721.3278758,https://www.semanticscholar.org/paper/3458a34aa22fbf77b363077272a97297164a65d6,16,3458a34aa22fbf77b363077272a97297164a65d6,['Computer Science'],"[{'category': 'Computer Science', 'source': 'external'}, {'category': 'Computer Science', 'source': 's2-fos-model'}]"
Designing Non-greedy Reinforcement Learning Agents with Diminishing Reward Shaping,"Fan-Yun Sun, Yen-Yu Chang, Yueh-Hua Wu, Shou-De Lin",2018,"AAAI/ACM Conference on AI, Ethics, and Society",10.1145/3278721.3278759,https://www.semanticscholar.org/paper/c88d3016e0dc689a5aa965716cf348cb4e248c01,15,c88d3016e0dc689a5aa965716cf348cb4e248c01,['Computer Science'],"[{'category': 'Computer Science', 'source': 'external'}, {'category': 'Computer Science', 'source': 's2-fos-model'}]"
Jill Watson Doesn't Care if You're Pregnant: Grounding AI Ethics in Empirical Studies,"B. Eicher, Lalith Polepeddi, Ashok K. Goel",2018,"AAAI/ACM Conference on AI, Ethics, and Society",10.1145/3278721.3278760,https://www.semanticscholar.org/paper/3b5773dd446210c80edc2c7a81e7283ac7f931cc,46,3b5773dd446210c80edc2c7a81e7283ac7f931cc,['Computer Science'],"[{'category': 'Computer Science', 'source': 'external'}, {'category': 'Computer Science', 'source': 's2-fos-model'}, {'category': 'Philosophy', 'source': 's2-fos-model'}]"
Purple Feed: Identifying High Consensus News Posts on Social Media,"Mahmoudreza Babaei, Juhi Kulshrestha, Abhijnan Chakraborty, Fabrício Benevenuto, K. Gummadi, Adrian Weller",2018,"AAAI/ACM Conference on AI, Ethics, and Society",10.1145/3278721.3278761,https://www.semanticscholar.org/paper/9b23a0ce202e9e2ab7ccae4c9892143e21eba221,29,9b23a0ce202e9e2ab7ccae4c9892143e21eba221,['Computer Science'],"[{'category': 'Computer Science', 'source': 'external'}, {'category': 'Computer Science', 'source': 's2-fos-model'}]"
Regulating Autonomous Vehicles: A Policy Proposal,"A. London, D. Danks",2018,"AAAI/ACM Conference on AI, Ethics, and Society",10.1145/3278721.3278763,https://www.semanticscholar.org/paper/a03bedd8f26300741a4836fa87e6d405f4ce8f2e,15,a03bedd8f26300741a4836fa87e6d405f4ce8f2e,['Computer Science'],"[{'category': 'Computer Science', 'source': 'external'}, {'category': 'Law', 'source': 's2-fos-model'}, {'category': 'Political Science', 'source': 's2-fos-model'}]"
Meritocratic Fairness for Infinite and Contextual Bandits,"Matthew Joseph, Michael Kearns, Jamie Morgenstern, Seth Neel, Aaron Roth",2018,"AAAI/ACM Conference on AI, Ethics, and Society",10.1145/3278721.3278764,https://www.semanticscholar.org/paper/f91c7ab225ecc2d53ff5324c63d03a476fce7bdc,49,f91c7ab225ecc2d53ff5324c63d03a476fce7bdc,['Computer Science'],"[{'category': 'Computer Science', 'source': 'external'}, {'category': 'Computer Science', 'source': 's2-fos-model'}, {'category': 'Mathematics', 'source': 's2-fos-model'}]"
"Towards an ""Ethics by Design"" Methodology for AI Research Projects","Mathieu d’Aquin, Pinelopi Troullinou, N. O'Connor, Aindrias Cullen, G. Faller, Louise Holden",2018,"AAAI/ACM Conference on AI, Ethics, and Society",10.1145/3278721.3278765,https://www.semanticscholar.org/paper/f9de2453c86fdf76d5f10c2e5dc20d93f286c66d,65,f9de2453c86fdf76d5f10c2e5dc20d93f286c66d,['Computer Science'],"[{'category': 'Computer Science', 'source': 'external'}, {'category': 'Computer Science', 'source': 's2-fos-model'}, {'category': 'Philosophy', 'source': 's2-fos-model'}]"
Regulating for 'Normal AI Accidents': Operational Lessons for the Responsible Governance of Artificial Intelligence Deployment,M. Maas,2018,"AAAI/ACM Conference on AI, Ethics, and Society",10.1145/3278721.3278766,https://www.semanticscholar.org/paper/83d1769a9aee035698b13273130841af03e66a87,27,83d1769a9aee035698b13273130841af03e66a87,['Computer Science'],"[{'category': 'Computer Science', 'source': 'external'}, {'category': 'Computer Science', 'source': 's2-fos-model'}, {'category': 'Law', 'source': 's2-fos-model'}, {'category': 'Political Science', 'source': 's2-fos-model'}]"
"Cake, Death, and Trolleys: Dilemmas as benchmarks of ethical decision-making","Edvard P. Bjørgen, Simen Madsen, Therese S. Bjørknes, Fredrik V. Heimsæter, Robin Håvik, Morten Linderud, Per-Niklas Longberg, Louise Dennis, M. Slavkovik",2018,"AAAI/ACM Conference on AI, Ethics, and Society",10.1145/3278721.3278767,https://www.semanticscholar.org/paper/9647b7976ed875f53fe850e00bb05f84075f2954,24,9647b7976ed875f53fe850e00bb05f84075f2954,['Computer Science'],"[{'category': 'Computer Science', 'source': 'external'}, {'category': 'Computer Science', 'source': 's2-fos-model'}, {'category': 'Philosophy', 'source': 's2-fos-model'}]"
An Autonomous Architecture that Protects the Right to Privacy,Alan R. Wagner,2018,"AAAI/ACM Conference on AI, Ethics, and Society",10.1145/3278721.3278768,https://www.semanticscholar.org/paper/fbf8fb5095d4a92ae45810acc4dcbec334b7f467,5,fbf8fb5095d4a92ae45810acc4dcbec334b7f467,['Computer Science'],"[{'category': 'Computer Science', 'source': 'external'}, {'category': 'Computer Science', 'source': 's2-fos-model'}, {'category': 'Engineering', 'source': 's2-fos-model'}, {'category': 'Law', 'source': 's2-fos-model'}]"
On the Distinction between Implicit and Explicit Ethical Agency,"Sjur K. Dyrkolbotn, Truls Pedersen, M. Slavkovik",2018,"AAAI/ACM Conference on AI, Ethics, and Society",10.1145/3278721.3278769,https://www.semanticscholar.org/paper/374beb5fa838363907214b7d388d5ff767426315,16,374beb5fa838363907214b7d388d5ff767426315,['Computer Science'],"[{'category': 'Computer Science', 'source': 'external'}, {'category': 'Philosophy', 'source': 's2-fos-model'}, {'category': 'Computer Science', 'source': 's2-fos-model'}, {'category': 'Law', 'source': 's2-fos-model'}]"
A Computational Model of Commonsense Moral Decision Making,"Richard Kim, Max Kleiman-Weiner, Andrés Abeliuk, E. Awad, Sohan Dsouza, J. Tenenbaum, Iyad Rahwan",2018,"AAAI/ACM Conference on AI, Ethics, and Society",10.1145/3278721.3278770,https://www.semanticscholar.org/paper/3f2a510235c4bb9ba2618740518315365406a410,62,3f2a510235c4bb9ba2618740518315365406a410,['Computer Science'],"[{'category': 'Computer Science', 'source': 'external'}, {'category': 'Computer Science', 'source': 's2-fos-model'}, {'category': 'Philosophy', 'source': 's2-fos-model'}]"
Impacts on Trust of Healthcare AI,"Emily LaRosa, D. Danks",2018,"AAAI/ACM Conference on AI, Ethics, and Society",10.1145/3278721.3278771,https://www.semanticscholar.org/paper/41326f8a19b7a20983d4aa092fb0318dc683404d,78,41326f8a19b7a20983d4aa092fb0318dc683404d,['Computer Science'],"[{'category': 'Computer Science', 'source': 'external'}, {'category': 'Medicine', 'source': 's2-fos-model'}, {'category': 'Computer Science', 'source': 's2-fos-model'}]"
Socially-Aware Navigation Using Topological Maps and Social Norm Learning,"Collin Johnson, B. Kuipers",2018,"AAAI/ACM Conference on AI, Ethics, and Society",10.1145/3278721.3278772,https://www.semanticscholar.org/paper/caa8c6a1edf31aa22137b1df16c13b8d70fb77a6,28,caa8c6a1edf31aa22137b1df16c13b8d70fb77a6,['Computer Science'],"[{'category': 'Computer Science', 'source': 'external'}, {'category': 'Computer Science', 'source': 's2-fos-model'}, {'category': 'Engineering', 'source': 's2-fos-model'}]"
"Norms, Rewards, and the Intentional Stance: Comparing Machine Learning Approaches to Ethical Training","Daniel Kasenberg, Thomas Arnold, Matthias Scheutz",2018,"AAAI/ACM Conference on AI, Ethics, and Society",10.1145/3278721.3278774,https://www.semanticscholar.org/paper/e4b84a4edfffa8a918b6839b9566d07fa03f218f,23,e4b84a4edfffa8a918b6839b9566d07fa03f218f,['Computer Science'],"[{'category': 'Computer Science', 'source': 'external'}, {'category': 'Computer Science', 'source': 's2-fos-model'}, {'category': 'Philosophy', 'source': 's2-fos-model'}]"
Inverse Norm Conflict Resolution,"Daniel Kasenberg, Matthias Scheutz",2018,"AAAI/ACM Conference on AI, Ethics, and Society",10.1145/3278721.3278775,https://www.semanticscholar.org/paper/3f662f6b250f0948e097b80bcc1fa02b01dfbd8f,10,3f662f6b250f0948e097b80bcc1fa02b01dfbd8f,['Computer Science'],"[{'category': 'Computer Science', 'source': 'external'}, {'category': 'Computer Science', 'source': 's2-fos-model'}]"
Transparency and Explanation in Deep Reinforcement Learning Neural Networks,"R. Iyer, Yuezhang Li, Huao Li, M. Lewis, R. Sundar, K. Sycara",2018,"AAAI/ACM Conference on AI, Ethics, and Society",10.1145/3278721.3278776,https://www.semanticscholar.org/paper/4e3af05208f54f22f5697e8e13bba9379e3c96f0,186,4e3af05208f54f22f5697e8e13bba9379e3c96f0,"['Computer Science', 'Mathematics']","[{'category': 'Computer Science', 'source': 'external'}, {'category': 'Mathematics', 'source': 'external'}, {'category': 'Computer Science', 'source': 's2-fos-model'}]"
Privacy-Preserving Machine Learning Based Data Analytics on Edge Devices,"Jianxin R. Zhao, R. Mortier, J. Crowcroft, Liang Wang",2018,"AAAI/ACM Conference on AI, Ethics, and Society",10.1145/3278721.3278778,https://www.semanticscholar.org/paper/70a08c05e77f8540d677c320a49e8619a5d01627,49,70a08c05e77f8540d677c320a49e8619a5d01627,['Computer Science'],"[{'category': 'Computer Science', 'source': 'external'}, {'category': 'Computer Science', 'source': 's2-fos-model'}]"
Mitigating Unwanted Biases with Adversarial Learning,"B. Zhang, Blake Lemoine, Margaret Mitchell",2018,"AAAI/ACM Conference on AI, Ethics, and Society",10.1145/3278721.3278779,https://www.semanticscholar.org/paper/c7330852a07170cd0e6990f5fbde5fca12b6ccd6,1584,c7330852a07170cd0e6990f5fbde5fca12b6ccd6,"['Computer Science', 'Mathematics']","[{'category': 'Computer Science', 'source': 'external'}, {'category': 'Mathematics', 'source': 'external'}, {'category': 'Computer Science', 'source': 's2-fos-model'}]"
Real-Time Inference of User Types to Assist with more Inclusive and Diverse Social Media Activism Campaigns,"Habib Karbasian, Hemant Purohit, Rajat Handa, Aqdas Malik, A. Johri",2018,"AAAI/ACM Conference on AI, Ethics, and Society",10.1145/3278721.3278781,https://www.semanticscholar.org/paper/2e0a1f07cbe9af2cc40bf8bfe9d36d11228bcb2a,12,2e0a1f07cbe9af2cc40bf8bfe9d36d11228bcb2a,['Computer Science'],"[{'category': 'Computer Science', 'source': 'external'}, {'category': 'Computer Science', 'source': 's2-fos-model'}, {'category': 'Sociology', 'source': 's2-fos-model'}]"
TrolleyMod v1.0: An Open-Source Simulation and Data-Collection Platform for Ethical Decision Making in Autonomous Vehicles,"Vahid Behzadan, J. Minton, Arslan Munir",2018,"AAAI/ACM Conference on AI, Ethics, and Society",10.1145/3306618.3314239,https://www.semanticscholar.org/paper/6a1db030113f1511e6e4bc0aab367b5c8b9832b7,3,6a1db030113f1511e6e4bc0aab367b5c8b9832b7,['Computer Science'],"[{'category': 'Computer Science', 'source': 'external'}, {'category': 'Computer Science', 'source': 's2-fos-model'}, {'category': 'Engineering', 'source': 's2-fos-model'}]"
Human-AI Learning Performance in Multi-Armed Bandits,"Ravi Pandya, Sandy H. Huang, Dylan Hadfield-Menell, A. Dragan",2018,"AAAI/ACM Conference on AI, Ethics, and Society",10.1145/3306618.3314245,https://www.semanticscholar.org/paper/81d8e823ae763f88d7807e1acdec62f89cee0111,9,81d8e823ae763f88d7807e1acdec62f89cee0111,['Computer Science'],"[{'category': 'Computer Science', 'source': 'external'}, {'category': 'Computer Science', 'source': 's2-fos-model'}, {'category': 'Psychology', 'source': 's2-fos-model'}]"
How Do Fairness Definitions Fare?: Examining Public Attitudes Towards Algorithmic Definitions of Fairness,"N. Saxena, Karen Huang, Evan DeFilippis, Goran Radanovic, D. Parkes, Y. Liu",2018,"AAAI/ACM Conference on AI, Ethics, and Society",10.1145/3306618.3314248,https://www.semanticscholar.org/paper/225b3ca4d863e371b626fea932722c1fbf9ffe2d,193,225b3ca4d863e371b626fea932722c1fbf9ffe2d,['Computer Science'],"[{'category': 'Computer Science', 'source': 'external'}, {'category': 'Computer Science', 'source': 's2-fos-model'}]"
Incomplete Contracting and AI Alignment,"Dylan Hadfield-Menell, Gillian K. Hadfield",2018,"AAAI/ACM Conference on AI, Ethics, and Society",10.1145/3306618.3314250,https://www.semanticscholar.org/paper/3be6455d00ff4a69e023b7b5c5d4367decb652c0,102,3be6455d00ff4a69e023b7b5c5d4367decb652c0,['Computer Science'],"[{'category': 'Computer Science', 'source': 'external'}, {'category': 'Law', 'source': 's2-fos-model'}, {'category': 'Economics', 'source': 's2-fos-model'}, {'category': 'Computer Science', 'source': 's2-fos-model'}]"
Taking Advantage of Multitask Learning for Fair Classification,"L. Oneto, Michele Donini, Amon Elders, M. Pontil",2018,"AAAI/ACM Conference on AI, Ethics, and Society",10.1145/3306618.3314255,https://www.semanticscholar.org/paper/e70092e795143805d39e778d48a3a51957eb94ac,68,e70092e795143805d39e778d48a3a51957eb94ac,"['Mathematics', 'Computer Science']","[{'category': 'Mathematics', 'source': 'external'}, {'category': 'Computer Science', 'source': 'external'}, {'category': 'Computer Science', 'source': 's2-fos-model'}]"
Toward the Engineering of Virtuous Machines,"Naveen Sundar Govindarajulu, S. Bringsjord, Rikhiya Ghosh, Vasanth Sarathy",2018,"AAAI/ACM Conference on AI, Ethics, and Society",10.1145/3306618.3314256,https://www.semanticscholar.org/paper/6a48223c77e679e1ca486f88779da2fb4ee7fac7,34,6a48223c77e679e1ca486f88779da2fb4ee7fac7,['Computer Science'],"[{'category': 'Computer Science', 'source': 'external'}, {'category': 'Engineering', 'source': 's2-fos-model'}, {'category': 'Philosophy', 'source': 's2-fos-model'}]"
Building Jiminy Cricket: An Architecture for Moral Agreements Among Stakeholders,"B. Liao, M. Slavkovik, Leendert van der Torre",2018,"AAAI/ACM Conference on AI, Ethics, and Society",10.1145/3306618.3314257,https://www.semanticscholar.org/paper/8dd1a9c2dddcf4f4010ea861107847545c9146c1,31,8dd1a9c2dddcf4f4010ea861107847545c9146c1,['Computer Science'],"[{'category': 'Computer Science', 'source': 'external'}, {'category': 'Computer Science', 'source': 's2-fos-model'}, {'category': 'Philosophy', 'source': 's2-fos-model'}]"
Legible Normativity for AI Alignment: The Value of Silly Rules,"Dylan Hadfield-Menell, McKane Andrus, Gillian K. Hadfield",2018,"AAAI/ACM Conference on AI, Ethics, and Society",10.1145/3306618.3314258,https://www.semanticscholar.org/paper/d1d2490e0d7907689b41536ca87647aa26aa3a8f,21,d1d2490e0d7907689b41536ca87647aa26aa3a8f,['Computer Science'],"[{'category': 'Computer Science', 'source': 'external'}, {'category': 'Computer Science', 'source': 's2-fos-model'}, {'category': 'Philosophy', 'source': 's2-fos-model'}]"
Reinforcement Learning and Inverse Reinforcement Learning with System 1 and System 2,A. Peysakhovich,2018,"AAAI/ACM Conference on AI, Ethics, and Society",10.1145/3306618.3314259,https://www.semanticscholar.org/paper/888fca1801bd8288fca9c81540c0c76f9e91498e,14,888fca1801bd8288fca9c81540c0c76f9e91498e,"['Computer Science', 'Mathematics']","[{'category': 'Computer Science', 'source': 'external'}, {'category': 'Mathematics', 'source': 'external'}, {'category': 'Computer Science', 'source': 's2-fos-model'}]"
Learning Existing Social Conventions via Observationally Augmented Self-Play,"Adam Lerer, A. Peysakhovich",2018,"AAAI/ACM Conference on AI, Ethics, and Society",10.1145/3306618.3314268,https://www.semanticscholar.org/paper/12f5850c6d00cfebf5b6be268a55f6f5396d4ef3,58,12f5850c6d00cfebf5b6be268a55f6f5396d4ef3,['Computer Science'],"[{'category': 'Computer Science', 'source': 'external'}, {'category': 'Computer Science', 'source': 's2-fos-model'}]"
What are the Biases in My Word Embedding?,"Nathaniel Swinger, Maria De-Arteaga, IV NeilThomasHeffernan, Mark D. M. Leiserson, A. Kalai",2018,"AAAI/ACM Conference on AI, Ethics, and Society",10.1145/3306618.3314270,https://www.semanticscholar.org/paper/1b03da6c5a68f83eb20b33da1e491adc23e67ed7,106,1b03da6c5a68f83eb20b33da1e491adc23e67ed7,['Computer Science'],"[{'category': 'Computer Science', 'source': 'external'}, {'category': 'Computer Science', 'source': 's2-fos-model'}]"
TED: Teaching AI to Explain its Decisions,"N. Codella, M. Hind, K. Ramamurthy, Murray Campbell, Amit Dhurandhar, Kush R. Varshney, Dennis Wei, A. Mojsilovic",2018,"AAAI/ACM Conference on AI, Ethics, and Society",10.1145/3306618.3314273,https://www.semanticscholar.org/paper/3a03070c010783828702d51b2170e85b4b46fdec,115,3a03070c010783828702d51b2170e85b4b46fdec,['Computer Science'],"[{'category': 'Computer Science', 'source': 'external'}, {'category': 'Computer Science', 'source': 's2-fos-model'}]"
Using Deceased-Donor Kidneys to Initiate Chains of Living Donor Kidney Paired Donations: Algorithm and Experimentation,"Cristina Cornelio, L. Furian, Antonio Nicolò, Francesca Rossi",2018,"AAAI/ACM Conference on AI, Ethics, and Society",10.1145/3306618.3314276,https://www.semanticscholar.org/paper/7f3503a301dcc7fcbe2adec6773a2cb7748a5e5e,5,7f3503a301dcc7fcbe2adec6773a2cb7748a5e5e,"['Medicine', 'Computer Science', 'Biology']","[{'category': 'Medicine', 'source': 'external'}, {'category': 'Computer Science', 'source': 'external'}, {'category': 'Biology', 'source': 'external'}, {'category': 'Medicine', 'source': 's2-fos-model'}]"
Active Fairness in Algorithmic Decision Making,"Alejandro Noriega-Campero, Michiel A. Bakker, Bernardo Garcia-Bulle, A. Pentland",2018,"AAAI/ACM Conference on AI, Ethics, and Society",10.1145/3306618.3314277,https://www.semanticscholar.org/paper/6e90926692ffa30a6a15f8acc12888195be0ed03,90,6e90926692ffa30a6a15f8acc12888195be0ed03,"['Computer Science', 'Mathematics']","[{'category': 'Computer Science', 'source': 'external'}, {'category': 'Mathematics', 'source': 'external'}, {'category': 'Computer Science', 'source': 's2-fos-model'}]"
Creating Fair Models of Atherosclerotic Cardiovascular Disease Risk,"S. Pfohl, Ben J. Marafino, Adrien Coulet, F. Rodriguez, L. Palaniappan, N. Shah",2018,"AAAI/ACM Conference on AI, Ethics, and Society",10.1145/3306618.3314278,https://www.semanticscholar.org/paper/a3fbb6013aaf90639734b4e07873ac98627a28a5,74,a3fbb6013aaf90639734b4e07873ac98627a28a5,"['Computer Science', 'Mathematics']","[{'category': 'Computer Science', 'source': 'external'}, {'category': 'Mathematics', 'source': 'external'}, {'category': 'Medicine', 'source': 's2-fos-model'}, {'category': 'Computer Science', 'source': 's2-fos-model'}]"
"Crowdsourcing with Fairness, Diversity and Budget Constraints","Naman Goel, B. Faltings",2018,"AAAI/ACM Conference on AI, Ethics, and Society",10.1145/3306618.3314282,https://www.semanticscholar.org/paper/ebd19437d40654e20d2b8475b53b4db297594408,23,ebd19437d40654e20d2b8475b53b4db297594408,['Computer Science'],"[{'category': 'Computer Science', 'source': 'external'}, {'category': 'Computer Science', 'source': 's2-fos-model'}]"
Multiaccuracy: Black-Box Post-Processing for Fairness in Classification,"Michael P. Kim, Amirata Ghorbani, James Y. Zou",2018,"AAAI/ACM Conference on AI, Ethics, and Society",10.1145/3306618.3314287,https://www.semanticscholar.org/paper/641076d8786511559cd31b96fc2c93426120ad47,376,641076d8786511559cd31b96fc2c93426120ad47,"['Mathematics', 'Computer Science']","[{'category': 'Mathematics', 'source': 'external'}, {'category': 'Computer Science', 'source': 'external'}, {'category': 'Computer Science', 'source': 's2-fos-model'}]"
Counterfactual Fairness in Text Classification through Robustness,"Sahaj Garg, Vincent Perot, Nicole Limtiaco, Ankur Taly, Ed H. Chi, Alex Beutel",2018,"AAAI/ACM Conference on AI, Ethics, and Society",10.1145/3306618.3317950,https://www.semanticscholar.org/paper/70e28eb8ee40cf5caa704ac7f87940c0818ba28e,282,70e28eb8ee40cf5caa704ac7f87940c0818ba28e,"['Computer Science', 'Mathematics']","[{'category': 'Computer Science', 'source': 'external'}, {'category': 'Mathematics', 'source': 'external'}, {'category': 'Computer Science', 'source': 's2-fos-model'}]"
Faithful and Customizable Explanations of Black Box Models,"Himabindu Lakkaraju, Ece Kamar, R. Caruana, J. Leskovec",2019,"AAAI/ACM Conference on AI, Ethics, and Society",10.1145/3306618.3314229,https://www.semanticscholar.org/paper/dc016a1c0317b8e4b01716b570e700549eafc43a,292,dc016a1c0317b8e4b01716b570e700549eafc43a,['Computer Science'],"[{'category': 'Computer Science', 'source': 'external'}, {'category': 'Computer Science', 'source': 's2-fos-model'}, {'category': 'Medicine', 'source': 's2-fos-model'}]"
Global Explanations of Neural Networks: Mapping the Landscape of Predictions,"Mark Ibrahim, Melissa Louie, C. Modarres, J. Paisley",2019,"AAAI/ACM Conference on AI, Ethics, and Society",10.1145/3306618.3314230,https://www.semanticscholar.org/paper/3ed894ecc3f4f38dcc06062b3bff35417367b3db,126,3ed894ecc3f4f38dcc06062b3bff35417367b3db,"['Computer Science', 'Mathematics']","[{'category': 'Computer Science', 'source': 'external'}, {'category': 'Mathematics', 'source': 'external'}, {'category': 'Computer Science', 'source': 's2-fos-model'}]"
Theories of Parenting and Their Application to Artificial Intelligence,"S. Croeser, P. Eckersley",2019,"AAAI/ACM Conference on AI, Ethics, and Society",10.1145/3306618.3314231,https://www.semanticscholar.org/paper/176402737ba085569bb9e0a168ce20fa9b09b9b4,11,176402737ba085569bb9e0a168ce20fa9b09b9b4,"['Computer Science', 'Sociology']","[{'category': 'Computer Science', 'source': 'external'}, {'category': 'Sociology', 'source': 'external'}, {'category': 'Psychology', 'source': 's2-fos-model'}, {'category': 'Computer Science', 'source': 's2-fos-model'}]"
"""Scary Robots"": Examining Public Responses to AI","S. Cave, Katelyn Coughlan, Kanta Dihal",2019,"AAAI/ACM Conference on AI, Ethics, and Society",10.1145/3306618.3314232,https://www.semanticscholar.org/paper/7f329aa5e347a5275ecc8ccadf9e43ca91fd526b,180,7f329aa5e347a5275ecc8ccadf9e43ca91fd526b,['Computer Science'],"[{'category': 'Computer Science', 'source': 'external'}, {'category': 'Sociology', 'source': 's2-fos-model'}, {'category': 'Computer Science', 'source': 's2-fos-model'}, {'category': 'Political Science', 'source': 's2-fos-model'}]"
AI + Art = Human,"A. Daniele, Yi-Zhe Song",2019,"AAAI/ACM Conference on AI, Ethics, and Society",10.1145/3306618.3314233,https://www.semanticscholar.org/paper/f9e641bee7b0ae73237f7a42924e13480aae1332,41,f9e641bee7b0ae73237f7a42924e13480aae1332,['Computer Science'],"[{'category': 'Computer Science', 'source': 'external'}, {'category': 'Art', 'source': 's2-fos-model'}, {'category': 'Philosophy', 'source': 's2-fos-model'}, {'category': 'Computer Science', 'source': 's2-fos-model'}]"
"Putting Fairness Principles into Practice: Challenges, Metrics, and Improvements","Alex Beutel, Jilin Chen, Tulsee Doshi, Hai Qian, Allison Woodruff, Christine Luu, Pierre Kreitmann, Jonathan Bischof, Ed H. Chi",2019,"AAAI/ACM Conference on AI, Ethics, and Society",10.1145/3306618.3314234,https://www.semanticscholar.org/paper/edb6e403ac6d25d23d10d563ab893556231b7b9c,166,edb6e403ac6d25d23d10d563ab893556231b7b9c,"['Computer Science', 'Mathematics']","[{'category': 'Computer Science', 'source': 'external'}, {'category': 'Mathematics', 'source': 'external'}, {'category': 'Computer Science', 'source': 's2-fos-model'}]"
Guiding Prosecutorial Decisions with an Interpretable Statistical Model,"Zhiyuan Jerry Lin, Alex Chohlas-Wood, Sharad Goel",2019,"AAAI/ACM Conference on AI, Ethics, and Society",10.1145/3306618.3314235,https://www.semanticscholar.org/paper/7c2a0cfb19ebced1151f858ae163a4c826666ee4,3,7c2a0cfb19ebced1151f858ae163a4c826666ee4,['Computer Science'],"[{'category': 'Computer Science', 'source': 'external'}, {'category': 'Law', 'source': 's2-fos-model'}, {'category': 'Political Science', 'source': 's2-fos-model'}]"
Fair Transfer Learning with Missing Protected Attributes,"Amanda Coston, K. Ramamurthy, Dennis Wei, Kush R. Varshney, Skyler Speakman, Zairah Mustahsan, Supriyo Chakraborty",2019,"AAAI/ACM Conference on AI, Ethics, and Society",10.1145/3306618.3314236,https://www.semanticscholar.org/paper/347aa96ee44591f10a0e6e738c596508a9b2b9de,115,347aa96ee44591f10a0e6e738c596508a9b2b9de,['Computer Science'],"[{'category': 'Computer Science', 'source': 'external'}, {'category': 'Computer Science', 'source': 's2-fos-model'}, {'category': 'Economics', 'source': 's2-fos-model'}]"
Balancing the Benefits of Autonomous Vehicles,"T. Geary, D. Danks",2019,"AAAI/ACM Conference on AI, Ethics, and Society",10.1145/3306618.3314237,https://www.semanticscholar.org/paper/da70d132dd7bba5ee44fb7fe0fc59f82fdd933e3,14,da70d132dd7bba5ee44fb7fe0fc59f82fdd933e3,['Computer Science'],"[{'category': 'Computer Science', 'source': 'external'}, {'category': 'Engineering', 'source': 's2-fos-model'}, {'category': 'Environmental Science', 'source': 's2-fos-model'}, {'category': 'Computer Science', 'source': 's2-fos-model'}]"
AI Extenders: The Ethical and Societal Implications of Humans Cognitively Extended by AI,"J. Hernández-Orallo, Karina Vold",2019,"AAAI/ACM Conference on AI, Ethics, and Society",10.1145/3306618.3314238,https://www.semanticscholar.org/paper/7081b74ac451a4ce8944a4fa7a8ea729c38b4f16,79,7081b74ac451a4ce8944a4fa7a8ea729c38b4f16,['Computer Science'],"[{'category': 'Computer Science', 'source': 'external'}, {'category': 'Philosophy', 'source': 's2-fos-model'}, {'category': 'Computer Science', 'source': 's2-fos-model'}, {'category': 'Sociology', 'source': 's2-fos-model'}]"
Ethically Aligned Opportunistic Scheduling for Productive Laziness,"Han Yu, C. Miao, Yongqing Zheng, Li-zhen Cui, Simon Fauvel, Cyril Leung",2019,"AAAI/ACM Conference on AI, Ethics, and Society",10.1145/3306618.3314240,https://www.semanticscholar.org/paper/94c38bb7723a11ca79fd6da616db480e8309cda9,13,94c38bb7723a11ca79fd6da616db480e8309cda9,['Computer Science'],"[{'category': 'Computer Science', 'source': 'external'}, {'category': 'Computer Science', 'source': 's2-fos-model'}]"
Tact in Noncompliance: The Need for Pragmatically Apt Responses to Unethical Commands,"R. Jackson, Ruchen Wen, T. Williams",2019,"AAAI/ACM Conference on AI, Ethics, and Society",10.1145/3306618.3314241,https://www.semanticscholar.org/paper/b3df1821576acdb729f80722adbb650c45b3a066,36,b3df1821576acdb729f80722adbb650c45b3a066,['Computer Science'],"[{'category': 'Computer Science', 'source': 'external'}, {'category': 'Computer Science', 'source': 's2-fos-model'}, {'category': 'Philosophy', 'source': 's2-fos-model'}]"
Uncovering and Mitigating Algorithmic Bias through Learned Latent Structure,"Alexander Amini, Ava P. Soleimany, Wilko Schwarting, S. Bhatia, D. Rus",2019,"AAAI/ACM Conference on AI, Ethics, and Society",10.1145/3306618.3314243,https://www.semanticscholar.org/paper/f471c7693e6f25f11bb5550a25ea1ca1e5367b5d,216,f471c7693e6f25f11bb5550a25ea1ca1e5367b5d,['Computer Science'],"[{'category': 'Computer Science', 'source': 'external'}, {'category': 'Computer Science', 'source': 's2-fos-model'}]"
Actionable Auditing: Investigating the Impact of Publicly Naming Biased Performance Results of Commercial AI Products,"Inioluwa Deborah Raji, Joy Buolamwini",2019,"AAAI/ACM Conference on AI, Ethics, and Society",10.1145/3306618.3314244,https://www.semanticscholar.org/paper/5c5105eb4923932f6489b69a7651bff5cbcb77fe,645,5c5105eb4923932f6489b69a7651bff5cbcb77fe,['Computer Science'],"[{'category': 'Computer Science', 'source': 'external'}, {'category': 'Computer Science', 'source': 's2-fos-model'}, {'category': 'Sociology', 'source': 's2-fos-model'}]"
Algorithmic Greenlining: An Approach to Increase Diversity,"C. Borgs, J. Chayes, Nika Haghtalab, A. Kalai, Ellen Vitercik",2019,"AAAI/ACM Conference on AI, Ethics, and Society",10.1145/3306618.3314246,https://www.semanticscholar.org/paper/cdd810f691f9502de3056681e899e3020559096c,11,cdd810f691f9502de3056681e899e3020559096c,['Computer Science'],"[{'category': 'Computer Science', 'source': 'external'}, {'category': 'Computer Science', 'source': 's2-fos-model'}]"
Inferring Work Task Automatability from AI Expert Evidence,"Paul Duckworth, L. Graham, Michael A. Osborne",2019,"AAAI/ACM Conference on AI, Ethics, and Society",10.1145/3306618.3314247,https://www.semanticscholar.org/paper/9cd680d123ad43b759a158b58b2db747ae98f802,13,9cd680d123ad43b759a158b58b2db747ae98f802,['Computer Science'],"[{'category': 'Computer Science', 'source': 'external'}, {'category': 'Computer Science', 'source': 's2-fos-model'}]"
Compensation at the Crossroads: Autonomous Vehicles and Alternative Victim Compensation Schemes,Tracy Hresko Pearl,2019,"AAAI/ACM Conference on AI, Ethics, and Society",10.1145/3306618.3314249,https://www.semanticscholar.org/paper/cb2db9f2c19c85ce87f4c040b1b488abd9661b93,6,cb2db9f2c19c85ce87f4c040b1b488abd9661b93,['Computer Science'],"[{'category': 'Computer Science', 'source': 'external'}, {'category': 'Law', 'source': 's2-fos-model'}]"
Perceptions of Domestic Robots' Normative Behavior Across Cultures,"Huao Li, Stephanie Milani, Vigneshram Krishnamoorthy, M. Lewis, K. Sycara",2019,"AAAI/ACM Conference on AI, Ethics, and Society",10.1145/3306618.3314251,https://www.semanticscholar.org/paper/82b1f27348b835c375dabfa93e5173996dbc5764,22,82b1f27348b835c375dabfa93e5173996dbc5764,['Computer Science'],"[{'category': 'Computer Science', 'source': 'external'}, {'category': 'Sociology', 'source': 's2-fos-model'}, {'category': 'Computer Science', 'source': 's2-fos-model'}]"
Requirements for an Artificial Agent with Norm Competence,"B. Malle, P. Bello, Matthias Scheutz",2019,"AAAI/ACM Conference on AI, Ethics, and Society",10.1145/3306618.3314252,https://www.semanticscholar.org/paper/ecf409c57bc03808642626168df1c5ae79293219,26,ecf409c57bc03808642626168df1c5ae79293219,['Computer Science'],"[{'category': 'Computer Science', 'source': 'external'}, {'category': 'Computer Science', 'source': 's2-fos-model'}]"
Mapping Informal Settlements in Developing Countries using Machine Learning and Low Resolution Multi-spectral Data,"Bradley Gram-Hansen, P. Helber, I. Varatharajan, F. Azam, Alejandro Coca-Castro, V. Kopačková, P. Bilinski",2019,"AAAI/ACM Conference on AI, Ethics, and Society",10.1145/3306618.3314253,https://www.semanticscholar.org/paper/212b0f46f560f20f3c73a3acf4bef4176bb44b85,69,212b0f46f560f20f3c73a3acf4bef4176bb44b85,"['Computer Science', 'Mathematics']","[{'category': 'Computer Science', 'source': 'external'}, {'category': 'Mathematics', 'source': 'external'}, {'category': 'Environmental Science', 'source': 's2-fos-model'}, {'category': 'Geography', 'source': 's2-fos-model'}, {'category': 'Computer Science', 'source': 's2-fos-model'}, {'category': 'Engineering', 'source': 's2-fos-model'}]"
The Heart of the Matter: Patient Autonomy as a Model for the Wellbeing of Technology Users,"Emanuelle Burton, K. Clayville, J. Goldsmith, Nicholas Mattei",2019,AAAI Spring Symposia,10.1145/3306618.3314254,https://www.semanticscholar.org/paper/83d6b4bfa8701578c291e55f5f1e5e6508aff313,5,83d6b4bfa8701578c291e55f5f1e5e6508aff313,['Computer Science'],"[{'category': 'Computer Science', 'source': 'external'}, {'category': 'Computer Science', 'source': 's2-fos-model'}, {'category': 'Medicine', 'source': 's2-fos-model'}, {'category': 'Philosophy', 'source': 's2-fos-model'}]"
A Formal Approach to Explainability,"Lior Wolf, Tomer Galanti, Tamir Hazan",2019,"AAAI/ACM Conference on AI, Ethics, and Society",10.1145/3306618.3314260,https://www.semanticscholar.org/paper/5c9349cfe75e5ee805e45c4b415597907915c9e5,24,5c9349cfe75e5ee805e45c4b415597907915c9e5,"['Computer Science', 'Mathematics']","[{'category': 'Computer Science', 'source': 'external'}, {'category': 'Mathematics', 'source': 'external'}, {'category': 'Computer Science', 'source': 's2-fos-model'}]"
Rightful Machines and Dilemmas,A. T. Wright,2019,"AAAI/ACM Conference on AI, Ethics, and Society",10.1145/3306618.3314261,https://www.semanticscholar.org/paper/5848ee1f3a5f4be9c29381e6be5711bf57a3bfbf,5,5848ee1f3a5f4be9c29381e6be5711bf57a3bfbf,['Computer Science'],"[{'category': 'Computer Science', 'source': 'external'}, {'category': 'Philosophy', 'source': 's2-fos-model'}, {'category': 'Computer Science', 'source': 's2-fos-model'}]"
A Framework for Benchmarking Discrimination-Aware Models in Machine Learning,"Rodrigo L. Cardoso, Wagner Meira, Jr, Virgílio A. F. Almeida, Mohammed J. Zaki",2019,"AAAI/ACM Conference on AI, Ethics, and Society",10.1145/3306618.3314262,https://www.semanticscholar.org/paper/56ccc9f22ad8bf4ce5999055b8370c7891909eac,21,56ccc9f22ad8bf4ce5999055b8370c7891909eac,['Computer Science'],"[{'category': 'Computer Science', 'source': 'external'}, {'category': 'Computer Science', 'source': 's2-fos-model'}]"
Mapping Missing Population in Rural India: A Deep Learning Approach with Satellite Imagery,"Wenjie Hu, Jay Patel, Zoe-Alanah Robert, P. Novosad, S. Asher, Zhongyi Tang, M. Burke, D. Lobell, Stefano Ermon",2019,"AAAI/ACM Conference on AI, Ethics, and Society",10.1145/3306618.3314263,https://www.semanticscholar.org/paper/d1b33d3cb80d62317680c575cd9f1cd8fe73b704,39,d1b33d3cb80d62317680c575cd9f1cd8fe73b704,"['Computer Science', 'Engineering']","[{'category': 'Computer Science', 'source': 'external'}, {'category': 'Engineering', 'source': 'external'}, {'category': 'Geography', 'source': 's2-fos-model'}, {'category': 'Computer Science', 'source': 's2-fos-model'}, {'category': 'Environmental Science', 'source': 's2-fos-model'}]"
Human Trust Measurement Using an Immersive Virtual Reality Autonomous Vehicle Simulator,"Shervin Shahrdar, Corey Park, Mehrdad Nojoumian",2019,"AAAI/ACM Conference on AI, Ethics, and Society",10.1145/3306618.3314264,https://www.semanticscholar.org/paper/c8a31d86438d8dcdbdc8bd4f34eef144b08ec981,39,c8a31d86438d8dcdbdc8bd4f34eef144b08ec981,['Computer Science'],"[{'category': 'Computer Science', 'source': 'external'}, {'category': 'Engineering', 'source': 's2-fos-model'}, {'category': 'Computer Science', 'source': 's2-fos-model'}]"
Modelling and Influencing the AI Bidding War: A Research Agenda,"H. Anh, L. Pereira, T. Lenaerts",2019,"AAAI/ACM Conference on AI, Ethics, and Society",10.1145/3306618.3314265,https://www.semanticscholar.org/paper/0eca74b8f244a2329baccf5dd18fe91e260f152f,28,0eca74b8f244a2329baccf5dd18fe91e260f152f,['Computer Science'],"[{'category': 'Computer Science', 'source': 'external'}, {'category': 'Computer Science', 'source': 's2-fos-model'}, {'category': 'Political Science', 'source': 's2-fos-model'}]"
Semantics Derived Automatically from Language Corpora Contain Human-like Moral Choices,"Sophie F. Jentzsch, P. Schramowski, C. Rothkopf, K. Kersting",2019,"AAAI/ACM Conference on AI, Ethics, and Society",10.1145/3306618.3314267,https://www.semanticscholar.org/paper/739f8fc0c3d5a1097d67b495ec21c61eb20ec3f0,71,739f8fc0c3d5a1097d67b495ec21c61eb20ec3f0,['Computer Science'],"[{'category': 'Computer Science', 'source': 'external'}, {'category': 'Computer Science', 'source': 's2-fos-model'}, {'category': 'Philosophy', 'source': 's2-fos-model'}]"
The Seductive Allure of Artificial Intelligence-Powered Neurotechnology,"Charles M. Giattino, Lydia Kwong, Chad Rafetto, Nita A. Farahany",2019,"AAAI/ACM Conference on AI, Ethics, and Society",10.1145/3306618.3314269,https://www.semanticscholar.org/paper/93f2aea18e44fc120525516d86fc1b464bd1a313,12,93f2aea18e44fc120525516d86fc1b464bd1a313,['Computer Science'],"[{'category': 'Computer Science', 'source': 'external'}, {'category': 'Computer Science', 'source': 's2-fos-model'}, {'category': 'Psychology', 'source': 's2-fos-model'}, {'category': 'Philosophy', 'source': 's2-fos-model'}]"
On Influencing Individual Behavior for Reducing Transportation Energy Expenditure in a Large Population,"Shiwali Mohan, Frances Yan, V. Bellotti, Ahmed A. Elbery, Hesham A Rakha, M. Klenk",2019,"AAAI/ACM Conference on AI, Ethics, and Society",10.1145/3306618.3314271,https://www.semanticscholar.org/paper/12ba997b107e9e27a676d8705dadf08fa7310884,6,12ba997b107e9e27a676d8705dadf08fa7310884,['Computer Science'],"[{'category': 'Computer Science', 'source': 'external'}, {'category': 'Engineering', 'source': 's2-fos-model'}, {'category': 'Computer Science', 'source': 's2-fos-model'}, {'category': 'Environmental Science', 'source': 's2-fos-model'}, {'category': 'Economics', 'source': 's2-fos-model'}]"
Robots Can Be More Than Black And White: Examining Racial Bias Towards Robots,"A. Addison, C. Bartneck, K. Yogeeswaran",2019,"AAAI/ACM Conference on AI, Ethics, and Society",10.1145/3306618.3314272,https://www.semanticscholar.org/paper/c04657dd2a84c41aec85f67d187d90046d57b89c,25,c04657dd2a84c41aec85f67d187d90046d57b89c,['Computer Science'],"[{'category': 'Computer Science', 'source': 'external'}, {'category': 'Computer Science', 'source': 's2-fos-model'}, {'category': 'Sociology', 'source': 's2-fos-model'}, {'category': 'Psychology', 'source': 's2-fos-model'}]"
How Technological Advances Can Reveal Rights,"Jack Parker, D. Danks",2019,"AAAI/ACM Conference on AI, Ethics, and Society",10.1145/3306618.3314274,https://www.semanticscholar.org/paper/378815d7e50f39b5f7d4a376dd619bb526a1d132,4,378815d7e50f39b5f7d4a376dd619bb526a1d132,['Computer Science'],"[{'category': 'Computer Science', 'source': 'external'}, {'category': 'Philosophy', 'source': 's2-fos-model'}, {'category': 'Computer Science', 'source': 's2-fos-model'}]"
Towards a Just Theory of Measurement: A Principled Social Measurement Assurance Program for Machine Learning,"McKane Andrus, T. Gilbert",2019,"AAAI/ACM Conference on AI, Ethics, and Society",10.1145/3306618.3314275,https://www.semanticscholar.org/paper/8719b5185445d793153a507ba5622397183eaad1,4,8719b5185445d793153a507ba5622397183eaad1,['Computer Science'],"[{'category': 'Computer Science', 'source': 'external'}, {'category': 'Computer Science', 'source': 's2-fos-model'}, {'category': 'Philosophy', 'source': 's2-fos-model'}]"
The Right To Confront Your Accusers: Opening the Black Box of Forensic DNA Software,"Jeanna Neefe Matthews, Marzieh Babaeianjelodar, Stephen Lorenz, Abigail V. Matthews, Mariama Njie, Nathaniel Adams, D. Krane, Jessica Goldthwaite, Clinton Hughes",2019,"AAAI/ACM Conference on AI, Ethics, and Society",10.1145/3306618.3314279,https://www.semanticscholar.org/paper/1577bf434b6c6ad3994a54ffd5ac2b226161daf8,17,1577bf434b6c6ad3994a54ffd5ac2b226161daf8,['Computer Science'],"[{'category': 'Computer Science', 'source': 'external'}, {'category': 'Law', 'source': 's2-fos-model'}, {'category': 'Computer Science', 'source': 's2-fos-model'}]"
Shared Moral Foundations of Embodied Artificial Intelligence,Joëlle M. Cruz,2019,"AAAI/ACM Conference on AI, Ethics, and Society",10.1145/3306618.3314280,https://www.semanticscholar.org/paper/75d6343635f667576dcb418df49800bb0e760aa7,6,75d6343635f667576dcb418df49800bb0e760aa7,['Computer Science'],"[{'category': 'Computer Science', 'source': 'external'}, {'category': 'Philosophy', 'source': 's2-fos-model'}, {'category': 'Computer Science', 'source': 's2-fos-model'}]"
(When) Can AI Bots Lie?,"Tathagata Chakraborti, S. Kambhampati",2019,"AAAI/ACM Conference on AI, Ethics, and Society",10.1145/3306618.3314281,https://www.semanticscholar.org/paper/60bbcb24e7794b5a1a64f8f544abb177958919c6,38,60bbcb24e7794b5a1a64f8f544abb177958919c6,['Computer Science'],"[{'category': 'Computer Science', 'source': 'external'}, {'category': 'Computer Science', 'source': 's2-fos-model'}, {'category': 'Philosophy', 'source': 's2-fos-model'}]"
IMLI: An Incremental Framework for MaxSAT-Based Learning of Interpretable Classification Rules,"Bishwamittra Ghosh, Kuldeep S. Meel",2019,"AAAI/ACM Conference on AI, Ethics, and Society",10.1145/3306618.3314283,https://www.semanticscholar.org/paper/f52d22d1bb0394b7c26d955a6bbadbfe7f60d191,36,f52d22d1bb0394b7c26d955a6bbadbfe7f60d191,['Computer Science'],"[{'category': 'Computer Science', 'source': 'external'}, {'category': 'Computer Science', 'source': 's2-fos-model'}]"
A Comparative Analysis of Emotion-Detecting AI Systems with Respect to Algorithm Performance and Dataset Diversity,"De'Aira G. Bryant, A. Howard",2019,"AAAI/ACM Conference on AI, Ethics, and Society",10.1145/3306618.3314284,https://www.semanticscholar.org/paper/455626573013a77ca1b719ed06ca138594b24dbf,26,455626573013a77ca1b719ed06ca138594b24dbf,['Computer Science'],"[{'category': 'Computer Science', 'source': 'external'}, {'category': 'Computer Science', 'source': 's2-fos-model'}, {'category': 'Psychology', 'source': 's2-fos-model'}]"
Framing Artificial Intelligence in American Newspapers,"C. Chuan, W. Tsai, Sumi Cho",2019,"AAAI/ACM Conference on AI, Ethics, and Society",10.1145/3306618.3314285,https://www.semanticscholar.org/paper/c483351957d782ea50c89d61e126de03eacf984b,144,c483351957d782ea50c89d61e126de03eacf984b,['Computer Science'],"[{'category': 'Computer Science', 'source': 'external'}, {'category': 'Computer Science', 'source': 's2-fos-model'}, {'category': 'Political Science', 'source': 's2-fos-model'}]"
Invisible Influence: Artificial Intelligence and the Ethics of Adaptive Choice Architectures,Daniel Susser,2019,"AAAI/ACM Conference on AI, Ethics, and Society",10.1145/3306618.3314286,https://www.semanticscholar.org/paper/ba74a7b1cbf4d9902a337c2836f8a6f2e8e7a4c9,64,ba74a7b1cbf4d9902a337c2836f8a6f2e8e7a4c9,['Computer Science'],"[{'category': 'Computer Science', 'source': 'external'}, {'category': 'Computer Science', 'source': 's2-fos-model'}, {'category': 'Philosophy', 'source': 's2-fos-model'}]"
Degenerate Feedback Loops in Recommender Systems,"Ray Jiang, S. Chiappa, Tor Lattimore, A. György, Pushmeet Kohli",2019,"AAAI/ACM Conference on AI, Ethics, and Society",10.1145/3306618.3314288,https://www.semanticscholar.org/paper/92b55d1b93b80eaac3612ef8fca2677bd7d8740b,223,92b55d1b93b80eaac3612ef8fca2677bd7d8740b,"['Computer Science', 'Mathematics']","[{'category': 'Computer Science', 'source': 'external'}, {'category': 'Mathematics', 'source': 'external'}, {'category': 'Computer Science', 'source': 's2-fos-model'}]"
The Role and Limits of Principles in AI Ethics: Towards a Focus on Tensions,"Jess Whittlestone, Rune Nyrup, A. Alexandrova, S. Cave",2019,"AAAI/ACM Conference on AI, Ethics, and Society",10.1145/3306618.3314289,https://www.semanticscholar.org/paper/304f2d1cf97ac8fb071b5357e97691d64f4e8f6a,307,304f2d1cf97ac8fb071b5357e97691d64f4e8f6a,['Computer Science'],"[{'category': 'Computer Science', 'source': 'external'}, {'category': 'Philosophy', 'source': 's2-fos-model'}, {'category': 'Computer Science', 'source': 's2-fos-model'}]"
Equalized Odds Implies Partially Equalized Outcomes Under Realistic Assumptions,D. McNamara,2019,"AAAI/ACM Conference on AI, Ethics, and Society",10.1145/3306618.3314290,https://www.semanticscholar.org/paper/4528ce4123ed1b79b6e9eb52ea9d0e8e77a1aea7,6,4528ce4123ed1b79b6e9eb52ea9d0e8e77a1aea7,['Computer Science'],"[{'category': 'Computer Science', 'source': 'external'}, {'category': 'Mathematics', 'source': 's2-fos-model'}]"
Killer Robots and Human Dignity,Daniel Lim,2019,"AAAI/ACM Conference on AI, Ethics, and Society",10.1145/3306618.3314291,https://www.semanticscholar.org/paper/ab40824fca705f794c346d217554c86ff6aec3da,8,ab40824fca705f794c346d217554c86ff6aec3da,['Computer Science'],"[{'category': 'Computer Science', 'source': 'external'}, {'category': 'Law', 'source': 's2-fos-model'}, {'category': 'Philosophy', 'source': 's2-fos-model'}, {'category': 'Political Science', 'source': 's2-fos-model'}]"
"Speaking on Behalf of: Representation, Delegation, and Authority in Computational Text Analysis","E. Baumer, M. McGee",2019,"AAAI/ACM Conference on AI, Ethics, and Society",10.1145/3306618.3314292,https://www.semanticscholar.org/paper/430b15cf87001b782ad87477ed479d3ec88bfb23,8,430b15cf87001b782ad87477ed479d3ec88bfb23,['Computer Science'],"[{'category': 'Computer Science', 'source': 'external'}, {'category': 'Computer Science', 'source': 's2-fos-model'}, {'category': 'Sociology', 'source': 's2-fos-model'}, {'category': 'Linguistics', 'source': 's2-fos-model'}]"
Explanatory Interactive Machine Learning,"Stefano Teso, K. Kersting",2019,"AAAI/ACM Conference on AI, Ethics, and Society",10.1145/3306618.3314293,https://www.semanticscholar.org/paper/f57254ac87c6a46c0cb0e582b173fe183b84a389,248,f57254ac87c6a46c0cb0e582b173fe183b84a389,['Computer Science'],"[{'category': 'Computer Science', 'source': 'external'}, {'category': 'Computer Science', 'source': 's2-fos-model'}]"
Epistemic Therapy for Bias in Automated Decision-Making,"T. Gilbert, Yonatan Dov Mintz",2019,"AAAI/ACM Conference on AI, Ethics, and Society",10.1145/3306618.3314294,https://www.semanticscholar.org/paper/416312b9cf98249cb2afc22d5e73ecab337c490d,13,416312b9cf98249cb2afc22d5e73ecab337c490d,['Computer Science'],"[{'category': 'Computer Science', 'source': 'external'}, {'category': 'Computer Science', 'source': 's2-fos-model'}, {'category': 'Philosophy', 'source': 's2-fos-model'}, {'category': 'Psychology', 'source': 's2-fos-model'}]"
Regulating Lethal and Harmful Autonomy: Drafting a Protocol VI of the Convention on Certain Conventional Weapons,Sean Welsh,2019,"AAAI/ACM Conference on AI, Ethics, and Society",10.1145/3306618.3314295,https://www.semanticscholar.org/paper/b12132ccacd1fec4465433f83230bb3c7ed7d8db,1,b12132ccacd1fec4465433f83230bb3c7ed7d8db,['Computer Science'],"[{'category': 'Computer Science', 'source': 'external'}, {'category': 'Law', 'source': 's2-fos-model'}, {'category': 'Political Science', 'source': 's2-fos-model'}]"
Costs and Benefits of Fair Representation Learning,"D. McNamara, Cheng Soon Ong, R. C. Williamson",2019,"AAAI/ACM Conference on AI, Ethics, and Society",10.1145/3306618.3317964,https://www.semanticscholar.org/paper/22954c8d9d29075a5f520edc7221cf16e9cec958,65,22954c8d9d29075a5f520edc7221cf16e9cec958,['Computer Science'],"[{'category': 'Computer Science', 'source': 'external'}, {'category': 'Computer Science', 'source': 's2-fos-model'}]"
"What's Next for AI Ethics, Policy, and Governance? A Global Overview","Daniel S. Schiff, J. Biddle, J. Borenstein, Kelly Laas",2019,"AAAI/ACM Conference on AI, Ethics, and Society",10.1145/3375627.3375804,https://www.semanticscholar.org/paper/c129d712fa315894545ca1d2ad32bdaf3bade97d,148,c129d712fa315894545ca1d2ad32bdaf3bade97d,['Computer Science'],"[{'category': 'Computer Science', 'source': 'external'}, {'category': 'Computer Science', 'source': 's2-fos-model'}, {'category': 'Political Science', 'source': 's2-fos-model'}, {'category': 'Philosophy', 'source': 's2-fos-model'}]"
The AI Liability Puzzle and a Fund-Based Work-Around,"Olivia J. Erd'elyi, G'abor Erd'elyi",2019,"AAAI/ACM Conference on AI, Ethics, and Society",10.1145/3375627.3375806,https://www.semanticscholar.org/paper/871f30f6665601800a916d3c6b4a5e1de7c39e7b,16,871f30f6665601800a916d3c6b4a5e1de7c39e7b,"['Computer Science', 'Business']","[{'category': 'Computer Science', 'source': 'external'}, {'category': 'Business', 'source': 'external'}, {'category': 'Law', 'source': 's2-fos-model'}, {'category': 'Computer Science', 'source': 's2-fos-model'}]"
CERTIFAI: A Common Framework to Provide Explanations and Analyse the Fairness and Robustness of Black-box Models,"Shubham Sharma, Jette Henderson, Joydeep Ghosh",2019,"AAAI/ACM Conference on AI, Ethics, and Society",10.1145/3375627.3375812,https://www.semanticscholar.org/paper/6eaf8bfd156c1e482fe2b6d6a2b5c1d50c2c102f,179,6eaf8bfd156c1e482fe2b6d6a2b5c1d50c2c102f,['Computer Science'],"[{'category': 'Computer Science', 'source': 'external'}, {'category': 'Computer Science', 'source': 's2-fos-model'}]"
The Offense-Defense Balance of Scientific Knowledge: Does Publishing AI Research Reduce Misuse?,"Toby Shevlane, A. Dafoe",2019,"AAAI/ACM Conference on AI, Ethics, and Society",10.1145/3375627.3375815,https://www.semanticscholar.org/paper/0ef6b858f36002c2b38adac855fd1c5903d3edf1,33,0ef6b858f36002c2b38adac855fd1c5903d3edf1,"['Political Science', 'Computer Science']","[{'category': 'Political Science', 'source': 'external'}, {'category': 'Computer Science', 'source': 'external'}, {'category': 'Computer Science', 'source': 's2-fos-model'}, {'category': 'Philosophy', 'source': 's2-fos-model'}, {'category': 'Law', 'source': 's2-fos-model'}, {'category': 'Political Science', 'source': 's2-fos-model'}]"
Exploring AI Futures Through Role Play,"S. Avin, Ross Gruetzemacher, J. Fox",2019,"AAAI/ACM Conference on AI, Ethics, and Society",10.1145/3375627.3375817,https://www.semanticscholar.org/paper/867c5cd4606f00b9dffb0bb7a7540b18a0d41fb0,21,867c5cd4606f00b9dffb0bb7a7540b18a0d41fb0,"['Computer Science', 'Political Science']","[{'category': 'Computer Science', 'source': 'external'}, {'category': 'Political Science', 'source': 'external'}, {'category': 'Computer Science', 'source': 's2-fos-model'}, {'category': 'Political Science', 'source': 's2-fos-model'}]"
Balancing the Tradeoff between Profit and Fairness in Rideshare Platforms during High-Demand Hours,"Vedant Nanda, Pan Xu, Karthik Abinav Sankararaman, John P. Dickerson, A. Srinivasan",2019,"AAAI/ACM Conference on AI, Ethics, and Society",10.1145/3375627.3375818,https://www.semanticscholar.org/paper/3a8b68f6e2ae315e86714036bfcc1a16154a5a42,71,3a8b68f6e2ae315e86714036bfcc1a16154a5a42,['Computer Science'],"[{'category': 'Computer Science', 'source': 'external'}, {'category': 'Computer Science', 'source': 's2-fos-model'}, {'category': 'Economics', 'source': 's2-fos-model'}]"
Human Comprehension of Fairness in Machine Learning,"Debjani Saha, Candice Schumann, Duncan C. McElfresh, John P. Dickerson, Michelle L. Mazurek, Michael Carl Tschantz",2019,"AAAI/ACM Conference on AI, Ethics, and Society",10.1145/3375627.3375819,https://www.semanticscholar.org/paper/06d7ce82c5d14a735f8fc9e73c63ec2cb13b134b,17,06d7ce82c5d14a735f8fc9e73c63ec2cb13b134b,"['Computer Science', 'Psychology']","[{'category': 'Computer Science', 'source': 'external'}, {'category': 'Psychology', 'source': 'external'}, {'category': 'Computer Science', 'source': 's2-fos-model'}, {'category': 'Philosophy', 'source': 's2-fos-model'}]"
Fair Allocation through Selective Information Acquisition,"William Cai, Johann D. Gaebler, Nikhil Garg, Sharad Goel",2019,"AAAI/ACM Conference on AI, Ethics, and Society",10.1145/3375627.3375823,https://www.semanticscholar.org/paper/e951d371dc746f58b56d642eac4852df42bc3bf1,30,e951d371dc746f58b56d642eac4852df42bc3bf1,['Computer Science'],"[{'category': 'Computer Science', 'source': 'external'}, {'category': 'Economics', 'source': 's2-fos-model'}]"
Learning Norms from Stories: A Prior for Value Aligned Agents,"Spencer Frazier, Md Sultan Al Nahian, Mark O. Riedl, Brent Harrison",2019,"AAAI/ACM Conference on AI, Ethics, and Society",10.1145/3375627.3375825,https://www.semanticscholar.org/paper/47f8fc90b8a977022caba627b82e492d9c588744,41,47f8fc90b8a977022caba627b82e492d9c588744,['Computer Science'],"[{'category': 'Computer Science', 'source': 'external'}, {'category': 'Computer Science', 'source': 's2-fos-model'}]"
U.S. Public Opinion on the Governance of Artificial Intelligence,"Baobao Zhang, A. Dafoe",2019,"AAAI/ACM Conference on AI, Ethics, and Society",10.1145/3375627.3375827,https://www.semanticscholar.org/paper/a1435432eb933fa06d26b2b967ed785016d24be2,76,a1435432eb933fa06d26b2b967ed785016d24be2,"['Political Science', 'Computer Science']","[{'category': 'Political Science', 'source': 'external'}, {'category': 'Computer Science', 'source': 'external'}, {'category': 'Political Science', 'source': 's2-fos-model'}, {'category': 'Computer Science', 'source': 's2-fos-model'}]"
Fooling LIME and SHAP: Adversarial Attacks on Post hoc Explanation Methods,"Dylan Slack, Sophie Hilgard, Emily Jia, Sameer Singh, Himabindu Lakkaraju",2019,"AAAI/ACM Conference on AI, Ethics, and Society",10.1145/3375627.3375830,https://www.semanticscholar.org/paper/653864b10564ab4712c07a3d4043a1d794b13c46,984,653864b10564ab4712c07a3d4043a1d794b13c46,"['Computer Science', 'Mathematics']","[{'category': 'Computer Science', 'source': 'external'}, {'category': 'Mathematics', 'source': 'external'}, {'category': 'Computer Science', 'source': 's2-fos-model'}]"
"""How do I fool you?"": Manipulating User Trust via Misleading Black Box Explanations","Himabindu Lakkaraju, Osbert Bastani",2019,"AAAI/ACM Conference on AI, Ethics, and Society",10.1145/3375627.3375833,https://www.semanticscholar.org/paper/e656b0376ca11f533ea01097c70f98c0ff655c00,279,e656b0376ca11f533ea01097c70f98c0ff655c00,['Computer Science'],"[{'category': 'Computer Science', 'source': 'external'}, {'category': 'Computer Science', 'source': 's2-fos-model'}]"
Defining AI in Policy versus Practice,"P. Krafft, Meg Young, Michael A. Katell, Karen Huang, Ghislain Bugingo",2019,"AAAI/ACM Conference on AI, Ethics, and Society",10.1145/3375627.3375835,https://www.semanticscholar.org/paper/41ca1118a5878af28be2ffacb322311e00c88bfa,97,41ca1118a5878af28be2ffacb322311e00c88bfa,"['Political Science', 'Computer Science', 'Physics']","[{'category': 'Political Science', 'source': 'external'}, {'category': 'Computer Science', 'source': 'external'}, {'category': 'Physics', 'source': 'external'}, {'category': 'Political Science', 'source': 's2-fos-model'}, {'category': 'Computer Science', 'source': 's2-fos-model'}, {'category': 'Law', 'source': 's2-fos-model'}]"
On the Privacy Risks of Model Explanations,"R. Shokri, Martin Strobel, Yair Zick",2019,"AAAI/ACM Conference on AI, Ethics, and Society",10.1145/3461702.3462533,https://www.semanticscholar.org/paper/1e47d5f0fb35a9e19df0a1e4d697e71eaa00f224,140,1e47d5f0fb35a9e19df0a1e4d697e71eaa00f224,"['Business', 'Computer Science']","[{'category': 'Business', 'source': 'external'}, {'category': 'Computer Science', 'source': 'external'}, {'category': 'Computer Science', 'source': 's2-fos-model'}]"
"Algorithms that ""Don't See Color"": Measuring Biases in Lookalike and Special Ad Audiences","Piotr Sapiezynski, A. Ghosh, Lev Kaplan, A. Mislove, A. Rieke",2019,"AAAI/ACM Conference on AI, Ethics, and Society",10.1145/3514094.3534135,https://www.semanticscholar.org/paper/ff941a2efffd8e7468326be759a9a045f9e695a3,27,ff941a2efffd8e7468326be759a9a045f9e695a3,['Computer Science'],"[{'category': 'Computer Science', 'source': 'external'}, {'category': 'Computer Science', 'source': 's2-fos-model'}, {'category': 'Sociology', 'source': 's2-fos-model'}]"
No Rage Against the Machines: Threat of Automation Does Not Change Policy Preferences,Baobao Zhang,2019,"AAAI/ACM Conference on AI, Ethics, and Society",10.1145/3514094.3534179,https://www.semanticscholar.org/paper/36680b2544227be47994b61ddbe42aee108d2618,28,36680b2544227be47994b61ddbe42aee108d2618,"['Computer Science', 'Business']","[{'category': 'Computer Science', 'source': 'external'}, {'category': 'Business', 'source': 'external'}, {'category': 'Political Science', 'source': 's2-fos-model'}, {'category': 'Economics', 'source': 's2-fos-model'}]"
Learning from Discriminatory Training Data,"Przemyslaw A. Grabowicz, Nicholas Perello, Kenta Takatsu",2019,"AAAI/ACM Conference on AI, Ethics, and Society",10.1145/3600211.3604710,https://www.semanticscholar.org/paper/f6c6179bf94542391abbc54ffcc438bd8c68889c,1,f6c6179bf94542391abbc54ffcc438bd8c68889c,"['Computer Science', 'Physics']","[{'category': 'Computer Science', 'source': 'external'}, {'category': 'Physics', 'source': 'external'}, {'category': 'Computer Science', 'source': 's2-fos-model'}]"
Trade-offs in Fair Redistricting,Zachary Schutzman,2020,"AAAI/ACM Conference on AI, Ethics, and Society",10.1145/3375627.3375802,https://www.semanticscholar.org/paper/80f0170446c10d7ec7025ef37a43da3f2dd58a04,6,80f0170446c10d7ec7025ef37a43da3f2dd58a04,['Computer Science'],"[{'category': 'Computer Science', 'source': 'external'}, {'category': 'Political Science', 'source': 's2-fos-model'}]"
Beyond Near- and Long-Term: Towards a Clearer Account of Research Priorities in AI Ethics and Society,"Carina Prunkl, Jess Whittlestone",2020,"AAAI/ACM Conference on AI, Ethics, and Society",10.1145/3375627.3375803,https://www.semanticscholar.org/paper/6384b3013eb4e7868c0853a1b12a10175abebaaf,27,6384b3013eb4e7868c0853a1b12a10175abebaaf,"['Computer Science', 'Sociology']","[{'category': 'Computer Science', 'source': 'external'}, {'category': 'Sociology', 'source': 'external'}, {'category': 'Computer Science', 'source': 's2-fos-model'}, {'category': 'Philosophy', 'source': 's2-fos-model'}, {'category': 'Sociology', 'source': 's2-fos-model'}, {'category': 'Political Science', 'source': 's2-fos-model'}]"
An Empirical Approach to Capture Moral Uncertainty in AI,"Andreia Martinho, M. Kroesen, C. Chorus",2020,"AAAI/ACM Conference on AI, Ethics, and Society",10.1145/3375627.3375805,https://www.semanticscholar.org/paper/5807b4d00314ae8d5fd611ffb8a61bde2dbcf887,9,5807b4d00314ae8d5fd611ffb8a61bde2dbcf887,['Computer Science'],"[{'category': 'Computer Science', 'source': 'external'}, {'category': 'Computer Science', 'source': 's2-fos-model'}, {'category': 'Philosophy', 'source': 's2-fos-model'}, {'category': 'Psychology', 'source': 's2-fos-model'}]"
When Trusted Black Boxes Don't Agree: Incentivizing Iterative Improvement and Accountability in Critical Software Systems,"Jeanna Neefe Matthews, G. Northup, Isabella Grasso, Stephen Lorenz, Marzieh Babaeianjelodar, Hunter Bashaw, Sumona Mondal, Abigail V. Matthews, Mariama Njie, Jessica Goldthwaite",2020,"AAAI/ACM Conference on AI, Ethics, and Society",10.1145/3375627.3375807,https://www.semanticscholar.org/paper/c1fcd2f51127b5f568de4c384ead42e02415283b,14,c1fcd2f51127b5f568de4c384ead42e02415283b,['Computer Science'],"[{'category': 'Computer Science', 'source': 'external'}, {'category': 'Computer Science', 'source': 's2-fos-model'}]"
Normative Principles for Evaluating Fairness in Machine Learning,Derek Leben,2020,"AAAI/ACM Conference on AI, Ethics, and Society",10.1145/3375627.3375808,https://www.semanticscholar.org/paper/2008f088f0b727d20776829045bfd49052471d76,40,2008f088f0b727d20776829045bfd49052471d76,['Computer Science'],"[{'category': 'Computer Science', 'source': 'external'}, {'category': 'Computer Science', 'source': 's2-fos-model'}, {'category': 'Philosophy', 'source': 's2-fos-model'}]"
"Biased Priorities, Biased Outcomes: Three Recommendations for Ethics-oriented Data Annotation Practices","Gunay Kazimzade, Milagros Miceli",2020,"AAAI/ACM Conference on AI, Ethics, and Society",10.1145/3375627.3375809,https://www.semanticscholar.org/paper/4487990095b12b47440952ee878966ff9a04b8e8,22,4487990095b12b47440952ee878966ff9a04b8e8,['Computer Science'],"[{'category': 'Computer Science', 'source': 'external'}, {'category': 'Computer Science', 'source': 's2-fos-model'}, {'category': 'Philosophy', 'source': 's2-fos-model'}]"
"Different ""Intelligibility"" for Different Folks","Yishan Zhou, D. Danks",2020,"AAAI/ACM Conference on AI, Ethics, and Society",10.1145/3375627.3375810,https://www.semanticscholar.org/paper/408b1bc37d4c7f8b87909e882188c7f9179148c1,25,408b1bc37d4c7f8b87909e882188c7f9179148c1,['Computer Science'],"[{'category': 'Computer Science', 'source': 'external'}, {'category': 'Philosophy', 'source': 's2-fos-model'}, {'category': 'Computer Science', 'source': 's2-fos-model'}]"
Ethics for AI Writing: The Importance of Rhetorical Context,"H. McKee, J. E. Porter",2020,"AAAI/ACM Conference on AI, Ethics, and Society",10.1145/3375627.3375811,https://www.semanticscholar.org/paper/c5d565e8cc0e9714ca0a7e65365d35752368d0df,24,c5d565e8cc0e9714ca0a7e65365d35752368d0df,['Computer Science'],"[{'category': 'Computer Science', 'source': 'external'}, {'category': 'Computer Science', 'source': 's2-fos-model'}, {'category': 'Philosophy', 'source': 's2-fos-model'}]"
The Problem with Intelligence: Its Value-Laden History and the Future of AI,S. Cave,2020,"AAAI/ACM Conference on AI, Ethics, and Society",10.1145/3375627.3375813,https://www.semanticscholar.org/paper/2a0036b482d9be9ddc3f924ef3c944f73f680618,54,2a0036b482d9be9ddc3f924ef3c944f73f680618,['Computer Science'],"[{'category': 'Computer Science', 'source': 'external'}, {'category': 'Political Science', 'source': 's2-fos-model'}, {'category': 'History', 'source': 's2-fos-model'}, {'category': 'Computer Science', 'source': 's2-fos-model'}, {'category': 'Philosophy', 'source': 's2-fos-model'}, {'category': 'Sociology', 'source': 's2-fos-model'}]"
Activism by the AI Community: Analysing Recent Achievements and Future Prospects,Haydn Belfield,2020,"AAAI/ACM Conference on AI, Ethics, and Society",10.1145/3375627.3375814,https://www.semanticscholar.org/paper/a474767a821f0f91b502629b6b8deeb345ed58f4,49,a474767a821f0f91b502629b6b8deeb345ed58f4,"['Computer Science', 'Political Science']","[{'category': 'Computer Science', 'source': 'external'}, {'category': 'Political Science', 'source': 'external'}, {'category': 'Computer Science', 'source': 's2-fos-model'}, {'category': 'Sociology', 'source': 's2-fos-model'}, {'category': 'Political Science', 'source': 's2-fos-model'}]"
Algorithmized but not Atomized? How Digital Platforms Engender New Forms of Worker Solidarity in Jakarta,Rida Qadri,2020,"AAAI/ACM Conference on AI, Ethics, and Society",10.1145/3375627.3375816,https://www.semanticscholar.org/paper/814d29700f8633f01946ed9514fa0736c78f4d45,16,814d29700f8633f01946ed9514fa0736c78f4d45,['Computer Science'],"[{'category': 'Computer Science', 'source': 'external'}, {'category': 'Sociology', 'source': 's2-fos-model'}]"
Saving Face: Investigating the Ethical Concerns of Facial Recognition Auditing,"Inioluwa Deborah Raji, Timnit Gebru, Margaret Mitchell, Joy Buolamwini, Joonseok Lee, Emily L. Denton",2020,"AAAI/ACM Conference on AI, Ethics, and Society",10.1145/3375627.3375820,https://www.semanticscholar.org/paper/22a0e7c06f1e64729211177f80d1b9dcaab3c706,311,22a0e7c06f1e64729211177f80d1b9dcaab3c706,"['Computer Science', 'Psychology']","[{'category': 'Computer Science', 'source': 'external'}, {'category': 'Psychology', 'source': 'external'}, {'category': 'Computer Science', 'source': 's2-fos-model'}, {'category': 'Law', 'source': 's2-fos-model'}]"
Bayesian Sensitivity Analysis for Offline Policy Evaluation,"Jongbin Jung, Ravi Shroff, A. Feller, Sharad Goel",2020,"AAAI/ACM Conference on AI, Ethics, and Society",10.1145/3375627.3375822,https://www.semanticscholar.org/paper/c3e96e199e6240e4b22958f77d275432007a6a44,10,c3e96e199e6240e4b22958f77d275432007a6a44,['Computer Science'],"[{'category': 'Computer Science', 'source': 'external'}, {'category': 'Computer Science', 'source': 's2-fos-model'}]"
When Your Only Tool Is A Hammer: Ethical Limitations of Algorithmic Fairness Solutions in Healthcare Machine Learning,"M. McCradden, Mjaye L. Mazwi, Shalmali Joshi, James A. Anderson",2020,"AAAI/ACM Conference on AI, Ethics, and Society",10.1145/3375627.3375824,https://www.semanticscholar.org/paper/1bf03cf7bb60fa84cb4e238478d0606e70c6d9d1,12,1bf03cf7bb60fa84cb4e238478d0606e70c6d9d1,['Computer Science'],"[{'category': 'Computer Science', 'source': 'external'}, {'category': 'Medicine', 'source': 's2-fos-model'}, {'category': 'Computer Science', 'source': 's2-fos-model'}, {'category': 'Philosophy', 'source': 's2-fos-model'}]"
Learning Occupational Task-Shares Dynamics for the Future of Work,"Subhro Das, Sebastian Steffen, Wyatt Clarke, Prabhat Reddy, Erik Brynjolfsson, M. Fleming",2020,"AAAI/ACM Conference on AI, Ethics, and Society",10.1145/3375627.3375826,https://www.semanticscholar.org/paper/49bd8a1fed7923934f72be291005bd6be18b73eb,26,49bd8a1fed7923934f72be291005bd6be18b73eb,"['Computer Science', 'Mathematics']","[{'category': 'Computer Science', 'source': 'external'}, {'category': 'Mathematics', 'source': 'external'}, {'category': 'Economics', 'source': 's2-fos-model'}, {'category': 'Computer Science', 'source': 's2-fos-model'}]"
Algorithmic Fairness from a Non-ideal Perspective,"S. Fazelpour, Zachary Chase Lipton",2020,"AAAI/ACM Conference on AI, Ethics, and Society",10.1145/3375627.3375828,https://www.semanticscholar.org/paper/a9a7058b39768ece13608e31341cfb16c4faf2c3,107,a9a7058b39768ece13608e31341cfb16c4faf2c3,"['Computer Science', 'Mathematics']","[{'category': 'Computer Science', 'source': 'external'}, {'category': 'Mathematics', 'source': 'external'}, {'category': 'Computer Science', 'source': 's2-fos-model'}, {'category': 'Philosophy', 'source': 's2-fos-model'}]"
Social Contracts for Non-Cooperative Games,"Alan Davoust, Michael Rovatsos",2020,"AAAI/ACM Conference on AI, Ethics, and Society",10.1145/3375627.3375829,https://www.semanticscholar.org/paper/246f55206826651330e420554c5bc5d3c05df5b8,5,246f55206826651330e420554c5bc5d3c05df5b8,['Computer Science'],"[{'category': 'Computer Science', 'source': 'external'}, {'category': 'Computer Science', 'source': 's2-fos-model'}, {'category': 'Philosophy', 'source': 's2-fos-model'}, {'category': 'Economics', 'source': 's2-fos-model'}]"
Does AI Qualify for the Job?: A Bidirectional Model Mapping Labour and AI Intensities,"Fernando Martínez-Plumed, Songül Tolan, Annarosa Pesole, J. Hernández-Orallo, Enrique Fernández-Macías, Emilia Gómez",2020,"AAAI/ACM Conference on AI, Ethics, and Society",10.1145/3375627.3375831,https://www.semanticscholar.org/paper/676d0ebede675410c377f2d05a4142310ecfc2e8,21,676d0ebede675410c377f2d05a4142310ecfc2e8,['Computer Science'],"[{'category': 'Computer Science', 'source': 'external'}, {'category': 'Computer Science', 'source': 's2-fos-model'}, {'category': 'Economics', 'source': 's2-fos-model'}, {'category': 'Sociology', 'source': 's2-fos-model'}]"
Diversity and Inclusion Metrics in Subset Selection,"Margaret Mitchell, Dylan Baker, Nyalleng Moorosi, Emily L. Denton, Ben Hutchinson, A. Hanna, Timnit Gebru, Jamie Morgenstern",2020,"AAAI/ACM Conference on AI, Ethics, and Society",10.1145/3375627.3375832,https://www.semanticscholar.org/paper/a91f396eec7c8c6db1b52af5a9f9fcecc018914a,93,a91f396eec7c8c6db1b52af5a9f9fcecc018914a,['Computer Science'],"[{'category': 'Computer Science', 'source': 'external'}, {'category': 'Computer Science', 'source': 's2-fos-model'}, {'category': 'Mathematics', 'source': 's2-fos-model'}]"
"Technocultural Pluralism: A ""Clash of Civilizations"" in Technology?",Osonde A. Osoba,2020,"AAAI/ACM Conference on AI, Ethics, and Society",10.1145/3375627.3375834,https://www.semanticscholar.org/paper/d99d13b7798c0c7ebae5160bc0e4f47cd35f40b5,2,d99d13b7798c0c7ebae5160bc0e4f47cd35f40b5,['Computer Science'],"[{'category': 'Computer Science', 'source': 'external'}, {'category': 'Political Science', 'source': 's2-fos-model'}, {'category': 'Sociology', 'source': 's2-fos-model'}, {'category': 'Computer Science', 'source': 's2-fos-model'}]"
Scaling Guarantees for Nearest Counterfactual Explanations,"Kiarash Mohammadi, Amir-Hossein Karimi, G. Barthe, Isabel Valera",2020,"AAAI/ACM Conference on AI, Ethics, and Society",10.1145/3461702.3462514,https://www.semanticscholar.org/paper/92923234f562dd589e7bf5872898ecaa9ef54501,38,92923234f562dd589e7bf5872898ecaa9ef54501,['Computer Science'],"[{'category': 'Computer Science', 'source': 'external'}, {'category': 'Computer Science', 'source': 's2-fos-model'}, {'category': 'Mathematics', 'source': 's2-fos-model'}]"
FairOD: Fairness-aware Outlier Detection,"Shubhranshu Shekhar, Neil Shah, L. Akoglu",2020,"AAAI/ACM Conference on AI, Ethics, and Society",10.1145/3461702.3462517,https://www.semanticscholar.org/paper/2324d25fcbeb11d04dd2956026a5c4d68eac54dd,39,2324d25fcbeb11d04dd2956026a5c4d68eac54dd,['Computer Science'],"[{'category': 'Computer Science', 'source': 'external'}, {'category': 'Computer Science', 'source': 's2-fos-model'}]"
Reflexive Design for Fairness and Other Human Values in Formal Models,"Benjamin Fish, Luke Stark",2020,"AAAI/ACM Conference on AI, Ethics, and Society",10.1145/3461702.3462518,https://www.semanticscholar.org/paper/14dcde3a61cb40e31d54237263aa8070a66e02d3,29,14dcde3a61cb40e31d54237263aa8070a66e02d3,['Computer Science'],"[{'category': 'Computer Science', 'source': 'external'}, {'category': 'Computer Science', 'source': 's2-fos-model'}, {'category': 'Sociology', 'source': 's2-fos-model'}, {'category': 'Philosophy', 'source': 's2-fos-model'}]"
Fair Machine Learning Under Partial Compliance,"Jessica Dai, S. Fazelpour, Zachary Chase Lipton",2020,"AAAI/ACM Conference on AI, Ethics, and Society",10.1145/3461702.3462521,https://www.semanticscholar.org/paper/1fa32503bce4f01ab2ccb65dedd374310c488fe8,11,1fa32503bce4f01ab2ccb65dedd374310c488fe8,"['Computer Science', 'Economics', 'Mathematics']","[{'category': 'Computer Science', 'source': 'external'}, {'category': 'Economics', 'source': 'external'}, {'category': 'Mathematics', 'source': 'external'}, {'category': 'Economics', 'source': 's2-fos-model'}, {'category': 'Computer Science', 'source': 's2-fos-model'}]"
Detecting Emergent Intersectional Biases: Contextualized Word Embeddings Contain a Distribution of Human-like Biases,"W. Guo, Aylin Caliskan",2020,"AAAI/ACM Conference on AI, Ethics, and Society",10.1145/3461702.3462536,https://www.semanticscholar.org/paper/7ea0e91c5d5dc73f2133bc46d7ebb6cb83034dae,273,7ea0e91c5d5dc73f2133bc46d7ebb6cb83034dae,['Computer Science'],"[{'category': 'Computer Science', 'source': 'external'}, {'category': 'Computer Science', 'source': 's2-fos-model'}, {'category': 'Linguistics', 'source': 's2-fos-model'}]"
A Multi-Agent Approach to Combine Reasoning and Learning for an Ethical Behavior,"R. Chaput, Jérémy Duval, O. Boissier, Mathieu Guillermin, S. Hassas",2021,"AAAI/ACM Conference on AI, Ethics, and Society",10.1145/3461702.3462515,https://www.semanticscholar.org/paper/5ecffaaad5f7c059d14be348a351f53e8167ecb8,14,5ecffaaad5f7c059d14be348a351f53e8167ecb8,['Computer Science'],"[{'category': 'Computer Science', 'source': 'external'}, {'category': 'Computer Science', 'source': 's2-fos-model'}, {'category': 'Philosophy', 'source': 's2-fos-model'}]"
Towards Unbiased and Accurate Deferral to Multiple Experts,"Vijay Keswani, Matthew Lease, K. Kenthapadi",2021,"AAAI/ACM Conference on AI, Ethics, and Society",10.1145/3461702.3462516,https://www.semanticscholar.org/paper/16f7627adccc8fc6108b659bc06f34780d3a588a,85,16f7627adccc8fc6108b659bc06f34780d3a588a,"['Computer Science', 'Mathematics']","[{'category': 'Computer Science', 'source': 'external'}, {'category': 'Mathematics', 'source': 'external'}, {'category': 'Computer Science', 'source': 's2-fos-model'}]"
Emergent Unfairness in Algorithmic Fairness-Accuracy Trade-Off Research,"A. Feder Cooper, Ellen Abrams, NA Na",2021,"AAAI/ACM Conference on AI, Ethics, and Society",10.1145/3461702.3462519,https://www.semanticscholar.org/paper/232d0c42a26a54f52266a09e0c7117291402d33c,71,232d0c42a26a54f52266a09e0c7117291402d33c,['Computer Science'],"[{'category': 'Computer Science', 'source': 'external'}, {'category': 'Computer Science', 'source': 's2-fos-model'}]"
Alienation in the AI-Driven Workplace,Kate Vredenburgh,2021,"AAAI/ACM Conference on AI, Ethics, and Society",10.1145/3461702.3462520,https://www.semanticscholar.org/paper/0bbf60c4f30e6e08887e5347afd6d234062cd1ae,1,0bbf60c4f30e6e08887e5347afd6d234062cd1ae,['Computer Science'],"[{'category': 'Computer Science', 'source': 'external'}, {'category': 'Computer Science', 'source': 's2-fos-model'}, {'category': 'Law', 'source': 's2-fos-model'}, {'category': 'Philosophy', 'source': 's2-fos-model'}]"
Ethically Compliant Planning within Moral Communities,"Samer B. Nashed, Justin Svegliato, S. Zilberstein",2021,"AAAI/ACM Conference on AI, Ethics, and Society",10.1145/3461702.3462522,https://www.semanticscholar.org/paper/33328fcf24d634016f026ee8c447ca646517aa3c,16,33328fcf24d634016f026ee8c447ca646517aa3c,['Computer Science'],"[{'category': 'Computer Science', 'source': 'external'}, {'category': 'Philosophy', 'source': 's2-fos-model'}, {'category': 'Computer Science', 'source': 's2-fos-model'}]"
Minimax Group Fairness: Algorithms and Experiments,"Emily Diana, Wesley Gill, Michael Kearns, K. Kenthapadi, Aaron Roth",2021,"AAAI/ACM Conference on AI, Ethics, and Society",10.1145/3461702.3462523,https://www.semanticscholar.org/paper/9490bc8ae617d9816326ef759bc1efccdafd9553,120,9490bc8ae617d9816326ef759bc1efccdafd9553,['Computer Science'],"[{'category': 'Computer Science', 'source': 'external'}, {'category': 'Computer Science', 'source': 's2-fos-model'}, {'category': 'Mathematics', 'source': 's2-fos-model'}]"
Blind Justice: Algorithmically Masking Race in Charging Decisions,"Alex Chohlas-Wood, Joe Nudell, Zhiyuan Jerry Lin, Julian Nyarko, Sharad Goel",2021,"AAAI/ACM Conference on AI, Ethics, and Society",10.1145/3461702.3462524,https://www.semanticscholar.org/paper/1559bd50a4f97a9a9da4f6bdec5fd4ce7dc95f74,24,1559bd50a4f97a9a9da4f6bdec5fd4ce7dc95f74,['Computer Science'],"[{'category': 'Computer Science', 'source': 'external'}, {'category': 'Law', 'source': 's2-fos-model'}, {'category': 'Computer Science', 'source': 's2-fos-model'}, {'category': 'Political Science', 'source': 's2-fos-model'}]"
Surveilling Surveillance: Estimating the Prevalence of Surveillance Cameras with Street View Data,"Hao Sheng, Keniel Yao, Sharad Goel",2021,"AAAI/ACM Conference on AI, Ethics, and Society",10.1145/3461702.3462525,https://www.semanticscholar.org/paper/b609c4095777d0ecfd4d6d36964c4fe025acf64a,23,b609c4095777d0ecfd4d6d36964c4fe025acf64a,['Computer Science'],"[{'category': 'Computer Science', 'source': 'external'}, {'category': 'Computer Science', 'source': 's2-fos-model'}]"
Artificial Intelligence and the Purpose of Social Systems,"Sebastian Benthall, Jake Goldenfein",2021,"AAAI/ACM Conference on AI, Ethics, and Society",10.1145/3461702.3462526,https://www.semanticscholar.org/paper/d257492a35505b9cde4ea752636b770c989caf53,15,d257492a35505b9cde4ea752636b770c989caf53,['Computer Science'],"[{'category': 'Computer Science', 'source': 'external'}, {'category': 'Computer Science', 'source': 's2-fos-model'}, {'category': 'Philosophy', 'source': 's2-fos-model'}, {'category': 'Political Science', 'source': 's2-fos-model'}, {'category': 'Law', 'source': 's2-fos-model'}, {'category': 'Sociology', 'source': 's2-fos-model'}]"
Machine Learning Practices Outside Big Tech: How Resource Constraints Challenge Responsible Development,"Aspen K. Hopkins, S. Booth",2021,"AAAI/ACM Conference on AI, Ethics, and Society",10.1145/3461702.3462527,https://www.semanticscholar.org/paper/eeb5fcf21ec7353ae9254d72aa7942db965c1084,50,eeb5fcf21ec7353ae9254d72aa7942db965c1084,['Computer Science'],"[{'category': 'Computer Science', 'source': 'external'}, {'category': 'Computer Science', 'source': 's2-fos-model'}, {'category': 'Education', 'source': 's2-fos-model'}]"
Fairness and Data Protection Impact Assessments,"Atoosa Kasirzadeh, Damian Clifford",2021,"AAAI/ACM Conference on AI, Ethics, and Society",10.1145/3461702.3462528,https://www.semanticscholar.org/paper/c7431f474857a1dce80543ac807a87fc65042c44,9,c7431f474857a1dce80543ac807a87fc65042c44,['Computer Science'],"[{'category': 'Computer Science', 'source': 'external'}, {'category': 'Law', 'source': 's2-fos-model'}]"
Precarity: Modeling the Long Term Effects of Compounded Decisions on Individual Instability,"Pegah Nokhiz, Aravinda Kanchana Ruwanpathirana, Neal Patwari, S. Venkatasubramanian",2021,"AAAI/ACM Conference on AI, Ethics, and Society",10.1145/3461702.3462529,https://www.semanticscholar.org/paper/55a21252d35576d353539a5c1f313561c016494a,9,55a21252d35576d353539a5c1f313561c016494a,['Computer Science'],"[{'category': 'Computer Science', 'source': 'external'}, {'category': 'Economics', 'source': 's2-fos-model'}, {'category': 'Sociology', 'source': 's2-fos-model'}]"
Gender Bias and Under-Representation in Natural Language Processing Across Human Languages,"Abigail V. Matthews, Yan Chen, Christopher Mahoney, Isabella Grasso, Esma Wali, Abigail V. Matthews, Thomas Middleton, Mariama Njie, J. Matthews",2021,"AAAI/ACM Conference on AI, Ethics, and Society",10.1145/3461702.3462530,https://www.semanticscholar.org/paper/89d17b41448ab85a13931eb72482eb7017063199,37,89d17b41448ab85a13931eb72482eb7017063199,['Computer Science'],"[{'category': 'Computer Science', 'source': 'external'}, {'category': 'Linguistics', 'source': 's2-fos-model'}, {'category': 'Computer Science', 'source': 's2-fos-model'}]"
Algorithmic Hiring in Practice: Recruiter and HR Professional's Perspectives on AI Use in Hiring,"Lan Li, Tina B. Lassiter, Joohee Oh, Min Kyung Lee",2021,"AAAI/ACM Conference on AI, Ethics, and Society",10.1145/3461702.3462531,https://www.semanticscholar.org/paper/5b097aa90d1964e016b4d712f5d66b909d94dc22,107,5b097aa90d1964e016b4d712f5d66b909d94dc22,['Computer Science'],"[{'category': 'Computer Science', 'source': 'external'}, {'category': 'Computer Science', 'source': 's2-fos-model'}, {'category': 'Business', 'source': 's2-fos-model'}]"
Measuring Automated Influence: Between Empirical Evidence and Ethical Values,"Daniel Susser, Vincent Grimaldi",2021,"AAAI/ACM Conference on AI, Ethics, and Society",10.1145/3461702.3462532,https://www.semanticscholar.org/paper/68b61caaaeafbefcc7a6e460be354c395130351b,28,68b61caaaeafbefcc7a6e460be354c395130351b,['Computer Science'],"[{'category': 'Computer Science', 'source': 'external'}, {'category': 'Computer Science', 'source': 's2-fos-model'}, {'category': 'Political Science', 'source': 's2-fos-model'}, {'category': 'Philosophy', 'source': 's2-fos-model'}]"
"Blacklists and Redlists in the Chinese Social Credit System: Diversity, Flexibility, and Comprehensiveness","Severin Engelmann, Mo Chen, Lorenz Dang, Jens Grossklags",2021,"AAAI/ACM Conference on AI, Ethics, and Society",10.1145/3461702.3462535,https://www.semanticscholar.org/paper/4c78bc9ece7a834e41dfa77c708b0b81ae0cfd4a,26,4c78bc9ece7a834e41dfa77c708b0b81ae0cfd4a,['Computer Science'],"[{'category': 'Computer Science', 'source': 'external'}, {'category': 'Sociology', 'source': 's2-fos-model'}, {'category': 'Law', 'source': 's2-fos-model'}, {'category': 'Economics', 'source': 's2-fos-model'}]"
Co-design and Ethical Artificial Intelligence for Health: Myths and Misconceptions,"Joseph Donia, J. Shaw",2021,"AAAI/ACM Conference on AI, Ethics, and Society",10.1145/3461702.3462537,https://www.semanticscholar.org/paper/b8b20d4cef6d4b5c4cdd22f5c4af656f702456e2,11,b8b20d4cef6d4b5c4cdd22f5c4af656f702456e2,['Computer Science'],"[{'category': 'Computer Science', 'source': 'external'}, {'category': 'Medicine', 'source': 's2-fos-model'}, {'category': 'Computer Science', 'source': 's2-fos-model'}, {'category': 'Philosophy', 'source': 's2-fos-model'}]"
On the Validity of Arrest as a Proxy for Offense: Race and the Likelihood of Arrest for Violent Crimes,"Riccardo Fogliato, Alice Xiang, Zachary C. Lipton, D. Nagin, Alexandra Chouldechova",2021,"AAAI/ACM Conference on AI, Ethics, and Society",10.1145/3461702.3462538,https://www.semanticscholar.org/paper/819feafe5071816b96e75a99b8eae95980a9e956,44,819feafe5071816b96e75a99b8eae95980a9e956,"['Computer Science', 'Mathematics']","[{'category': 'Computer Science', 'source': 'external'}, {'category': 'Mathematics', 'source': 'external'}, {'category': 'Law', 'source': 's2-fos-model'}, {'category': 'Sociology', 'source': 's2-fos-model'}]"
Hard Choices and Hard Limits in Artificial Intelligence,B. Goodman,2021,"AAAI/ACM Conference on AI, Ethics, and Society",10.1145/3461702.3462539,https://www.semanticscholar.org/paper/b0131dc02b155d10557017dcd9b338922a09cabe,5,b0131dc02b155d10557017dcd9b338922a09cabe,['Computer Science'],"[{'category': 'Computer Science', 'source': 'external'}, {'category': 'Computer Science', 'source': 's2-fos-model'}, {'category': 'Philosophy', 'source': 's2-fos-model'}]"
Fairness for Unobserved Characteristics: Insights from Technological Impacts on Queer Communities,"Nenad Tomasev, Kevin R. McKee, J. Kay, Shakir Mohamed",2021,"AAAI/ACM Conference on AI, Ethics, and Society",10.1145/3461702.3462540,https://www.semanticscholar.org/paper/4dee62e432150b49d210d6776f55610b2283105d,105,4dee62e432150b49d210d6776f55610b2283105d,"['Computer Science', 'Sociology']","[{'category': 'Computer Science', 'source': 'external'}, {'category': 'Sociology', 'source': 'external'}, {'category': 'Computer Science', 'source': 's2-fos-model'}, {'category': 'Sociology', 'source': 's2-fos-model'}]"
Do Humans Trust Advice More if it Comes from AI?: An Analysis of Human-AI Interactions,"Kailas Vodrahalli, Tobias Gerstenberg, James Zou",2021,"AAAI/ACM Conference on AI, Ethics, and Society",10.1145/3514094.3534150,https://www.semanticscholar.org/paper/dcd7b6783ebdd1bab79db08027d18d950d6e7fd8,79,dcd7b6783ebdd1bab79db08027d18d950d6e7fd8,['Computer Science'],"[{'category': 'Computer Science', 'source': 'external'}, {'category': 'Computer Science', 'source': 's2-fos-model'}, {'category': 'Psychology', 'source': 's2-fos-model'}]"
FairCanary: Rapid Continuous Explainable Fairness,"Avijit Ghosh, Aalok Shanbhag",2021,"AAAI/ACM Conference on AI, Ethics, and Society",10.1145/3514094.3534157,https://www.semanticscholar.org/paper/dee1abc2ade192a01cd32f89a02eb1746bfb9ba1,24,dee1abc2ade192a01cd32f89a02eb1746bfb9ba1,['Computer Science'],"[{'category': 'Computer Science', 'source': 'external'}, {'category': 'Computer Science', 'source': 's2-fos-model'}]"
Select Wisely and Explain: Active Learning and Probabilistic Local Post-hoc Explainability,"Aditya Saini, Ranjitha Prasad",2021,"AAAI/ACM Conference on AI, Ethics, and Society",10.1145/3514094.3534191,https://www.semanticscholar.org/paper/d19ed42fd63f6d09a7d9dd8ab9f025943fd0c823,17,d19ed42fd63f6d09a7d9dd8ab9f025943fd0c823,['Computer Science'],"[{'category': 'Computer Science', 'source': 'external'}, {'category': 'Computer Science', 'source': 's2-fos-model'}]"
User Tampering in Reinforcement Learning Recommender Systems,"Atoosa Kasirzadeh, Charles Evans",2021,"AAAI/ACM Conference on AI, Ethics, and Society",10.1145/3600211.3604669,https://www.semanticscholar.org/paper/d31b107211eda7c40e228f47c544690616c5ed79,48,d31b107211eda7c40e228f47c544690616c5ed79,['Computer Science'],"[{'category': 'Computer Science', 'source': 'external'}, {'category': 'Computer Science', 'source': 's2-fos-model'}]"
Artificial Intelligence in the Government: Responses to Failures and Social Impact,"Chiara Longoni, Luca Cian, Ellie J. Kyung",2022,"AAAI/ACM Conference on AI, Ethics, and Society",10.1145/3514094.3534125,https://www.semanticscholar.org/paper/a68fdf1417ffd031d1ce83f7c57c1d6d247c0c13,3,a68fdf1417ffd031d1ce83f7c57c1d6d247c0c13,['Computer Science'],"[{'category': 'Computer Science', 'source': 'external'}, {'category': 'Computer Science', 'source': 's2-fos-model'}, {'category': 'Political Science', 'source': 's2-fos-model'}, {'category': 'Psychology', 'source': 's2-fos-model'}]"
A Bio-Inspired Framework for Machine Bias Interpretation,"J. Robertson, Catherine Stinson, T. Hu",2022,"AAAI/ACM Conference on AI, Ethics, and Society",10.1145/3514094.3534126,https://www.semanticscholar.org/paper/ba3f6856aed8182df819db4c0e5b384401eeee94,5,ba3f6856aed8182df819db4c0e5b384401eeee94,['Computer Science'],"[{'category': 'Computer Science', 'source': 'external'}, {'category': 'Computer Science', 'source': 's2-fos-model'}, {'category': 'Biology', 'source': 's2-fos-model'}]"
A Dynamic Decision-Making Framework Promoting Long-Term Fairness,"Bhagyashree Puranik, U. Madhow, Ramtin Pedarsani",2022,"AAAI/ACM Conference on AI, Ethics, and Society",10.1145/3514094.3534127,https://www.semanticscholar.org/paper/699012b173705af22ada083dce3ed016769746b8,10,699012b173705af22ada083dce3ed016769746b8,['Computer Science'],"[{'category': 'Computer Science', 'source': 'external'}, {'category': 'Computer Science', 'source': 's2-fos-model'}, {'category': 'Economics', 'source': 's2-fos-model'}]"
A Meta-Analysis of the Utility of Explainable Artificial Intelligence in Human-AI Decision-Making,"Max Schemmer, Patrick Hemmer, Maximilian Nitsche, Niklas Kuhl, Michael Vossing",2022,"AAAI/ACM Conference on AI, Ethics, and Society",10.1145/3514094.3534128,https://www.semanticscholar.org/paper/028b243cf4af9ce5f48b7e851b5d79b2265cac8a,76,028b243cf4af9ce5f48b7e851b5d79b2265cac8a,['Computer Science'],"[{'category': 'Computer Science', 'source': 'external'}, {'category': 'Computer Science', 'source': 's2-fos-model'}]"
A Model for Governing Information Sharing in Smart Assistants,"Xiao Zhan, Ştefan Sarkadi, N. Criado, J. Such",2022,"AAAI/ACM Conference on AI, Ethics, and Society",10.1145/3514094.3534129,https://www.semanticscholar.org/paper/46e77671f66303b9d4c971c026c90b9b173aebcd,17,46e77671f66303b9d4c971c026c90b9b173aebcd,['Computer Science'],"[{'category': 'Computer Science', 'source': 'external'}, {'category': 'Computer Science', 'source': 's2-fos-model'}]"
A Penalty Default Approach to Preemptive Harm Disclosure and Mitigation for AI Systems,"Rui-Jie Yew, Dylan Hadfield-Menell",2022,"AAAI/ACM Conference on AI, Ethics, and Society",10.1145/3514094.3534130,https://www.semanticscholar.org/paper/5cf0dbc77300c831def249e6995bb60ccc3e9555,3,5cf0dbc77300c831def249e6995bb60ccc3e9555,['Computer Science'],"[{'category': 'Computer Science', 'source': 'external'}, {'category': 'Computer Science', 'source': 's2-fos-model'}, {'category': 'Law', 'source': 's2-fos-model'}]"
Achievement and Fragility of Long-term Equitability,"Andrea Simonetto, Ivano Notarnicola",2022,"AAAI/ACM Conference on AI, Ethics, and Society",10.1145/3514094.3534132,https://www.semanticscholar.org/paper/5d17ee97bc6d69f85b2a442b85b5176eea6cb19a,1,5d17ee97bc6d69f85b2a442b85b5176eea6cb19a,"['Mathematics', 'Computer Science']","[{'category': 'Mathematics', 'source': 'external'}, {'category': 'Computer Science', 'source': 'external'}, {'category': 'Computer Science', 'source': 's2-fos-model'}, {'category': 'Economics', 'source': 's2-fos-model'}]"
Actual Causality and Responsibility Attribution in Decentralized Partially Observable Markov Decision Processes,"Stelios Triantafyllou, A. Singla, Goran Radanovic",2022,"AAAI/ACM Conference on AI, Ethics, and Society",10.1145/3514094.3534133,https://www.semanticscholar.org/paper/f5cb5a369b1e82a5b31c99250b86d7b4c294a8bb,14,f5cb5a369b1e82a5b31c99250b86d7b4c294a8bb,['Computer Science'],"[{'category': 'Computer Science', 'source': 'external'}, {'category': 'Computer Science', 'source': 's2-fos-model'}]"
Aegis: An Agent for Multi-party Privacy Preservation,"Rim Ben Salem, Esma Aïmeur, H. Hage",2022,"AAAI/ACM Conference on AI, Ethics, and Society",10.1145/3514094.3534134,https://www.semanticscholar.org/paper/5fc87e4ef121097ea5703926ac7dccd1de833c50,4,5fc87e4ef121097ea5703926ac7dccd1de833c50,['Computer Science'],"[{'category': 'Computer Science', 'source': 'external'}, {'category': 'Computer Science', 'source': 's2-fos-model'}]"
American == White in Multimodal Language-and-Image AI,"R. Wolfe, Aylin Caliskan",2022,"AAAI/ACM Conference on AI, Ethics, and Society",10.1145/3514094.3534136,https://www.semanticscholar.org/paper/b04493c0865c166d00f65bb78f6476b466bbe512,57,b04493c0865c166d00f65bb78f6476b466bbe512,['Computer Science'],"[{'category': 'Computer Science', 'source': 'external'}, {'category': 'Computer Science', 'source': 's2-fos-model'}, {'category': 'Psychology', 'source': 's2-fos-model'}, {'category': 'Sociology', 'source': 's2-fos-model'}]"
An Ontology for Fairness Metrics,"Jade S. Franklin, Karan Bhanot, Mohamed F. Ghalwash, Kristin P. Bennett, Jamie McCusker, Deborah L. McGuinness",2022,"AAAI/ACM Conference on AI, Ethics, and Society",10.1145/3514094.3534137,https://www.semanticscholar.org/paper/87d7c4ba8ea7dc2222502f9d43ab39fdf5482811,33,87d7c4ba8ea7dc2222502f9d43ab39fdf5482811,['Computer Science'],"[{'category': 'Computer Science', 'source': 'external'}, {'category': 'Computer Science', 'source': 's2-fos-model'}]"
Artificial Concepts of Artificial Intelligence: Institutional Compliance and Resistance in AI Startups,"Amy A. Winecoff, E. A. Watkins",2022,"AAAI/ACM Conference on AI, Ethics, and Society",10.1145/3514094.3534138,https://www.semanticscholar.org/paper/b79eac48959658bd75ff72aaace9edb7fe54f9bf,22,b79eac48959658bd75ff72aaace9edb7fe54f9bf,['Computer Science'],"[{'category': 'Computer Science', 'source': 'external'}, {'category': 'Computer Science', 'source': 's2-fos-model'}, {'category': 'Business', 'source': 's2-fos-model'}, {'category': 'Sociology', 'source': 's2-fos-model'}]"
Artificial Moral Advisors: A New Perspective from Moral Psychology,"Yuxin Liu, Adam B. Moore, Jamie Webb, Shannon Vallor",2022,"AAAI/ACM Conference on AI, Ethics, and Society",10.1145/3514094.3534139,https://www.semanticscholar.org/paper/e318ef8e115e44d2ac03549ea7f3fbb6c1bf09f7,16,e318ef8e115e44d2ac03549ea7f3fbb6c1bf09f7,['Computer Science'],"[{'category': 'Computer Science', 'source': 'external'}, {'category': 'Philosophy', 'source': 's2-fos-model'}]"
Causal Framework of Artificial Autonomous Agent Responsibility,"Matija Franklin, Hal Ashton, E. Awad, D. Lagnado",2022,"AAAI/ACM Conference on AI, Ethics, and Society",10.1145/3514094.3534140,https://www.semanticscholar.org/paper/924b37bc1539058e3f4341958febbd55534a814f,20,924b37bc1539058e3f4341958febbd55534a814f,['Computer Science'],"[{'category': 'Computer Science', 'source': 'external'}, {'category': 'Computer Science', 'source': 's2-fos-model'}]"
Civil War Twin: Exploring Ethical Challenges in Designing an Educational Face Recognition Application,"Manisha Kusuma, V. Mohanty, M. Wang, Kurt Luther",2022,"AAAI/ACM Conference on AI, Ethics, and Society",10.1145/3514094.3534141,https://www.semanticscholar.org/paper/f1139bfabd229a366f0eb47ef66f5707177cf91b,7,f1139bfabd229a366f0eb47ef66f5707177cf91b,['Computer Science'],"[{'category': 'Computer Science', 'source': 'external'}, {'category': 'Computer Science', 'source': 's2-fos-model'}, {'category': 'Education', 'source': 's2-fos-model'}, {'category': 'History', 'source': 's2-fos-model'}]"
"Towards Better Detection of Biased Language with Scarce, Noisy, and Biased Annotations","Zhuoyan Li, Zhuoran Lu, Ming Yin",2022,"AAAI/ACM Conference on AI, Ethics, and Society",10.1145/3514094.3534142,https://www.semanticscholar.org/paper/12a7bd7b3c129015bdf57800f4cb3a8cba0f53a0,12,12a7bd7b3c129015bdf57800f4cb3a8cba0f53a0,['Computer Science'],"[{'category': 'Computer Science', 'source': 'external'}, {'category': 'Computer Science', 'source': 's2-fos-model'}, {'category': 'Linguistics', 'source': 's2-fos-model'}]"
Contrastive Counterfactual Fairness in Algorithmic Decision-Making,"Ecem Mutlu, Niloofar Yousefi, O. Garibay",2022,"AAAI/ACM Conference on AI, Ethics, and Society",10.1145/3514094.3534143,https://www.semanticscholar.org/paper/7c56ff2757bee50501687265bd617df29d17743b,11,7c56ff2757bee50501687265bd617df29d17743b,['Computer Science'],"[{'category': 'Computer Science', 'source': 'external'}, {'category': 'Computer Science', 'source': 's2-fos-model'}, {'category': 'Philosophy', 'source': 's2-fos-model'}]"
Counterfactual Explanations for Prediction and Diagnosis in XAI,"Xinyue Dai, Mark T. Keane, L. Shalloo, E. Ruelle, R. Byrne",2022,"AAAI/ACM Conference on AI, Ethics, and Society",10.1145/3514094.3534144,https://www.semanticscholar.org/paper/9345c40a23b6fe15e2fe9af5c2d029fd28f8c4ef,46,9345c40a23b6fe15e2fe9af5c2d029fd28f8c4ef,['Computer Science'],"[{'category': 'Computer Science', 'source': 'external'}, {'category': 'Computer Science', 'source': 's2-fos-model'}]"
Crowdsourcing Impacts: Exploring the Utility of Crowds for Anticipating Societal Impacts of Algorithmic Decision Making,"J. Barnett, N. Diakopoulos",2022,"AAAI/ACM Conference on AI, Ethics, and Society",10.1145/3514094.3534145,https://www.semanticscholar.org/paper/3ff45bd481b0898e00519cf18fc42afef2fcc701,15,3ff45bd481b0898e00519cf18fc42afef2fcc701,['Computer Science'],"[{'category': 'Computer Science', 'source': 'external'}, {'category': 'Computer Science', 'source': 's2-fos-model'}, {'category': 'Sociology', 'source': 's2-fos-model'}]"
Current and Near-Term AI as a Potential Existential Risk Factor,"Benjamin S. Bucknall, Shiri Dori-Hacohen",2022,"AAAI/ACM Conference on AI, Ethics, and Society",10.1145/3514094.3534146,https://www.semanticscholar.org/paper/5f597c8ac2d1a033c1cbc78511177be29f336dee,45,5f597c8ac2d1a033c1cbc78511177be29f336dee,['Computer Science'],"[{'category': 'Computer Science', 'source': 'external'}, {'category': 'Philosophy', 'source': 's2-fos-model'}, {'category': 'Computer Science', 'source': 's2-fos-model'}, {'category': 'Political Science', 'source': 's2-fos-model'}]"
Data-Centric Factors in Algorithmic Fairness,"Nianyun Li, Naman Goel, Elliott Ash",2022,"AAAI/ACM Conference on AI, Ethics, and Society",10.1145/3514094.3534147,https://www.semanticscholar.org/paper/53e17004e1dde9a2a5193a9c77ff0ec3868e90f3,18,53e17004e1dde9a2a5193a9c77ff0ec3868e90f3,['Computer Science'],"[{'category': 'Computer Science', 'source': 'external'}, {'category': 'Computer Science', 'source': 's2-fos-model'}, {'category': 'Law', 'source': 's2-fos-model'}]"
DIME: Fine-grained Interpretations of Multimodal Models via Disentangled Local Explanations,"Yiwei Lyu, Paul Pu Liang, Zihao Deng, R. Salakhutdinov, Louis-philippe Morency",2022,"AAAI/ACM Conference on AI, Ethics, and Society",10.1145/3514094.3534148,https://www.semanticscholar.org/paper/0fc5cd83fcc493a764b6b8ab8496a40f46d130d8,52,0fc5cd83fcc493a764b6b8ab8496a40f46d130d8,['Computer Science'],"[{'category': 'Computer Science', 'source': 'external'}, {'category': 'Computer Science', 'source': 's2-fos-model'}]"
Diversity by Design?: Balancing the Inclusion and Protection of Users in an Online Social Platform,"P. Helm, Loizos Michael, Laura Schelenz",2022,"AAAI/ACM Conference on AI, Ethics, and Society",10.1145/3514094.3534149,https://www.semanticscholar.org/paper/ee6e5974f6d5d155444939d017ee52e6eddb5e36,14,ee6e5974f6d5d155444939d017ee52e6eddb5e36,['Computer Science'],"[{'category': 'Computer Science', 'source': 'external'}, {'category': 'Sociology', 'source': 's2-fos-model'}, {'category': 'Computer Science', 'source': 's2-fos-model'}]"
"Does AI De-Bias Recruitment?: Race, Gender, and AI's 'Eradication of Differences Between Groups'","Eleanor Drage, Kerry Mackereth",2022,"AAAI/ACM Conference on AI, Ethics, and Society",10.1145/3514094.3534151,https://www.semanticscholar.org/paper/699d42cb3ad25bb643580c5f95df7faf1e338fe8,5,699d42cb3ad25bb643580c5f95df7faf1e338fe8,['Computer Science'],"[{'category': 'Computer Science', 'source': 'external'}, {'category': 'Sociology', 'source': 's2-fos-model'}, {'category': 'Business', 'source': 's2-fos-model'}]"
Dynamic Fleet Management and Household Feedback for Garbage Collection,M. Aleksandrov,2022,"AAAI/ACM Conference on AI, Ethics, and Society",10.1145/3514094.3534152,https://www.semanticscholar.org/paper/90ef5f7cd5e127aa53739ca19e6ec889192a50a1,2,90ef5f7cd5e127aa53739ca19e6ec889192a50a1,['Computer Science'],"[{'category': 'Computer Science', 'source': 'external'}, {'category': 'Environmental Science', 'source': 's2-fos-model'}, {'category': 'Computer Science', 'source': 's2-fos-model'}, {'category': 'Engineering', 'source': 's2-fos-model'}]"
Enhancing Fairness in Face Detection in Computer Vision Systems by Demographic Bias Mitigation,"Yu Yang, Aayush Gupta, Jianfeng Feng, Prateek Singhal, Vivek Yadav, Yue Wu, P. Natarajan, Varsha Hedau, Jungseock Joo",2022,"AAAI/ACM Conference on AI, Ethics, and Society",10.1145/3514094.3534153,https://www.semanticscholar.org/paper/e1d53567b15d50cc1f58729083cbff0460cd395b,35,e1d53567b15d50cc1f58729083cbff0460cd395b,['Computer Science'],"[{'category': 'Computer Science', 'source': 'external'}, {'category': 'Computer Science', 'source': 's2-fos-model'}]"
Equalizing Credit Opportunity in Algorithms: Aligning Algorithmic Fairness Research with U.S. Fair Lending Regulation,"Indra Elizabeth Kumar, Keegan E. Hines, John P. Dickerson",2022,"AAAI/ACM Conference on AI, Ethics, and Society",10.1145/3514094.3534154,https://www.semanticscholar.org/paper/3292daf27638b9ef80a160b7166eb87248a8ad9a,30,3292daf27638b9ef80a160b7166eb87248a8ad9a,['Computer Science'],"[{'category': 'Computer Science', 'source': 'external'}, {'category': 'Law', 'source': 's2-fos-model'}, {'category': 'Computer Science', 'source': 's2-fos-model'}, {'category': 'Economics', 'source': 's2-fos-model'}]"
Examining Responsibility and Deliberation in AI Impact Statements and Ethics Reviews,"David Liu, Priyanka Nanayakkara, Sarah Ariyan Sakha, Grace Abuhamad, Su Lin Blodgett, N. Diakopoulos, J. Hullman, Tina Eliassi-Rad",2022,"AAAI/ACM Conference on AI, Ethics, and Society",10.1145/3514094.3534155,https://www.semanticscholar.org/paper/7f4abd9586d23eb59ad51693d84368152d6c4cf0,16,7f4abd9586d23eb59ad51693d84368152d6c4cf0,['Computer Science'],"[{'category': 'Computer Science', 'source': 'external'}, {'category': 'Computer Science', 'source': 's2-fos-model'}, {'category': 'Philosophy', 'source': 's2-fos-model'}]"
Explainability's Gain is Optimality's Loss?: How Explanations Bias Decision-making,"Charley L. Wan, Rodrigo Belo, Leid Zejnilovic",2022,"AAAI/ACM Conference on AI, Ethics, and Society",10.1145/3514094.3534156,https://www.semanticscholar.org/paper/2b691b4e83da08e9cf885158f1659fdb59313228,5,2b691b4e83da08e9cf885158f1659fdb59313228,['Computer Science'],"[{'category': 'Computer Science', 'source': 'external'}, {'category': 'Computer Science', 'source': 's2-fos-model'}, {'category': 'Psychology', 'source': 's2-fos-model'}, {'category': 'Business', 'source': 's2-fos-model'}]"
Fairness in Agreement With European Values: An Interdisciplinary Perspective on AI Regulation,"A. Colmenarejo, Luca Nannini, Alisa Rieger, Kristen M. Scott, Xuan Zhao, Gourab K. Patro, Gjergji Kasneci, K. Kinder-Kurlanda",2022,"AAAI/ACM Conference on AI, Ethics, and Society",10.1145/3514094.3534158,https://www.semanticscholar.org/paper/97fdcd32fde4b43b82b57977110bb4a95d25cf38,20,97fdcd32fde4b43b82b57977110bb4a95d25cf38,['Computer Science'],"[{'category': 'Computer Science', 'source': 'external'}, {'category': 'Law', 'source': 's2-fos-model'}, {'category': 'Political Science', 'source': 's2-fos-model'}, {'category': 'Computer Science', 'source': 's2-fos-model'}, {'category': 'Sociology', 'source': 's2-fos-model'}]"
Fairness via Explanation Quality: Evaluating Disparities in the Quality of Post hoc Explanations,"Jessica Dai, Sohini Upadhyay, U. Aïvodji, Stephen H. Bach, Himabindu Lakkaraju",2022,"AAAI/ACM Conference on AI, Ethics, and Society",10.1145/3514094.3534159,https://www.semanticscholar.org/paper/0ab86748d7c5b40653c9630f85d424b8f3723a17,65,0ab86748d7c5b40653c9630f85d424b8f3723a17,['Computer Science'],"[{'category': 'Computer Science', 'source': 'external'}, {'category': 'Psychology', 'source': 's2-fos-model'}]"
FINS Auditing Framework: Group Fairness for Subset Selections,"Kathleen Cachel, Elke A. Rundensteiner",2022,"AAAI/ACM Conference on AI, Ethics, and Society",10.1145/3514094.3534160,https://www.semanticscholar.org/paper/b4ef37fdaeb4be4b1a12d07314c0aa93961c4d4c,6,b4ef37fdaeb4be4b1a12d07314c0aa93961c4d4c,['Computer Science'],"[{'category': 'Computer Science', 'source': 'external'}, {'category': 'Computer Science', 'source': 's2-fos-model'}]"
From Coded Bias to Existential Threat: Expert Frames and the Epistemic Politics of AI Governance,Hendrik Schopmans,2022,"AAAI/ACM Conference on AI, Ethics, and Society",10.1145/3514094.3534161,https://www.semanticscholar.org/paper/3ba58b32bfa51ee5cebb0b2cde2a82a2326927d8,14,3ba58b32bfa51ee5cebb0b2cde2a82a2326927d8,['Computer Science'],"[{'category': 'Computer Science', 'source': 'external'}, {'category': 'Political Science', 'source': 's2-fos-model'}, {'category': 'Computer Science', 'source': 's2-fos-model'}, {'category': 'Sociology', 'source': 's2-fos-model'}]"
"Gender Bias in Word Embeddings: A Comprehensive Analysis of Frequency, Syntax, and Semantics","Aylin Caliskan, Pimparkar Parth Ajay, Tessa E. S. Charlesworth, R. Wolfe, M. Banaji",2022,"AAAI/ACM Conference on AI, Ethics, and Society",10.1145/3514094.3534162,https://www.semanticscholar.org/paper/0f72e329d3b0f1cfe388d102ef5fec0677ac7558,74,0f72e329d3b0f1cfe388d102ef5fec0677ac7558,['Computer Science'],"[{'category': 'Computer Science', 'source': 'external'}, {'category': 'Computer Science', 'source': 's2-fos-model'}, {'category': 'Linguistics', 'source': 's2-fos-model'}]"
Generating Deontic Obligations From Utility-Maximizing Systems,"Colin Shea-Blymyer, Houssam Abbas",2022,"AAAI/ACM Conference on AI, Ethics, and Society",10.1145/3514094.3534163,https://www.semanticscholar.org/paper/8ea9bbad22f6c4c154d76ebfa7a56893f86f850f,4,8ea9bbad22f6c4c154d76ebfa7a56893f86f850f,['Computer Science'],"[{'category': 'Computer Science', 'source': 'external'}, {'category': 'Computer Science', 'source': 's2-fos-model'}, {'category': 'Philosophy', 'source': 's2-fos-model'}]"
How Cognitive Biases Affect XAI-assisted Decision-making: A Systematic Review,"Astrid Bertrand, Rafik Belloum, Winston Maxwell, James R. Eagan",2022,"AAAI/ACM Conference on AI, Ethics, and Society",10.1145/3514094.3534164,https://www.semanticscholar.org/paper/5b7916ad1672695dc8c6fc422274bfcd1968a25e,134,5b7916ad1672695dc8c6fc422274bfcd1968a25e,['Computer Science'],"[{'category': 'Computer Science', 'source': 'external'}, {'category': 'Computer Science', 'source': 's2-fos-model'}, {'category': 'Psychology', 'source': 's2-fos-model'}]"
How Does Predictive Information Affect Human Ethical Preferences?,"Saumik Narayanan, Guanghui Yu, Wei Tang, Chien-Ju Ho, Ming Yin",2022,"AAAI/ACM Conference on AI, Ethics, and Society",10.1145/3514094.3534165,https://www.semanticscholar.org/paper/6e695b010cba5a7f2d6b836032cda5d105291c34,6,6e695b010cba5a7f2d6b836032cda5d105291c34,['Computer Science'],"[{'category': 'Computer Science', 'source': 'external'}, {'category': 'Computer Science', 'source': 's2-fos-model'}, {'category': 'Philosophy', 'source': 's2-fos-model'}]"
"How Algorithms Shape the Distribution of Political Advertising: Case Studies of Facebook, Google, and TikTok","Orestis Papakyriakopoulos, Christelle Tessono, Arvind Narayanan, M. Kshirsagar",2022,"AAAI/ACM Conference on AI, Ethics, and Society",10.1145/3514094.3534166,https://www.semanticscholar.org/paper/dedae15c404b87b77c2c591f6798d8e2c7e3027a,24,dedae15c404b87b77c2c591f6798d8e2c7e3027a,['Computer Science'],"[{'category': 'Computer Science', 'source': 'external'}, {'category': 'Political Science', 'source': 's2-fos-model'}, {'category': 'Computer Science', 'source': 's2-fos-model'}]"
How Open Source Machine Learning Software Shapes AI,"Max Langenkamp, Daniel N. Yue",2022,"AAAI/ACM Conference on AI, Ethics, and Society",10.1145/3514094.3534167,https://www.semanticscholar.org/paper/2c119f63cf0aba186b93de3e26aaca2f499c65b0,40,2c119f63cf0aba186b93de3e26aaca2f499c65b0,['Computer Science'],"[{'category': 'Computer Science', 'source': 'external'}, {'category': 'Computer Science', 'source': 's2-fos-model'}]"
Human Autonomy in Algorithmic Management,"C. Unruh, Charlotte Haid, J. Fottner, Tim Büthe",2022,"AAAI/ACM Conference on AI, Ethics, and Society",10.1145/3514094.3534168,https://www.semanticscholar.org/paper/448e1abd8c730b52b3fcc30cd65cf87c6180629f,11,448e1abd8c730b52b3fcc30cd65cf87c6180629f,['Computer Science'],"[{'category': 'Computer Science', 'source': 'external'}, {'category': 'Computer Science', 'source': 's2-fos-model'}, {'category': 'Business', 'source': 's2-fos-model'}, {'category': 'Philosophy', 'source': 's2-fos-model'}]"
Identifying Bias in Data Using Two-Distribution Hypothesis Tests,"William Yik, Limnanthes Serafini, Timothy Lindsey, George D. Montañez",2022,"AAAI/ACM Conference on AI, Ethics, and Society",10.1145/3514094.3534169,https://www.semanticscholar.org/paper/198136a8b09dcfe2d28a59127415435bd7066110,6,198136a8b09dcfe2d28a59127415435bd7066110,['Computer Science'],"[{'category': 'Computer Science', 'source': 'external'}, {'category': 'Computer Science', 'source': 's2-fos-model'}]"
Investigating Debiasing Effects on Classification and Explainability,"Marta Marchiori Manerba, Riccardo Guidotti",2022,"AAAI/ACM Conference on AI, Ethics, and Society",10.1145/3514094.3534170,https://www.semanticscholar.org/paper/a4a111c37e42c84805051b1b0740ec1c7e683992,7,a4a111c37e42c84805051b1b0740ec1c7e683992,['Computer Science'],"[{'category': 'Computer Science', 'source': 'external'}, {'category': 'Computer Science', 'source': 's2-fos-model'}]"
Judging Instinct Exploitation in Statistical Data Explanations Based on Word Embedding,"Kang Zhang, Hiroaki Shinden, Tatsuki Mutsuro, Einoshin Suzuki",2022,"AAAI/ACM Conference on AI, Ethics, and Society",10.1145/3514094.3534171,https://www.semanticscholar.org/paper/fb55ea303c4328ac052e26d2d247fc0ca8b97c3e,1,fb55ea303c4328ac052e26d2d247fc0ca8b97c3e,['Computer Science'],"[{'category': 'Computer Science', 'source': 'external'}, {'category': 'Computer Science', 'source': 's2-fos-model'}]"
Learning Fairer Interventions,"Yuzi He, K. Burghardt, Siyi Guo, Kristina Lerman",2022,"AAAI/ACM Conference on AI, Ethics, and Society",10.1145/3514094.3534172,https://www.semanticscholar.org/paper/b04403ee5d4d1e3ddb1921e9a525f19c6b5732dc,2,b04403ee5d4d1e3ddb1921e9a525f19c6b5732dc,['Computer Science'],"[{'category': 'Computer Science', 'source': 'external'}, {'category': 'Economics', 'source': 's2-fos-model'}, {'category': 'Computer Science', 'source': 's2-fos-model'}]"
Long-term Dynamics of Fairness Intervention in Connection Recommender Systems,"Nil-Jana Akpinar, Cyrus DiCiccio, Preetam Nandy, Kinjal Basu",2022,"AAAI/ACM Conference on AI, Ethics, and Society",10.1145/3514094.3534173,https://www.semanticscholar.org/paper/ac62160aa7c45a7aa8104775df5e6d17f48b40c3,20,ac62160aa7c45a7aa8104775df5e6d17f48b40c3,['Computer Science'],"[{'category': 'Computer Science', 'source': 'external'}, {'category': 'Computer Science', 'source': 's2-fos-model'}]"
Making Human-Like Moral Decisions,"A. Loreggia, N. Mattei, Taher Rahgooy, F. Rossi, Biplav Srivastava, K. Venable",2022,"AAAI/ACM Conference on AI, Ethics, and Society",10.1145/3514094.3534174,https://www.semanticscholar.org/paper/3d15dcdd0e6480366d52df0bd23a2bfed3418f30,11,3d15dcdd0e6480366d52df0bd23a2bfed3418f30,['Computer Science'],"[{'category': 'Computer Science', 'source': 'external'}, {'category': 'Computer Science', 'source': 's2-fos-model'}, {'category': 'Philosophy', 'source': 's2-fos-model'}]"
Managing Sustainability Tensions in Artificial Intelligence: Insights from Paradox Theory,"Eleanor Mill, Wolfgang Garn, Nick F. Ryman-Tubb",2022,"AAAI/ACM Conference on AI, Ethics, and Society",10.1145/3514094.3534175,https://www.semanticscholar.org/paper/520782ccd8559ea3f72adc3568d3abfad0a78d63,13,520782ccd8559ea3f72adc3568d3abfad0a78d63,['Computer Science'],"[{'category': 'Computer Science', 'source': 'external'}, {'category': 'Environmental Science', 'source': 's2-fos-model'}, {'category': 'Computer Science', 'source': 's2-fos-model'}]"
Measuring Gender Bias in Word Embeddings of Gendered Languages Requires Disentangling Grammatical Gender Signals,"Shiva Omrani Sabbaghi, Aylin Caliskan",2022,"AAAI/ACM Conference on AI, Ethics, and Society",10.1145/3514094.3534176,https://www.semanticscholar.org/paper/cb8a84f9cdb5dceb104d4dde37897ca1964acd80,17,cb8a84f9cdb5dceb104d4dde37897ca1964acd80,['Computer Science'],"[{'category': 'Computer Science', 'source': 'external'}, {'category': 'Linguistics', 'source': 's2-fos-model'}, {'category': 'Computer Science', 'source': 's2-fos-model'}]"
Mimetic Models: Ethical Implications of AI that Acts Like You,"Reid McIlroy-Young, J. Kleinberg, S. Sen, Solon Barocas, Ashton Anderson",2022,"AAAI/ACM Conference on AI, Ethics, and Society",10.1145/3514094.3534177,https://www.semanticscholar.org/paper/14a797972c3a7045c8449f20d524234ffc36bf24,25,14a797972c3a7045c8449f20d524234ffc36bf24,['Computer Science'],"[{'category': 'Computer Science', 'source': 'external'}, {'category': 'Computer Science', 'source': 's2-fos-model'}, {'category': 'Philosophy', 'source': 's2-fos-model'}]"
Multi-CoPED: A Multilingual Multi-Task Approach for Coding Political Event Data on Conflict and Mediation Domain,"Erick Skorupa Parolin, Mohammad Javad Hosseini, Yibo Hu, Latif Khan, Patrick T. Brandt, Javier Osorio, Vito D'Orazio",2022,"AAAI/ACM Conference on AI, Ethics, and Society",10.1145/3514094.3534178,https://www.semanticscholar.org/paper/ee5dcdbd21ff8e1f071d2d89f217e5d4c9efe148,10,ee5dcdbd21ff8e1f071d2d89f217e5d4c9efe148,['Computer Science'],"[{'category': 'Computer Science', 'source': 'external'}, {'category': 'Political Science', 'source': 's2-fos-model'}, {'category': 'Computer Science', 'source': 's2-fos-model'}]"
Ordinary People as Moral Heroes and Foes: Digital Role Model Narratives Propagate Social Norms in China's Social Credit System,"Mo Chen, Severin Engelmann, Jens Grossklags",2022,"AAAI/ACM Conference on AI, Ethics, and Society",10.1145/3514094.3534180,https://www.semanticscholar.org/paper/d0814a193fdd0557a8b116005b725cc329b8ce79,5,d0814a193fdd0557a8b116005b725cc329b8ce79,['Computer Science'],"[{'category': 'Computer Science', 'source': 'external'}, {'category': 'Sociology', 'source': 's2-fos-model'}, {'category': 'Political Science', 'source': 's2-fos-model'}]"
Outsider Oversight: Designing a Third Party Audit Ecosystem for AI Governance,"Inioluwa Deborah Raji, Peggy Xu, Colleen Honigsberg, Daniel E. Ho",2022,"AAAI/ACM Conference on AI, Ethics, and Society",10.1145/3514094.3534181,https://www.semanticscholar.org/paper/c253ab3e988d996b9253f8437cbdc37c415a2f0b,141,c253ab3e988d996b9253f8437cbdc37c415a2f0b,['Computer Science'],"[{'category': 'Computer Science', 'source': 'external'}, {'category': 'Computer Science', 'source': 's2-fos-model'}, {'category': 'Law', 'source': 's2-fos-model'}]"
Piecemeal Knowledge Acquisition for Computational Normative Reasoning,"Ilaria Canavotto, J. Horty",2022,"AAAI/ACM Conference on AI, Ethics, and Society",10.1145/3514094.3534182,https://www.semanticscholar.org/paper/c7ca8ecf2861f7e9ac7ebc54dc78815d68c93c0f,8,c7ca8ecf2861f7e9ac7ebc54dc78815d68c93c0f,['Computer Science'],"[{'category': 'Computer Science', 'source': 'external'}, {'category': 'Computer Science', 'source': 's2-fos-model'}, {'category': 'Law', 'source': 's2-fos-model'}, {'category': 'Philosophy', 'source': 's2-fos-model'}]"
Practical Skills Demand Forecasting via Representation Learning of Temporal Dynamics,"M. Macedo, Wyatt Clarke, Eli Lucherini, Tyler Baldwin, Dilermando Queiroz Neto, R. D. Paula, Subhro Das",2022,"AAAI/ACM Conference on AI, Ethics, and Society",10.1145/3514094.3534183,https://www.semanticscholar.org/paper/eb2558451c179b013639a41b0184b9beb5fcba4d,6,eb2558451c179b013639a41b0184b9beb5fcba4d,"['Economics', 'Computer Science']","[{'category': 'Economics', 'source': 'external'}, {'category': 'Computer Science', 'source': 'external'}, {'category': 'Computer Science', 'source': 's2-fos-model'}, {'category': 'Economics', 'source': 's2-fos-model'}]"
Racial Disparities in the Enforcement of Marijuana Violations in the US,"Bradley Butcher, C. Robinson, Miri Zilka, Riccardo Fogliato, Carolyn Ashurst, Adrian Weller",2022,"AAAI/ACM Conference on AI, Ethics, and Society",10.1145/3514094.3534184,https://www.semanticscholar.org/paper/5009da12af7e2b7b663291e4d61de3e021d2ff56,12,5009da12af7e2b7b663291e4d61de3e021d2ff56,"['Mathematics', 'Computer Science']","[{'category': 'Mathematics', 'source': 'external'}, {'category': 'Computer Science', 'source': 'external'}, {'category': 'Political Science', 'source': 's2-fos-model'}, {'category': 'Sociology', 'source': 's2-fos-model'}]"
From Explanation to Recommendation: Ethical Standards for Algorithmic Recourse,"Emily Sullivan, Philippe Verreault-Julien",2022,"AAAI/ACM Conference on AI, Ethics, and Society",10.1145/3514094.3534185,https://www.semanticscholar.org/paper/f3bbc27b5be5157b49ddc7951422e9ad203803c3,16,f3bbc27b5be5157b49ddc7951422e9ad203803c3,['Computer Science'],"[{'category': 'Computer Science', 'source': 'external'}, {'category': 'Computer Science', 'source': 's2-fos-model'}, {'category': 'Philosophy', 'source': 's2-fos-model'}]"
Respect as a Lens for the Design of AI Systems,"W. Seymour, M. V. Kleek, Reuben Binns, Dave Murray-Rust",2022,"AAAI/ACM Conference on AI, Ethics, and Society",10.1145/3514094.3534186,https://www.semanticscholar.org/paper/17954bea53ea383a5288960e16775e22ba68183a,13,17954bea53ea383a5288960e16775e22ba68183a,['Computer Science'],"[{'category': 'Computer Science', 'source': 'external'}, {'category': 'Philosophy', 'source': 's2-fos-model'}, {'category': 'Computer Science', 'source': 's2-fos-model'}]"
Responsible AI Systems: Who are the Stakeholders?,"A. Deshpande, Helen Sharp",2022,"AAAI/ACM Conference on AI, Ethics, and Society",10.1145/3514094.3534187,https://www.semanticscholar.org/paper/d0824a7052dddcf383445b09da47ca1b66952c89,87,d0824a7052dddcf383445b09da47ca1b66952c89,['Computer Science'],"[{'category': 'Computer Science', 'source': 'external'}, {'category': 'Computer Science', 'source': 's2-fos-model'}]"
Algorithmic Fairness and Structural Injustice: Insights from Feminist Political Philosophy,Atoosa Kasirzadeh,2022,"AAAI/ACM Conference on AI, Ethics, and Society",10.1145/3514094.3534188,https://www.semanticscholar.org/paper/24fc9b6e958bbf1860d92b4a3b53f4a85359970d,49,24fc9b6e958bbf1860d92b4a3b53f4a85359970d,['Computer Science'],"[{'category': 'Computer Science', 'source': 'external'}, {'category': 'Philosophy', 'source': 's2-fos-model'}, {'category': 'Political Science', 'source': 's2-fos-model'}, {'category': 'Computer Science', 'source': 's2-fos-model'}]"
"Resume Format, LinkedIn URLs and Other Unexpected Influences on AI Personality Prediction in Hiring: Results of an Audit","Alene K. Rhea, K. Markey, L. D’Arinzo, Hilke Schellmann, Mona Sloane, Paul Squires, J. Stoyanovich",2022,"AAAI/ACM Conference on AI, Ethics, and Society",10.1145/3514094.3534189,https://www.semanticscholar.org/paper/5108ec85e6857f8a3bf86df1acc22fd3c5ff67eb,15,5108ec85e6857f8a3bf86df1acc22fd3c5ff67eb,['Computer Science'],"[{'category': 'Computer Science', 'source': 'external'}, {'category': 'Computer Science', 'source': 's2-fos-model'}, {'category': 'Psychology', 'source': 's2-fos-model'}]"
SCALES: From Fairness Principles to Constrained Decision-Making,"Sreejith Balakrishnan, Jianxin Bi, Harold Soh",2022,"AAAI/ACM Conference on AI, Ethics, and Society",10.1145/3514094.3534190,https://www.semanticscholar.org/paper/470a76119376f8d8a3b80a65ac69406d79ec0d12,3,470a76119376f8d8a3b80a65ac69406d79ec0d12,['Computer Science'],"[{'category': 'Computer Science', 'source': 'external'}, {'category': 'Computer Science', 'source': 's2-fos-model'}]"
"Social Media Profiling Continues to Partake in the Development of Formalistic Self-Concepts. Social Media Users Think So, Too.","Severin Engelmann, Valentin Scheibe, F. Battaglia, Jens Grossklags",2022,"AAAI/ACM Conference on AI, Ethics, and Society",10.1145/3514094.3534192,https://www.semanticscholar.org/paper/c80f30ed73b170a7e1b4928905029f14f8045a13,8,c80f30ed73b170a7e1b4928905029f14f8045a13,['Computer Science'],"[{'category': 'Computer Science', 'source': 'external'}, {'category': 'Computer Science', 'source': 's2-fos-model'}, {'category': 'Sociology', 'source': 's2-fos-model'}]"
Stochastic Policies in Morally Constrained (C-)SSPs,"Charles Evans, Claire Benn, I. Quintana, Pamela Robinson, S. Thiébaux",2022,"AAAI/ACM Conference on AI, Ethics, and Society",10.1145/3514094.3534193,https://www.semanticscholar.org/paper/2236d490cd4ea95420fea59a93b26740f86322ce,1,2236d490cd4ea95420fea59a93b26740f86322ce,['Computer Science'],"[{'category': 'Computer Science', 'source': 'external'}, {'category': 'Computer Science', 'source': 's2-fos-model'}]"
Strategic Best Response Fairness in Fair Machine Learning,"Hajime Shimao, Warut Khern-am-nuai, Karthik Kannan, Maxime C. Cohen",2022,"AAAI/ACM Conference on AI, Ethics, and Society",10.1145/3514094.3534194,https://www.semanticscholar.org/paper/8da819090dcb5e49aa4b35bbbcda2e5706f2217a,9,8da819090dcb5e49aa4b35bbbcda2e5706f2217a,['Computer Science'],"[{'category': 'Computer Science', 'source': 'external'}, {'category': 'Computer Science', 'source': 's2-fos-model'}]"
The Cost of Ethical AI Development for AI Startups,"James Bessen, Stephen Michael Impink, Robert C. Seamans",2022,"AAAI/ACM Conference on AI, Ethics, and Society",10.1145/3514094.3534195,https://www.semanticscholar.org/paper/3f1be7839b980db995969489cd52c2f4c581d41d,16,3f1be7839b980db995969489cd52c2f4c581d41d,['Computer Science'],"[{'category': 'Computer Science', 'source': 'external'}, {'category': 'Computer Science', 'source': 's2-fos-model'}, {'category': 'Business', 'source': 's2-fos-model'}, {'category': 'Law', 'source': 's2-fos-model'}]"
The Worst of Both Worlds: A Comparative Analysis of Errors in Learning from Data in Psychology and Machine Learning,"J. Hullman, Sayash Kapoor, Priyanka Nanayakkara, A. Gelman, Arvind Narayanan",2022,"AAAI/ACM Conference on AI, Ethics, and Society",10.1145/3514094.3534196,https://www.semanticscholar.org/paper/cb20d389dd4c68fc4d124165adc1598e0377c472,43,cb20d389dd4c68fc4d124165adc1598e0377c472,['Computer Science'],"[{'category': 'Computer Science', 'source': 'external'}, {'category': 'Psychology', 'source': 's2-fos-model'}, {'category': 'Computer Science', 'source': 's2-fos-model'}]"
Towards a Feminist Metaethics of AI,Anastasia Siapka,2022,"AAAI/ACM Conference on AI, Ethics, and Society",10.1145/3514094.3534197,https://www.semanticscholar.org/paper/328191301ec8f83f33d3b95a1601446f359dd9c2,15,328191301ec8f83f33d3b95a1601446f359dd9c2,['Computer Science'],"[{'category': 'Computer Science', 'source': 'external'}, {'category': 'Philosophy', 'source': 's2-fos-model'}, {'category': 'Computer Science', 'source': 's2-fos-model'}]"
Towards Robust Off-Policy Evaluation via Human Inputs,"Harvineet Singh, Shalmali Joshi, F. Doshi-Velez, Himabindu Lakkaraju",2022,"AAAI/ACM Conference on AI, Ethics, and Society",10.1145/3514094.3534198,https://www.semanticscholar.org/paper/4ea1bb6ea80503b27277a57c64757f08cd034688,2,4ea1bb6ea80503b27277a57c64757f08cd034688,"['Computer Science', 'Mathematics']","[{'category': 'Computer Science', 'source': 'external'}, {'category': 'Mathematics', 'source': 'external'}, {'category': 'Medicine', 'source': 's2-fos-model'}, {'category': 'Computer Science', 'source': 's2-fos-model'}]"
"Transparency, Governance and Regulation of Algorithmic Tools Deployed in the Criminal Justice System: a UK Case Study","Miri Zilka, Holli Sargeant, Adrian Weller",2022,"AAAI/ACM Conference on AI, Ethics, and Society",10.1145/3514094.3534200,https://www.semanticscholar.org/paper/8ed028152ab2d017ca70392824529ab24d9f682c,28,8ed028152ab2d017ca70392824529ab24d9f682c,['Computer Science'],"[{'category': 'Computer Science', 'source': 'external'}, {'category': 'Law', 'source': 's2-fos-model'}, {'category': 'Computer Science', 'source': 's2-fos-model'}, {'category': 'Political Science', 'source': 's2-fos-model'}]"
Understanding Decision Subjects' Fairness Perceptions and Retention in Repeated Interactions with AI-Based Decision Systems,"Meric Altug Gemalmaz, Ming Yin",2022,"AAAI/ACM Conference on AI, Ethics, and Society",10.1145/3514094.3534201,https://www.semanticscholar.org/paper/d5e45fd094e67b30474b0423a5cf64c69d694a36,14,d5e45fd094e67b30474b0423a5cf64c69d694a36,['Computer Science'],"[{'category': 'Computer Science', 'source': 'external'}, {'category': 'Psychology', 'source': 's2-fos-model'}, {'category': 'Computer Science', 'source': 's2-fos-model'}]"
What are People Talking about in #BackLivesMatter and #StopAsianHate?: Exploring and Categorizing Twitter Topics Emerged in Online Social Movements through the Latent Dirichlet Allocation Model,"Xin Tong, Yixuan Li, Jiayi Li, Rongqi Bei, Luyao Zhang",2022,"AAAI/ACM Conference on AI, Ethics, and Society",10.1145/3514094.3534202,https://www.semanticscholar.org/paper/8d7df4f5b26fe93a8faec69b1fcb7d9dfcaeafc3,19,8d7df4f5b26fe93a8faec69b1fcb7d9dfcaeafc3,['Computer Science'],"[{'category': 'Computer Science', 'source': 'external'}, {'category': 'Sociology', 'source': 's2-fos-model'}, {'category': 'Computer Science', 'source': 's2-fos-model'}]"
Write It Like You See It: Detectable Differences in Clinical Notes by Race Lead to Differential Model Recommendations,"Hammaad Adam, Ming Yang, K. Cato, Ioana Baldini, C. Senteio, L. Celi, J. Zeng, Moninder Singh, M. Ghassemi",2022,"AAAI/ACM Conference on AI, Ethics, and Society",10.1145/3514094.3534203,https://www.semanticscholar.org/paper/e4f09319ca3f7bca69c183952da80778705e4d2d,41,e4f09319ca3f7bca69c183952da80778705e4d2d,['Computer Science'],"[{'category': 'Computer Science', 'source': 'external'}, {'category': 'Computer Science', 'source': 's2-fos-model'}, {'category': 'Medicine', 'source': 's2-fos-model'}]"
Fairness Implications of Encoding Protected Categorical Attributes,"Carlos Mougan, J. Álvarez, Gourab K. Patro, S. Ruggieri, Steffen Staab",2022,"AAAI/ACM Conference on AI, Ethics, and Society",10.1145/3600211.3604657,https://www.semanticscholar.org/paper/44070f32949ca85c6bd4e1b2e2764e3409a63156,17,44070f32949ca85c6bd4e1b2e2764e3409a63156,"['Computer Science', 'Mathematics']","[{'category': 'Computer Science', 'source': 'external'}, {'category': 'Mathematics', 'source': 'external'}, {'category': 'Computer Science', 'source': 's2-fos-model'}]"
"Learning Optimal Fair Decision Trees: Trade-offs Between Interpretability, Fairness, and Accuracy","Nathanael Jo, S. Aghaei, Jack Benson, A. G'omez, Phebe Vayanos",2022,"AAAI/ACM Conference on AI, Ethics, and Society",10.1145/3600211.3604664,https://www.semanticscholar.org/paper/f121832e8b43e4da2988e26cc812d92293619c7d,27,f121832e8b43e4da2988e26cc812d92293619c7d,"['Computer Science', 'Mathematics']","[{'category': 'Computer Science', 'source': 'external'}, {'category': 'Mathematics', 'source': 'external'}, {'category': 'Computer Science', 'source': 's2-fos-model'}, {'category': 'Mathematics', 'source': 's2-fos-model'}]"
Sociotechnical Harms of Algorithmic Systems: Scoping a Taxonomy for Harm Reduction,"R. Shelby, Shalaleh Rismani, Kathryn Henne, AJung Moon, Negar Rostamzadeh, P. Nicholas, N'Mah Yilla-Akbari, Jess Gallegos, A. Smart, Emilio Garcia, Gurleen Virk",2022,"AAAI/ACM Conference on AI, Ethics, and Society",10.1145/3600211.3604673,https://www.semanticscholar.org/paper/bd6c0af91401c208ef478376c493408b69f51b8d,291,bd6c0af91401c208ef478376c493408b69f51b8d,['Computer Science'],"[{'category': 'Computer Science', 'source': 'external'}, {'category': 'Computer Science', 'source': 's2-fos-model'}, {'category': 'Sociology', 'source': 's2-fos-model'}, {'category': 'Psychology', 'source': 's2-fos-model'}]"
A Systematic Review of Ethical Concerns with Voice Assistants,"W. Seymour, Xiao Zhan, Mark Coté, J. Such",2022,"AAAI/ACM Conference on AI, Ethics, and Society",10.1145/3600211.3604679,https://www.semanticscholar.org/paper/51da54a7df739e48b385977c4fa313d67bee6801,26,51da54a7df739e48b385977c4fa313d67bee6801,['Computer Science'],"[{'category': 'Computer Science', 'source': 'external'}, {'category': 'Computer Science', 'source': 's2-fos-model'}, {'category': 'Psychology', 'source': 's2-fos-model'}]"
Multicalibrated Regression for Downstream Fairness,"Ira Globus-Harris, Varun Gupta, Christopher Jung, Michael Kearns, Jamie Morgenstern, Aaron Roth",2022,"AAAI/ACM Conference on AI, Ethics, and Society",10.1145/3600211.3604683,https://www.semanticscholar.org/paper/49eb6059b3b989ec2e5eaab9b3c7c275ad7d05a1,13,49eb6059b3b989ec2e5eaab9b3c7c275ad7d05a1,['Computer Science'],"[{'category': 'Computer Science', 'source': 'external'}, {'category': 'Computer Science', 'source': 's2-fos-model'}]"
Self-Destructing Models: Increasing the Costs of Harmful Dual Uses of Foundation Models,"E. Mitchell, Peter Henderson, Christopher D. Manning, Dan Jurafsky, Chelsea Finn",2022,"AAAI/ACM Conference on AI, Ethics, and Society",10.1145/3600211.3604690,https://www.semanticscholar.org/paper/adbda885f4c2d68bafd1a2a8fcbb3dc88cdb4951,65,adbda885f4c2d68bafd1a2a8fcbb3dc88cdb4951,['Computer Science'],"[{'category': 'Computer Science', 'source': 'external'}, {'category': 'Computer Science', 'source': 's2-fos-model'}, {'category': 'Political Science', 'source': 's2-fos-model'}]"
A Deep Dive into Dataset Imbalance and Bias in Face Identification,"Valeriia Cherepanova, Steven Reich, Samuel Dooley, Hossein Souri, Micah Goldblum, T. Goldstein",2022,"AAAI/ACM Conference on AI, Ethics, and Society",10.1145/3600211.3604691,https://www.semanticscholar.org/paper/1cd410a395091ac1662bdbcfec8192aad5e2c203,20,1cd410a395091ac1662bdbcfec8192aad5e2c203,['Computer Science'],"[{'category': 'Computer Science', 'source': 'external'}, {'category': 'Computer Science', 'source': 's2-fos-model'}]"
Reward Reports for Reinforcement Learning,"T. Gilbert, Sarah Dean, Nathan Lambert, T. Zick, Aaron J. Snoswell",2022,"AAAI/ACM Conference on AI, Ethics, and Society",10.1145/3600211.3604698,https://www.semanticscholar.org/paper/4c868a92c615df3859433e28b2441bbce9e65fb3,39,4c868a92c615df3859433e28b2441bbce9e65fb3,['Computer Science'],"[{'category': 'Computer Science', 'source': 'external'}, {'category': 'Computer Science', 'source': 's2-fos-model'}]"
What does it mean to be a responsible AI practitioner: An ontology of roles and skills,"Shalaleh Rismani, AJung Moon",2022,"AAAI/ACM Conference on AI, Ethics, and Society",10.1145/3600211.3604702,https://www.semanticscholar.org/paper/992085866d6975bddf42faf6f5e04a363c96d4f6,18,992085866d6975bddf42faf6f5e04a363c96d4f6,['Computer Science'],"[{'category': 'Computer Science', 'source': 'external'}, {'category': 'Computer Science', 'source': 's2-fos-model'}, {'category': 'Philosophy', 'source': 's2-fos-model'}]"
How do you feel? Measuring User-Perceived Value for Rejecting Machine Decisions in Hate Speech Detection,"Philippe Lammerts, Philip Lippmann, Yen-Chia Hsu, Fabio Casati, Jie Yang",2023,"AAAI/ACM Conference on AI, Ethics, and Society",10.1145/3600211.3604655,https://www.semanticscholar.org/paper/39b28adcf749baf785376deabc5f6d9e5e2b0658,0,39b28adcf749baf785376deabc5f6d9e5e2b0658,['Computer Science'],"[{'category': 'Computer Science', 'source': 'external'}, {'category': 'Computer Science', 'source': 's2-fos-model'}]"
Iterative Partial Fulfillment of Counterfactual Explanations: Benefits and Risks,Yilun Zhou,2023,"AAAI/ACM Conference on AI, Ethics, and Society",10.1145/3600211.3604656,https://www.semanticscholar.org/paper/f6d35dbf93cfe83c2ad6776bf573fff9280c45ad,0,f6d35dbf93cfe83c2ad6776bf573fff9280c45ad,['Computer Science'],"[{'category': 'Computer Science', 'source': 'external'}, {'category': 'Computer Science', 'source': 's2-fos-model'}, {'category': 'Psychology', 'source': 's2-fos-model'}]"
Reclaiming the Digital Commons: A Public Data Trust for Training Data,"Alan Chan, Herbie Bradley, Nitarshan Rajkumar",2023,"AAAI/ACM Conference on AI, Ethics, and Society",10.1145/3600211.3604658,https://www.semanticscholar.org/paper/6b2395ebcdc3f284d30fefe5d9877aa3caa7b53f,18,6b2395ebcdc3f284d30fefe5d9877aa3caa7b53f,['Computer Science'],"[{'category': 'Computer Science', 'source': 'external'}, {'category': 'Computer Science', 'source': 's2-fos-model'}, {'category': 'Political Science', 'source': 's2-fos-model'}]"
"Flickr Africa: Examining Geo-Diversity in Large-Scale, Human-Centric Visual Data","Keziah Naggita, J. LaChance, Alice Xiang",2023,"AAAI/ACM Conference on AI, Ethics, and Society",10.1145/3600211.3604659,https://www.semanticscholar.org/paper/2cac077eb7ce40b3173cbb9ab304fd8a6f94a784,11,2cac077eb7ce40b3173cbb9ab304fd8a6f94a784,['Computer Science'],"[{'category': 'Computer Science', 'source': 'external'}, {'category': 'Geography', 'source': 's2-fos-model'}, {'category': 'Computer Science', 'source': 's2-fos-model'}]"
Mitigating Voter Attribute Bias for Fair Opinion Aggregation,"Ryosuke Ueda, Koh Takeuchi, H. Kashima",2023,"AAAI/ACM Conference on AI, Ethics, and Society",10.1145/3600211.3604660,https://www.semanticscholar.org/paper/b4a4452049bac78488255296f74bdcab376ca831,2,b4a4452049bac78488255296f74bdcab376ca831,"['Computer Science', 'Mathematics']","[{'category': 'Computer Science', 'source': 'external'}, {'category': 'Mathematics', 'source': 'external'}, {'category': 'Political Science', 'source': 's2-fos-model'}, {'category': 'Computer Science', 'source': 's2-fos-model'}]"
From Preference Elicitation to Participatory ML: A Critical Survey & Guidelines for Future Research,"Michael Feffer, M. Skirpan, Zachary C. Lipton, Hoda Heidari",2023,"AAAI/ACM Conference on AI, Ethics, and Society",10.1145/3600211.3604661,https://www.semanticscholar.org/paper/fc4bb54cbbbc08280a836fa9f7d2645f4b87875a,32,fc4bb54cbbbc08280a836fa9f7d2645f4b87875a,['Computer Science'],"[{'category': 'Computer Science', 'source': 'external'}, {'category': 'Computer Science', 'source': 's2-fos-model'}, {'category': 'Philosophy', 'source': 's2-fos-model'}]"
Evaluation of targeted dataset collection on racial equity in face recognition,"Rachel Hong, Tadayoshi Kohno, Jamie Morgenstern",2023,"AAAI/ACM Conference on AI, Ethics, and Society",10.1145/3600211.3604662,https://www.semanticscholar.org/paper/2e2aabc7643a440ece21e1bddbb91c0d981e54ba,4,2e2aabc7643a440ece21e1bddbb91c0d981e54ba,['Computer Science'],"[{'category': 'Computer Science', 'source': 'external'}, {'category': 'Computer Science', 'source': 's2-fos-model'}, {'category': 'Sociology', 'source': 's2-fos-model'}]"
"No Justice, No Robots: From the Dispositions of Policing to an Abolitionist Robotics","Tom Williams, Kerstin S Haring",2023,"AAAI/ACM Conference on AI, Ethics, and Society",10.1145/3600211.3604663,https://www.semanticscholar.org/paper/32e7e5118540d4c191632a6ab6093c01a3d1c036,10,32e7e5118540d4c191632a6ab6093c01a3d1c036,['Computer Science'],"[{'category': 'Computer Science', 'source': 'external'}, {'category': 'Law', 'source': 's2-fos-model'}, {'category': 'Political Science', 'source': 's2-fos-model'}, {'category': 'Computer Science', 'source': 's2-fos-model'}]"
Analysis of Climate Campaigns on Social Media using Bayesian Model Averaging,"Tunazzina Islam, Ruqi Zhang, Dan Goldwasser",2023,"AAAI/ACM Conference on AI, Ethics, and Society",10.1145/3600211.3604665,https://www.semanticscholar.org/paper/dbcc2ffef66d45e5e2422008337fe7cc781bb269,6,dbcc2ffef66d45e5e2422008337fe7cc781bb269,['Computer Science'],"[{'category': 'Computer Science', 'source': 'external'}, {'category': 'Environmental Science', 'source': 's2-fos-model'}, {'category': 'Political Science', 'source': 's2-fos-model'}]"
Evaluating Biased Attitude Associations of Language Models in an Intersectional Context,"Shiva Omrani Sabbaghi, R. Wolfe, Aylin Caliskan",2023,"AAAI/ACM Conference on AI, Ethics, and Society",10.1145/3600211.3604666,https://www.semanticscholar.org/paper/949842a2531ccbd47e650980ceebc5e0a9a90b1f,29,949842a2531ccbd47e650980ceebc5e0a9a90b1f,['Computer Science'],"[{'category': 'Computer Science', 'source': 'external'}, {'category': 'Linguistics', 'source': 's2-fos-model'}, {'category': 'Psychology', 'source': 's2-fos-model'}]"
Unmasking Nationality Bias: A Study of Human Perception of Nationalities in AI-Generated Articles,"Pranav Narayanan Venkit, Sanjana Gautam, Ruchi Panchanadikar, Tingting Huang, Shomir Wilson",2023,"AAAI/ACM Conference on AI, Ethics, and Society",10.1145/3600211.3604667,https://www.semanticscholar.org/paper/ea999bf65d8c3aaf6b930e9bc22e5fcd39368d02,30,ea999bf65d8c3aaf6b930e9bc22e5fcd39368d02,['Computer Science'],"[{'category': 'Computer Science', 'source': 'external'}, {'category': 'Computer Science', 'source': 's2-fos-model'}, {'category': 'Sociology', 'source': 's2-fos-model'}, {'category': 'Political Science', 'source': 's2-fos-model'}, {'category': 'Linguistics', 'source': 's2-fos-model'}]"
Model Debiasing via Gradient-based Explanation on Representation,"Jindi Zhang, Luning Wang, Dan Su, Yongxiang Huang, Caleb Chen Cao, Lei Chen",2023,"AAAI/ACM Conference on AI, Ethics, and Society",10.1145/3600211.3604668,https://www.semanticscholar.org/paper/ae0a7723b43e00890dcbc5f88902d26be699a865,3,ae0a7723b43e00890dcbc5f88902d26be699a865,['Computer Science'],"[{'category': 'Computer Science', 'source': 'external'}, {'category': 'Computer Science', 'source': 's2-fos-model'}, {'category': 'Mathematics', 'source': 's2-fos-model'}]"
Sampling Individually-Fair Rankings that are Always Group Fair,"Sruthi Gorantla, Anay Mehrotra, A. Deshpande, Anand Louis",2023,"AAAI/ACM Conference on AI, Ethics, and Society",10.1145/3600211.3604671,https://www.semanticscholar.org/paper/2aa4a5086259919c01e1c5a6f673d66baea3b088,4,2aa4a5086259919c01e1c5a6f673d66baea3b088,"['Computer Science', 'Mathematics']","[{'category': 'Computer Science', 'source': 'external'}, {'category': 'Mathematics', 'source': 'external'}, {'category': 'Computer Science', 'source': 's2-fos-model'}]"
"“☑ Fairness Toolkits, A Checkbox Culture?” On the Factors that Fragment Developer Practices in Handling Algorithmic Harms","Agathe Balayn, Mireia Yurrita, Jie Yang, U. Gadiraju",2023,"AAAI/ACM Conference on AI, Ethics, and Society",10.1145/3600211.3604674,https://www.semanticscholar.org/paper/d9b650fea9371686113f678799296401a1dcf1dc,35,d9b650fea9371686113f678799296401a1dcf1dc,['Computer Science'],"[{'category': 'Computer Science', 'source': 'external'}, {'category': 'Computer Science', 'source': 's2-fos-model'}]"
GATE: A Challenge Set for Gender-Ambiguous Translation Examples,"Spencer Rarrick, Ranjita Naik, Varun Mathur, Sundar Poudel, Vishal Chowdhary",2023,"AAAI/ACM Conference on AI, Ethics, and Society",10.1145/3600211.3604675,https://www.semanticscholar.org/paper/20a55a690f5b2848410e3653921912f7d583cd97,18,20a55a690f5b2848410e3653921912f7d583cd97,['Computer Science'],"[{'category': 'Computer Science', 'source': 'external'}, {'category': 'Computer Science', 'source': 's2-fos-model'}, {'category': 'Linguistics', 'source': 's2-fos-model'}]"
On the Connection between Game-Theoretic Feature Attributions and Counterfactual Explanations,"Emanuele Albini, Shubham Sharma, Saumitra Mishra, Danial Dervovic, D. Magazzeni",2023,"AAAI/ACM Conference on AI, Ethics, and Society",10.1145/3600211.3604676,https://www.semanticscholar.org/paper/39767db05747969ab0625caffec720f0fdcc96a2,4,39767db05747969ab0625caffec720f0fdcc96a2,['Computer Science'],"[{'category': 'Computer Science', 'source': 'external'}, {'category': 'Computer Science', 'source': 's2-fos-model'}, {'category': 'Philosophy', 'source': 's2-fos-model'}]"
Perceived Algorithmic Fairness using Organizational Justice Theory: An Empirical Case Study on Algorithmic Hiring,"Guusje Juijn, Niya Stoimenova, João Reis, Dong Nguyen",2023,"AAAI/ACM Conference on AI, Ethics, and Society",10.1145/3600211.3604677,https://www.semanticscholar.org/paper/e7a252be8f2e3e800233390cefad04d00dc73a47,5,e7a252be8f2e3e800233390cefad04d00dc73a47,['Computer Science'],"[{'category': 'Computer Science', 'source': 'external'}, {'category': 'Computer Science', 'source': 's2-fos-model'}, {'category': 'Business', 'source': 's2-fos-model'}, {'category': 'Psychology', 'source': 's2-fos-model'}]"
"Target specification bias, counterfactual prediction, and algorithmic fairness in healthcare",Eran Tal,2023,"AAAI/ACM Conference on AI, Ethics, and Society",10.1145/3600211.3604678,https://www.semanticscholar.org/paper/72e4a298b49f8155150f449e63543cfc32c0c92d,15,72e4a298b49f8155150f449e63543cfc32c0c92d,"['Computer Science', 'Mathematics']","[{'category': 'Computer Science', 'source': 'external'}, {'category': 'Mathematics', 'source': 'external'}, {'category': 'Medicine', 'source': 's2-fos-model'}, {'category': 'Computer Science', 'source': 's2-fos-model'}]"
A sector-based approach to AI ethics: Understanding ethical issues of AI-related incidents within their sectoral context,"D. Burema, Nicole Debowski-Weimann, Alexander von Janowski, Jil Grabowski, Mihai Maftei, M. Jacobs, Patrick van der Smagt, Djalel Benbouzid",2023,"AAAI/ACM Conference on AI, Ethics, and Society",10.1145/3600211.3604680,https://www.semanticscholar.org/paper/5cbe9db77b2aaad86c524695dddae3cfc903b876,18,5cbe9db77b2aaad86c524695dddae3cfc903b876,['Computer Science'],"[{'category': 'Computer Science', 'source': 'external'}, {'category': 'Computer Science', 'source': 's2-fos-model'}, {'category': 'Political Science', 'source': 's2-fos-model'}]"
AI Art and its Impact on Artists,"Harry H. Jiang, Lauren Brown, Jessica Cheng, Mehtab Khan, Abhishek Gupta, Deja Workman, A. Hanna, J. Flowers, Timnit Gebru",2023,"AAAI/ACM Conference on AI, Ethics, and Society",10.1145/3600211.3604681,https://www.semanticscholar.org/paper/7dbd3d51c453caf77cc1f9681f9b888095b97443,263,7dbd3d51c453caf77cc1f9681f9b888095b97443,['Computer Science'],"[{'category': 'Computer Science', 'source': 'external'}, {'category': 'Art', 'source': 's2-fos-model'}, {'category': 'Computer Science', 'source': 's2-fos-model'}]"
Bound by the Bounty: Collaboratively Shaping Evaluation Processes for Queer AI Harms,"Organizers of QueerInAI, Nathaniel Dennler, Anaelia Ovalle, Ashwin Singh, Luca Soldaini, Arjun Subramonian, Huy Tu, William Agnew, Avijit Ghosh, Kyra Yee, Irene Font Peradejordi, Zeerak Talat, Mayra Russo, Jessica de Jesus de Pinho Pinhal",2023,"AAAI/ACM Conference on AI, Ethics, and Society",10.1145/3600211.3604682,https://www.semanticscholar.org/paper/a4d543cc77a0a643a271988f5b4b6699f421c85c,23,a4d543cc77a0a643a271988f5b4b6699f421c85c,['Computer Science'],"[{'category': 'Computer Science', 'source': 'external'}, {'category': 'Computer Science', 'source': 's2-fos-model'}, {'category': 'Sociology', 'source': 's2-fos-model'}]"
Unpicking Epistemic Injustices in Digital Health: On the Implications of Designing Data-Driven Technologies for the Management of Long-Term Conditions,"S. Bennett, C. Claisse, E. Luger, Abigail C. Durrant",2023,"AAAI/ACM Conference on AI, Ethics, and Society",10.1145/3600211.3604684,https://www.semanticscholar.org/paper/0b5fcb43b0966a53e182513878063b407beeba46,12,0b5fcb43b0966a53e182513878063b407beeba46,['Computer Science'],"[{'category': 'Computer Science', 'source': 'external'}, {'category': 'Medicine', 'source': 's2-fos-model'}, {'category': 'Computer Science', 'source': 's2-fos-model'}]"
Beyond the ML Model: Applying Safety Engineering Frameworks to Text-to-Image Development,"Shalaleh Rismani, R. Shelby, A. Smart, Renelito Delos Santos, AJung Moon, Negar Rostamzadeh",2023,"AAAI/ACM Conference on AI, Ethics, and Society",10.1145/3600211.3604685,https://www.semanticscholar.org/paper/a517f44a8aeec22a2d8334cde7b5c6aceeb2e2f3,13,a517f44a8aeec22a2d8334cde7b5c6aceeb2e2f3,['Computer Science'],"[{'category': 'Computer Science', 'source': 'external'}, {'category': 'Computer Science', 'source': 's2-fos-model'}, {'category': 'Engineering', 'source': 's2-fos-model'}]"
The Ethical Implications of Generative Audio Models: A Systematic Literature Review,J. Barnett,2023,"AAAI/ACM Conference on AI, Ethics, and Society",10.1145/3600211.3604686,https://www.semanticscholar.org/paper/177c3a4fc5e6603f09b08568e5f93bf78bcafe21,49,177c3a4fc5e6603f09b08568e5f93bf78bcafe21,"['Computer Science', 'Engineering']","[{'category': 'Computer Science', 'source': 'external'}, {'category': 'Engineering', 'source': 'external'}, {'category': 'Computer Science', 'source': 's2-fos-model'}]"
Reckoning with the Disagreement Problem: Explanation Consensus as a Training Objective,"Avi Schwarzschild, Max Cembalest, K. Rao, Keegan E. Hines, John Dickerson",2023,"AAAI/ACM Conference on AI, Ethics, and Society",10.1145/3600211.3604687,https://www.semanticscholar.org/paper/586ec04f3fde13ad84a2acee795c2f998bed142a,15,586ec04f3fde13ad84a2acee795c2f998bed142a,['Computer Science'],"[{'category': 'Computer Science', 'source': 'external'}, {'category': 'Computer Science', 'source': 's2-fos-model'}]"
Keep Sensors in Check: Disentangling Country-Level Generalization Issues in Mobile Sensor-Based Models with Diversity Scores,"Alexandre Nanchen, L. Meegahapola, William Droz, D. Gática-Pérez",2023,"AAAI/ACM Conference on AI, Ethics, and Society",10.1145/3600211.3604688,https://www.semanticscholar.org/paper/161dbeb40f0312538104d0ef50102e6d008ec212,8,161dbeb40f0312538104d0ef50102e6d008ec212,['Computer Science'],"[{'category': 'Computer Science', 'source': 'external'}, {'category': 'Computer Science', 'source': 's2-fos-model'}]"
Machine Learning practices and infrastructures,G. Berman,2023,"AAAI/ACM Conference on AI, Ethics, and Society",10.1145/3600211.3604689,https://www.semanticscholar.org/paper/a152c6b110ebc0e9c6787b21193c2d2fc1ffee84,5,a152c6b110ebc0e9c6787b21193c2d2fc1ffee84,['Computer Science'],"[{'category': 'Computer Science', 'source': 'external'}, {'category': 'Computer Science', 'source': 's2-fos-model'}, {'category': 'Sociology', 'source': 's2-fos-model'}]"
Human Uncertainty in Concept-Based AI Systems,"Katherine M. Collins, Matthew Barker, Mateo Espinosa Zarlenga, Naveen Raman, Umang Bhatt, M. Jamnik, Ilia Sucholutsky, Adrian Weller, K. Dvijotham",2023,"AAAI/ACM Conference on AI, Ethics, and Society",10.1145/3600211.3604692,https://www.semanticscholar.org/paper/6812ee04ee2383bc40e683d252fd2e56cdbeb80e,49,6812ee04ee2383bc40e683d252fd2e56cdbeb80e,['Computer Science'],"[{'category': 'Computer Science', 'source': 'external'}, {'category': 'Computer Science', 'source': 's2-fos-model'}]"
"Democratising AI: Multiple Meanings, Goals, and Methods","Elizabeth Seger, Aviv Ovadya, Divya Siddarth, Ben Garfinkel, A. Dafoe",2023,"AAAI/ACM Conference on AI, Ethics, and Society",10.1145/3600211.3604693,https://www.semanticscholar.org/paper/72a9a023f60b22b4d6776c73da00d5858c3fd8ed,70,72a9a023f60b22b4d6776c73da00d5858c3fd8ed,['Computer Science'],"[{'category': 'Computer Science', 'source': 'external'}, {'category': 'Political Science', 'source': 's2-fos-model'}, {'category': 'Computer Science', 'source': 's2-fos-model'}]"
Effective Enforceability of EU Competition Law Under AI Development Scenarios: a Framework for Anticipatory Governance,"Shi Hua, Haydn Belfield",2023,"AAAI/ACM Conference on AI, Ethics, and Society",10.1145/3600211.3604694,https://www.semanticscholar.org/paper/8ab27e590fccc2a2a1fcd6b820ff3e2d3d36e36e,3,8ab27e590fccc2a2a1fcd6b820ff3e2d3d36e36e,['Computer Science'],"[{'category': 'Computer Science', 'source': 'external'}, {'category': 'Law', 'source': 's2-fos-model'}, {'category': 'Computer Science', 'source': 's2-fos-model'}, {'category': 'Political Science', 'source': 's2-fos-model'}]"
Disambiguating Algorithmic Bias: From Neutrality to Justice,"Elizabeth Edenberg, Alexandra Wood",2023,"AAAI/ACM Conference on AI, Ethics, and Society",10.1145/3600211.3604695,https://www.semanticscholar.org/paper/2d5c55146572d618e5ec5d70c0ac1d373bbefa2c,23,2d5c55146572d618e5ec5d70c0ac1d373bbefa2c,['Computer Science'],"[{'category': 'Computer Science', 'source': 'external'}, {'category': 'Law', 'source': 's2-fos-model'}, {'category': 'Computer Science', 'source': 's2-fos-model'}, {'category': 'Philosophy', 'source': 's2-fos-model'}]"
Protecting Children from Online Exploitation: Can a Trained Model Detect Harmful Communication Strategies?,"Darren Cook, Miri Zilka, Heidi DeSandre, S. Giles, S. Maskell",2023,"AAAI/ACM Conference on AI, Ethics, and Society",10.1145/3600211.3604696,https://www.semanticscholar.org/paper/f513002c0a0710edd964339c0f57f1fe6776c578,5,f513002c0a0710edd964339c0f57f1fe6776c578,['Computer Science'],"[{'category': 'Computer Science', 'source': 'external'}, {'category': 'Computer Science', 'source': 's2-fos-model'}, {'category': 'Psychology', 'source': 's2-fos-model'}, {'category': 'Law', 'source': 's2-fos-model'}]"
Measures of Disparity and their Efficient Estimation,"Harvineet Singh, R. Chunara",2023,"AAAI/ACM Conference on AI, Ethics, and Society",10.1145/3600211.3604697,https://www.semanticscholar.org/paper/0a12b6670bef76099e8ea30798a6a00b50cb164e,4,0a12b6670bef76099e8ea30798a6a00b50cb164e,['Computer Science'],"[{'category': 'Computer Science', 'source': 'external'}, {'category': 'Computer Science', 'source': 's2-fos-model'}, {'category': 'Economics', 'source': 's2-fos-model'}]"
Not So Fair: The Impact of Presumably Fair Machine Learning Models,"Mackenzie Jorgensen, Hannah Richert, Elizabeth Black, N. Criado, J. Such",2023,"AAAI/ACM Conference on AI, Ethics, and Society",10.1145/3600211.3604699,https://www.semanticscholar.org/paper/d2459ca6704c4354d1c52c2d7e64954dddd571f6,9,d2459ca6704c4354d1c52c2d7e64954dddd571f6,['Computer Science'],"[{'category': 'Computer Science', 'source': 'external'}, {'category': 'Computer Science', 'source': 's2-fos-model'}, {'category': 'Psychology', 'source': 's2-fos-model'}]"
Why We Need to Know More: Exploring the State of AI Incident Documentation Practices,"Violet Turri, R. Dzombak",2023,"AAAI/ACM Conference on AI, Ethics, and Society",10.1145/3600211.3604700,https://www.semanticscholar.org/paper/99073a85e4aef1bac90220c5cf3ebedd5f0cf600,31,99073a85e4aef1bac90220c5cf3ebedd5f0cf600,['Computer Science'],"[{'category': 'Computer Science', 'source': 'external'}, {'category': 'Computer Science', 'source': 's2-fos-model'}]"
The Bureaucratic Challenge to AI Governance: An Empirical Assessment of Implementation at U.S. Federal Agencies,"Christie Lawrence, Isaac Cui, Daniel E. Ho",2023,"AAAI/ACM Conference on AI, Ethics, and Society",10.1145/3600211.3604701,https://www.semanticscholar.org/paper/857be9002309d77d149dca32bee06e36211d031d,19,857be9002309d77d149dca32bee06e36211d031d,['Computer Science'],"[{'category': 'Computer Science', 'source': 'external'}, {'category': 'Political Science', 'source': 's2-fos-model'}, {'category': 'Computer Science', 'source': 's2-fos-model'}]"
Robust Artificial Moral Agents and Metanormativity,Tyler Cook,2023,"AAAI/ACM Conference on AI, Ethics, and Society",10.1145/3600211.3604703,https://www.semanticscholar.org/paper/3e1785f783ed3239077f60e39444a73024d13bf9,5,3e1785f783ed3239077f60e39444a73024d13bf9,['Computer Science'],"[{'category': 'Computer Science', 'source': 'external'}, {'category': 'Philosophy', 'source': 's2-fos-model'}, {'category': 'Computer Science', 'source': 's2-fos-model'}]"
Adaptive Adversarial Training Does Not Increase Recourse Costs,"Ian Hardy, Jayanth Yetukuri, Yang Liu",2023,"AAAI/ACM Conference on AI, Ethics, and Society",10.1145/3600211.3604704,https://www.semanticscholar.org/paper/db59e7dc5980cc09f073248b1c6ec2c96d7a2635,1,db59e7dc5980cc09f073248b1c6ec2c96d7a2635,['Computer Science'],"[{'category': 'Computer Science', 'source': 'external'}, {'category': 'Computer Science', 'source': 's2-fos-model'}]"
Factoring the Matrix of Domination: A Critical Review and Reimagination of Intersectionality in AI Fairness,"Arjun Subramonian, Vagrant Gautam",2023,"AAAI/ACM Conference on AI, Ethics, and Society",10.1145/3600211.3604705,https://www.semanticscholar.org/paper/9d979aa07ed80bc943073c8b09ffeb2998e594a8,59,9d979aa07ed80bc943073c8b09ffeb2998e594a8,['Computer Science'],"[{'category': 'Computer Science', 'source': 'external'}, {'category': 'Computer Science', 'source': 's2-fos-model'}, {'category': 'Sociology', 'source': 's2-fos-model'}, {'category': 'Philosophy', 'source': 's2-fos-model'}]"
REFRESH: Responsible and Efficient Feature Reselection guided by SHAP values,"Shubham Sharma, Sanghamitra Dutta, Emanuele Albini, F. Lécué, D. Magazzeni, M. Veloso",2023,"AAAI/ACM Conference on AI, Ethics, and Society",10.1145/3600211.3604706,https://www.semanticscholar.org/paper/4464838387cf25134a2afe8d1f17dd7c5070a251,3,4464838387cf25134a2afe8d1f17dd7c5070a251,['Computer Science'],"[{'category': 'Computer Science', 'source': 'external'}, {'category': 'Computer Science', 'source': 's2-fos-model'}]"
When Fair Classification Meets Noisy Protected Attributes,"Avijit Ghosh, Pablo Kvitca, Chris L. Wilson",2023,"AAAI/ACM Conference on AI, Ethics, and Society",10.1145/3600211.3604707,https://www.semanticscholar.org/paper/9aeaa29ffd999396a39d48dd29ccec8e6f03f3eb,10,9aeaa29ffd999396a39d48dd29ccec8e6f03f3eb,['Computer Science'],"[{'category': 'Computer Science', 'source': 'external'}, {'category': 'Computer Science', 'source': 's2-fos-model'}]"
Towards User Guided Actionable Recourse,"Jayanth Yetukuri, Ian Hardy, Yang Liu",2023,"AAAI/ACM Conference on AI, Ethics, and Society",10.1145/3600211.3604708,https://www.semanticscholar.org/paper/b2681fb3c523f45b0ac1f5c69a5b13e1163af778,4,b2681fb3c523f45b0ac1f5c69a5b13e1163af778,['Computer Science'],"[{'category': 'Computer Science', 'source': 'external'}, {'category': 'Computer Science', 'source': 's2-fos-model'}]"
How does Value Similarity affect Human Reliance in AI-Assisted Ethical Decision Making?,"Saumik Narayanan, Chien-Ju Ho, Ming Yin",2023,"AAAI/ACM Conference on AI, Ethics, and Society",10.1145/3600211.3604709,https://www.semanticscholar.org/paper/bea8e31ef95355d78e0e0435e59bcccd5018f85d,12,bea8e31ef95355d78e0e0435e59bcccd5018f85d,['Computer Science'],"[{'category': 'Computer Science', 'source': 'external'}, {'category': 'Computer Science', 'source': 's2-fos-model'}, {'category': 'Psychology', 'source': 's2-fos-model'}]"
Social Biases through the Text-to-Image Generation Lens,"Ranjita Naik, Besmira Nushi",2023,"AAAI/ACM Conference on AI, Ethics, and Society",10.1145/3600211.3604711,https://www.semanticscholar.org/paper/7b18bdf21b74b7d97bace715f78d05bd447ee30f,191,7b18bdf21b74b7d97bace715f78d05bd447ee30f,['Computer Science'],"[{'category': 'Computer Science', 'source': 'external'}, {'category': 'Sociology', 'source': 's2-fos-model'}, {'category': 'Computer Science', 'source': 's2-fos-model'}]"
Supporting Human-AI Collaboration in Auditing LLMs with LLMs,"Charvi Rastogi, Marco Tulio Ribeiro, Nicholas King, Saleema Amershi",2023,"AAAI/ACM Conference on AI, Ethics, and Society",10.1145/3600211.3604712,https://www.semanticscholar.org/paper/784e03977f16b0b5a00c16523fdbcb9ffcefc545,88,784e03977f16b0b5a00c16523fdbcb9ffcefc545,['Computer Science'],"[{'category': 'Computer Science', 'source': 'external'}, {'category': 'Computer Science', 'source': 's2-fos-model'}]"
Stress-Testing Bias Mitigation Algorithms to Understand Fairness Vulnerabilities,"Karan Bhanot, Ioana Baldini, Dennis Wei, J. Zeng, Kristin P. Bennett",2023,"AAAI/ACM Conference on AI, Ethics, and Society",10.1145/3600211.3604713,https://www.semanticscholar.org/paper/cab72bb4a0bf3dcd277d613bd4f3a0e733f90193,2,cab72bb4a0bf3dcd277d613bd4f3a0e733f90193,['Computer Science'],"[{'category': 'Computer Science', 'source': 'external'}, {'category': 'Computer Science', 'source': 's2-fos-model'}]"
Action Guidance and AI Alignment,P. Robinson,2023,"AAAI/ACM Conference on AI, Ethics, and Society",10.1145/3600211.3604714,https://www.semanticscholar.org/paper/94f4341b6ece68dc139bfe585426a2a65e44c245,2,94f4341b6ece68dc139bfe585426a2a65e44c245,['Computer Science'],"[{'category': 'Computer Science', 'source': 'external'}, {'category': 'Computer Science', 'source': 's2-fos-model'}, {'category': 'Philosophy', 'source': 's2-fos-model'}]"
AI Art and Misinformation: Approaches and Strategies for Media Literacy and Fact Checking,"J. Walker, Gefion Thuermer, J. Vicens, E. Simperl",2023,"AAAI/ACM Conference on AI, Ethics, and Society",10.1145/3600211.3604715,https://www.semanticscholar.org/paper/cc6bb02fe81f3b912f7efc98dab5428a54dcd58d,13,cc6bb02fe81f3b912f7efc98dab5428a54dcd58d,['Computer Science'],"[{'category': 'Computer Science', 'source': 'external'}, {'category': 'Art', 'source': 's2-fos-model'}, {'category': 'Computer Science', 'source': 's2-fos-model'}]"
Diffusing the Creator: Attributing Credit for Generative AI Outputs,"Donal Khosrowi, Finola Finn, Elinor Clark",2023,"AAAI/ACM Conference on AI, Ethics, and Society",10.1145/3600211.3604716,https://www.semanticscholar.org/paper/39c1915d238bafb8896da7895500f268034337d4,17,39c1915d238bafb8896da7895500f268034337d4,['Computer Science'],"[{'category': 'Computer Science', 'source': 'external'}, {'category': 'Philosophy', 'source': 's2-fos-model'}, {'category': 'Computer Science', 'source': 's2-fos-model'}, {'category': 'Law', 'source': 's2-fos-model'}]"
Self-determination through explanation: an ethical perspective on the implementation of the transparency requirements for recommender systems set by the Digital Services Act of the European Union,M. Fabbri,2023,"AAAI/ACM Conference on AI, Ethics, and Society",10.1145/3600211.3604717,https://www.semanticscholar.org/paper/a556c0adaaa7c85b9333b91f75ddb6ec4a668a5b,8,a556c0adaaa7c85b9333b91f75ddb6ec4a668a5b,['Computer Science'],"[{'category': 'Computer Science', 'source': 'external'}, {'category': 'Law', 'source': 's2-fos-model'}]"
A multidomain relational framework to guide institutional AI research and adoption,"Vince J. Straub, Deborah Morgan, Youmna Hashem, J. Francis, Saba Esnaashari, Jonathan Bright",2023,EWAF,10.1145/3600211.3604718,https://www.semanticscholar.org/paper/93a2901c8b4d941369e8342a6e0de7daeb29910d,11,93a2901c8b4d941369e8342a6e0de7daeb29910d,['Computer Science'],"[{'category': 'Computer Science', 'source': 'external'}, {'category': 'Computer Science', 'source': 's2-fos-model'}, {'category': 'Political Science', 'source': 's2-fos-model'}, {'category': 'Sociology', 'source': 's2-fos-model'}]"
Evaluating the Impact of Social Determinants on Health Prediction in the Intensive Care Unit,"M. Yang, G. Kwak, T. Pollard, L. Celi, M. Ghassemi",2023,"AAAI/ACM Conference on AI, Ethics, and Society",10.1145/3600211.3604719,https://www.semanticscholar.org/paper/48db62a9110479e1019e203bf686a0d4b597e3b0,20,48db62a9110479e1019e203bf686a0d4b597e3b0,['Computer Science'],"[{'category': 'Computer Science', 'source': 'external'}, {'category': 'Medicine', 'source': 's2-fos-model'}]"
Evaluating the Fairness of Discriminative Foundation Models in Computer Vision,"Junaid Ali, Matthäus Kleindessner, F. Wenzel, Kailash Budhathoki, V. Cevher, Chris Russell",2023,"AAAI/ACM Conference on AI, Ethics, and Society",10.1145/3600211.3604720,https://www.semanticscholar.org/paper/535c0642aa2b5178317f082d04f1eb6a37c86bc9,16,535c0642aa2b5178317f082d04f1eb6a37c86bc9,['Computer Science'],"[{'category': 'Computer Science', 'source': 'external'}, {'category': 'Computer Science', 'source': 's2-fos-model'}]"
Typology of Risks of Generative Text-to-Image Models,"Charlotte M. Bird, Eddie L. Ungless, Atoosa Kasirzadeh",2023,"AAAI/ACM Conference on AI, Ethics, and Society",10.1145/3600211.3604722,https://www.semanticscholar.org/paper/696d96c260cd4ce074ff68040e1e5c783234d7bd,115,696d96c260cd4ce074ff68040e1e5c783234d7bd,['Computer Science'],"[{'category': 'Computer Science', 'source': 'external'}, {'category': 'Computer Science', 'source': 's2-fos-model'}]"
Ground Truth Or Dare: Factors Affecting The Creation Of Medical Datasets For Training AI,"H. D. Zając, Natalia-Rozalia Avlona, F. Kensing, T. Andersen, Irina Shklovski",2023,"AAAI/ACM Conference on AI, Ethics, and Society",10.1145/3600211.3604766,https://www.semanticscholar.org/paper/8a0f9c0f407ea24e062172687b833aad0df96284,33,8a0f9c0f407ea24e062172687b833aad0df96284,['Computer Science'],"[{'category': 'Computer Science', 'source': 'external'}, {'category': 'Medicine', 'source': 's2-fos-model'}, {'category': 'Computer Science', 'source': 's2-fos-model'}]"
Toward A Causal Framework for Modeling Perception,"Jose M. Alvarez, Salvatore Ruggieri",2024,"Proceedings of the AAAI/ACM Conference on AI, Ethics, and Society",10.1609/aies.v8i1.36539,https://www.semanticscholar.org/paper/61027b0bb29580947996fa8f2499b29b1e05eeb5,0,61027b0bb29580947996fa8f2499b29b1e05eeb5,['Computer Science'],"[{'category': 'Computer Science', 'source': 'external'}, {'category': 'Computer Science', 'source': 's2-fos-model'}, {'category': 'Philosophy', 'source': 's2-fos-model'}]"
GermanPartiesQA: Benchmarking Commercial Large Language Models and AI Companions for Political Alignment and Sycophancy,"Jan Batzner, Volker Stocker, Stefan Schmid, Gjergji Kasneci",2024,"Proceedings of the AAAI/ACM Conference on AI, Ethics, and Society",10.1609/aies.v8i1.36552,https://www.semanticscholar.org/paper/306762fd3a12300384ef3545e6707219b1f4f992,7,306762fd3a12300384ef3545e6707219b1f4f992,['Computer Science'],"[{'category': 'Computer Science', 'source': 'external'}, {'category': 'Political Science', 'source': 's2-fos-model'}, {'category': 'Computer Science', 'source': 's2-fos-model'}]"
Towards Interactive Evaluations for Interaction Harms in Human-AI Systems,"Lujain Ibrahim, Saffron Huang, Umang Bhatt, Lama Ahmad, Markus Anderljung",2024,"Proceedings of the AAAI/ACM Conference on AI, Ethics, and Society",10.1609/aies.v8i2.36631,https://www.semanticscholar.org/paper/6c1dcf5e573d88394ab2094c485c7954678f8aa8,24,6c1dcf5e573d88394ab2094c485c7954678f8aa8,['Computer Science'],"[{'category': 'Computer Science', 'source': 'external'}, {'category': 'Computer Science', 'source': 's2-fos-model'}, {'category': 'Philosophy', 'source': 's2-fos-model'}, {'category': 'Psychology', 'source': 's2-fos-model'}]"
A Principled Approach for Data Bias Mitigation,"Bruno Scarone, Alfredo Viola, Renée J. Miller, Ricardo A. Baeza-Yates",2024,"Proceedings of the AAAI/ACM Conference on AI, Ethics, and Society",10.1609/aies.v8i3.36712,https://www.semanticscholar.org/paper/d65fe2dcd305c33b89b0a3ca1d92e3f1c8243518,0,d65fe2dcd305c33b89b0a3ca1d92e3f1c8243518,['Computer Science'],"[{'category': 'Computer Science', 'source': 'external'}, {'category': 'Computer Science', 'source': 's2-fos-model'}]"
Aligning AI with Public Values: Deliberation and Decision-Making for Governing Multimodal LLMs in Political Video Analysis,"Tanusree Sharma, Yujin Potter, Zachary Kilhoffer, Yun Huang, D. Song, Yang Wang",2024,"Proceedings of the AAAI/ACM Conference on AI, Ethics, and Society",10.1609/aies.v8i3.36720,https://www.semanticscholar.org/paper/815b07eef4bffaa48ff375178601f59990d7c0cf,5,815b07eef4bffaa48ff375178601f59990d7c0cf,['Computer Science'],"[{'category': 'Computer Science', 'source': 'external'}, {'category': 'Political Science', 'source': 's2-fos-model'}, {'category': 'Computer Science', 'source': 's2-fos-model'}]"
Bridging Ethics and AI: A Path to Moral Machines,Aisha Aijaz,2025,"AAAI/ACM Conference on AI, Ethics, and Society",10.1609/aies.v7i2.31892,https://www.semanticscholar.org/paper/12020eaefe5c4ba4a9ae4dac41e7c8d76c43b835,0,12020eaefe5c4ba4a9ae4dac41e7c8d76c43b835,['Computer Science'],"[{'category': 'Computer Science', 'source': 'external'}, {'category': 'Computer Science', 'source': 's2-fos-model'}, {'category': 'Philosophy', 'source': 's2-fos-model'}]"
"Data Cleaning, Discard Studies, and Discretionary Power",Pinar Barlas,2025,"AAAI/ACM Conference on AI, Ethics, and Society",10.1609/aies.v7i2.31893,https://www.semanticscholar.org/paper/c4f018c6d2db7d9ddbe707fe96596f992ec72938,0,c4f018c6d2db7d9ddbe707fe96596f992ec72938,['Computer Science'],"[{'category': 'Computer Science', 'source': 'external'}, {'category': 'Computer Science', 'source': 's2-fos-model'}, {'category': 'Sociology', 'source': 's2-fos-model'}]"
Enhancing Transparency and Research Ethics through Human AI Techniques,Tatiana Chakravorti,2025,"AAAI/ACM Conference on AI, Ethics, and Society",10.1609/aies.v7i2.31894,https://www.semanticscholar.org/paper/23ebfe67d43068ca9f07ce13d4191e82c76c0aec,0,23ebfe67d43068ca9f07ce13d4191e82c76c0aec,['Computer Science'],"[{'category': 'Computer Science', 'source': 'external'}, {'category': 'Computer Science', 'source': 's2-fos-model'}, {'category': 'Philosophy', 'source': 's2-fos-model'}]"
Schools of AI in the Public Sector: Fairness and Accountability Concerns,Marc T. J. Elliott,2025,"AAAI/ACM Conference on AI, Ethics, and Society",10.1609/aies.v7i2.31895,https://www.semanticscholar.org/paper/e950a24b94b02d920c4f73f6f25f6fd60028800f,0,e950a24b94b02d920c4f73f6f25f6fd60028800f,['Computer Science'],"[{'category': 'Computer Science', 'source': 'external'}, {'category': 'Computer Science', 'source': 's2-fos-model'}, {'category': 'Political Science', 'source': 's2-fos-model'}, {'category': 'Law', 'source': 's2-fos-model'}]"
Model Multiplicity for Responsible AI,Prakhar Ganesh,2025,"AAAI/ACM Conference on AI, Ethics, and Society",10.1609/aies.v7i2.31896,https://www.semanticscholar.org/paper/01da427f4e52a39c770fa52624e26b208cd443c4,0,01da427f4e52a39c770fa52624e26b208cd443c4,['Computer Science'],"[{'category': 'Computer Science', 'source': 'external'}, {'category': 'Computer Science', 'source': 's2-fos-model'}, {'category': 'Philosophy', 'source': 's2-fos-model'}]"
AI Ethics for Creativity,Alayt Issak,2025,"AAAI/ACM Conference on AI, Ethics, and Society",10.1609/aies.v7i2.31897,https://www.semanticscholar.org/paper/790179ec201d41753544c99552fad5bf16194da4,0,790179ec201d41753544c99552fad5bf16194da4,['Computer Science'],"[{'category': 'Computer Science', 'source': 'external'}, {'category': 'Computer Science', 'source': 's2-fos-model'}, {'category': 'Philosophy', 'source': 's2-fos-model'}, {'category': 'Art', 'source': 's2-fos-model'}]"
Uncovering Gender Biases in Human-AI Platforms,Siddharth D. Jaiswal,2025,"AAAI/ACM Conference on AI, Ethics, and Society",10.1609/aies.v7i2.31898,https://www.semanticscholar.org/paper/d732d9bcee416d31179bcccdcb3e5e8287c0064d,1,d732d9bcee416d31179bcccdcb3e5e8287c0064d,['Computer Science'],"[{'category': 'Computer Science', 'source': 'external'}, {'category': 'Computer Science', 'source': 's2-fos-model'}]"
"The Main Challenges of AI Ethics: Historical Contextualization, Black-Boxing, Social Biases, Labor Invisibility",Konstantinos Konstantis,2025,"AAAI/ACM Conference on AI, Ethics, and Society",10.1609/aies.v7i2.31899,https://www.semanticscholar.org/paper/6d7755bf41c50b5f623ea9bea721c9243bfe7b6b,0,6d7755bf41c50b5f623ea9bea721c9243bfe7b6b,['Computer Science'],"[{'category': 'Computer Science', 'source': 'external'}, {'category': 'Philosophy', 'source': 's2-fos-model'}, {'category': 'Computer Science', 'source': 's2-fos-model'}, {'category': 'History', 'source': 's2-fos-model'}]"
Enhancing Human-AI Collaboration through Adaptive Interaction and Explainability,Zhaobin Li,2025,"AAAI/ACM Conference on AI, Ethics, and Society",10.1609/aies.v7i2.31900,https://www.semanticscholar.org/paper/a2b65e0c011cffabb77123589aad09f89cb4cb27,0,a2b65e0c011cffabb77123589aad09f89cb4cb27,['Computer Science'],"[{'category': 'Computer Science', 'source': 'external'}, {'category': 'Computer Science', 'source': 's2-fos-model'}]"
Automated Decision-Making Systems for Behavioral Regulation: Understanding Perceptions and Behavioral Reactions,Carmen Loefflad,2025,"AAAI/ACM Conference on AI, Ethics, and Society",10.1609/aies.v7i2.31901,https://www.semanticscholar.org/paper/cb17c0c2718903f5709bd643bff226aead3203c8,0,cb17c0c2718903f5709bd643bff226aead3203c8,['Computer Science'],"[{'category': 'Computer Science', 'source': 'external'}, {'category': 'Psychology', 'source': 's2-fos-model'}, {'category': 'Computer Science', 'source': 's2-fos-model'}]"
Making Sense of Digital Domination,Jonne Maas,2025,"AAAI/ACM Conference on AI, Ethics, and Society",10.1609/aies.v7i2.31902,https://www.semanticscholar.org/paper/929cb22c3b81d85b0fb4ebd4a64f48284f91c9ac,0,929cb22c3b81d85b0fb4ebd4a64f48284f91c9ac,['Computer Science'],"[{'category': 'Computer Science', 'source': 'external'}, {'category': 'Philosophy', 'source': 's2-fos-model'}, {'category': 'Computer Science', 'source': 's2-fos-model'}]"
Misplaced Capabilities: Evaluating the Risks of Anthropomorphism in Human-AI Interactions,Takuya Maeda,2025,"AAAI/ACM Conference on AI, Ethics, and Society",10.1609/aies.v7i2.31903,https://www.semanticscholar.org/paper/475b28f00bdfd23f22721148eee721bf5d08f9a2,1,475b28f00bdfd23f22721148eee721bf5d08f9a2,['Computer Science'],"[{'category': 'Computer Science', 'source': 'external'}, {'category': 'Computer Science', 'source': 's2-fos-model'}]"
Tree-Based Approaches for Interpretable Modeling in Healthcare,Juliette Murris,2025,"AAAI/ACM Conference on AI, Ethics, and Society",10.1609/aies.v7i2.31904,https://www.semanticscholar.org/paper/38af52026c7d3d9952fee2fcaba352c61bb24501,3,38af52026c7d3d9952fee2fcaba352c61bb24501,['Computer Science'],"[{'category': 'Computer Science', 'source': 'external'}, {'category': 'Medicine', 'source': 's2-fos-model'}, {'category': 'Computer Science', 'source': 's2-fos-model'}]"
The Need For Inclusive NLP: Addressing Sociodemographic Bias and Enhancing Sociotechnical Systems through Interdisciplinary Frameworks,P. Venkit,2025,"AAAI/ACM Conference on AI, Ethics, and Society",10.1609/aies.v7i2.31905,https://www.semanticscholar.org/paper/3498c4be9ac3a223462ead7246a47e40a72bb29d,0,3498c4be9ac3a223462ead7246a47e40a72bb29d,['Computer Science'],"[{'category': 'Computer Science', 'source': 'external'}, {'category': 'Sociology', 'source': 's2-fos-model'}, {'category': 'Computer Science', 'source': 's2-fos-model'}, {'category': 'Linguistics', 'source': 's2-fos-model'}]"
Intent-Aware Example-Based Explainability,Ikhtiyor Nematov,2025,"AAAI/ACM Conference on AI, Ethics, and Society",10.1609/aies.v7i2.31906,https://www.semanticscholar.org/paper/918651c791e0bfee163cca6a96b4a325b814bf05,0,918651c791e0bfee163cca6a96b4a325b814bf05,['Computer Science'],"[{'category': 'Computer Science', 'source': 'external'}, {'category': 'Computer Science', 'source': 's2-fos-model'}]"
Advancing Early Alzheimer's Disease Detection in Underdeveloped Areas with Fair Explainable AI Methods,Quoc-Toan Nguyen,2025,"AAAI/ACM Conference on AI, Ethics, and Society",10.1609/aies.v7i2.31907,https://www.semanticscholar.org/paper/d84c6bc7486a449d9ece13c09d75bddc6b32a306,3,d84c6bc7486a449d9ece13c09d75bddc6b32a306,['Computer Science'],"[{'category': 'Computer Science', 'source': 'external'}, {'category': 'Medicine', 'source': 's2-fos-model'}, {'category': 'Computer Science', 'source': 's2-fos-model'}, {'category': 'Environmental Science', 'source': 's2-fos-model'}]"
Two-Stage Refugee Resettlement Models: Computational Aspects of the Second Stage,Šimon Schierreich,2025,"AAAI/ACM Conference on AI, Ethics, and Society",10.1609/aies.v7i2.31908,https://www.semanticscholar.org/paper/425a4af16f09a4bbdb72f016b70f096ba3372564,2,425a4af16f09a4bbdb72f016b70f096ba3372564,['Computer Science'],"[{'category': 'Computer Science', 'source': 'external'}, {'category': 'Computer Science', 'source': 's2-fos-model'}, {'category': 'Sociology', 'source': 's2-fos-model'}, {'category': 'Political Science', 'source': 's2-fos-model'}]"
Decoding Global AI Governance: A Computational Linguistic Analysis of National Regulations,Eryclis Silva,2025,"AAAI/ACM Conference on AI, Ethics, and Society",10.1609/aies.v7i2.31909,https://www.semanticscholar.org/paper/35220a87c716712ebd8af1795035a0b4360007ab,0,35220a87c716712ebd8af1795035a0b4360007ab,['Computer Science'],"[{'category': 'Computer Science', 'source': 'external'}, {'category': 'Political Science', 'source': 's2-fos-model'}, {'category': 'Computer Science', 'source': 's2-fos-model'}, {'category': 'Linguistics', 'source': 's2-fos-model'}]"
Quantitative and Organizational Approaches to Epistemic Risk in Generative and General-Purpose AI,Robert Wolfe,2025,"AAAI/ACM Conference on AI, Ethics, and Society",10.1609/aies.v7i2.31910,https://www.semanticscholar.org/paper/a3ccf44f65048dac1b17bf353241aaa3456f9754,0,a3ccf44f65048dac1b17bf353241aaa3456f9754,['Computer Science'],"[{'category': 'Computer Science', 'source': 'external'}, {'category': 'Computer Science', 'source': 's2-fos-model'}]"
Generative Models for Art and Society,Yankun Wu,2025,"AAAI/ACM Conference on AI, Ethics, and Society",10.1609/aies.v7i2.31911,https://www.semanticscholar.org/paper/b4203b03013e661fe4753395610f709d2d06293b,0,b4203b03013e661fe4753395610f709d2d06293b,['Computer Science'],"[{'category': 'Computer Science', 'source': 'external'}, {'category': 'Art', 'source': 's2-fos-model'}, {'category': 'Computer Science', 'source': 's2-fos-model'}]"
Sound Check: Auditing Recent Audio Dataset Practices,"William Agnew, Julia Barnett, Annie Chu, Rachel Hong, Michael Feffer, Robin Netzorg, Harry H. Jiang, Ezra Awumey, Sauvik Das",2025,"Proceedings of the AAAI/ACM Conference on AI, Ethics, and Society",10.1609/aies.v8i1.36528,https://www.semanticscholar.org/paper/26a18809105ed655d7ba02a1bbfb1534c50448db,0,26a18809105ed655d7ba02a1bbfb1534c50448db,,"[{'category': 'Computer Science', 'source': 's2-fos-model'}]"
Enhancing Image Comprehension: The Impact of AI-Generated Explanations on Perception of Altered and Synthetic Media,"Saquib Ahmed, Tejo Gayathri Busireddy, S. Dey",2025,"Proceedings of the AAAI/ACM Conference on AI, Ethics, and Society",10.1609/aies.v8i1.36529,https://www.semanticscholar.org/paper/a7a35ea47591d79676c79df393dddc874b53ae4c,0,a7a35ea47591d79676c79df393dddc874b53ae4c,,"[{'category': 'Computer Science', 'source': 's2-fos-model'}, {'category': 'Psychology', 'source': 's2-fos-model'}]"
Too Focused on Accuracy to Notice the Fallout: Towards Socially Responsible Fake News Detection,"Esma Aïmeur, Gilles Brassard, Dorsaf Sallami",2025,"Proceedings of the AAAI/ACM Conference on AI, Ethics, and Society",10.1609/aies.v8i1.36530,https://www.semanticscholar.org/paper/b26cfb6dfbc2d739b3bb59ab96c5510e06a57a2c,0,b26cfb6dfbc2d739b3bb59ab96c5510e06a57a2c,,"[{'category': 'Computer Science', 'source': 's2-fos-model'}, {'category': 'Political Science', 'source': 's2-fos-model'}]"
An Investigation into Black and Brown Communities’ Engagement with Data & Technology,"Ebtesam Al-Haque, Gabriella Thompson, Angela D. R. Smith, Brittany Johnson",2025,"Proceedings of the AAAI/ACM Conference on AI, Ethics, and Society",10.1609/aies.v8i1.36531,https://www.semanticscholar.org/paper/0a5effc8eb15bfa86509d976f203a422daeae453,0,0a5effc8eb15bfa86509d976f203a422daeae453,,"[{'category': 'Sociology', 'source': 's2-fos-model'}, {'category': 'Computer Science', 'source': 's2-fos-model'}]"
Exploring “Just Noticeable” Group Fairness in Rankings,"Mallak Alkhathlan, Hilson Shrestha, Lane Harrison, Elke A. Rundensteiner",2025,"Proceedings of the AAAI/ACM Conference on AI, Ethics, and Society",10.1609/aies.v8i1.36532,https://www.semanticscholar.org/paper/b68a4109e270bc29fd274ae8ee7688f1da9a43f2,0,b68a4109e270bc29fd274ae8ee7688f1da9a43f2,,"[{'category': 'Computer Science', 'source': 's2-fos-model'}, {'category': 'Psychology', 'source': 's2-fos-model'}]"
Ten Insights from Other Domains That Inform Responsible AI Frameworks,"Dunstan Allison-Hope, Patrick Gage Kelley, Reena Jana, Angela McKay, Allison Woodruff",2025,"Proceedings of the AAAI/ACM Conference on AI, Ethics, and Society",10.1609/aies.v8i1.36534,https://www.semanticscholar.org/paper/a79eaa1798b71d6ad1a58d95c3522b927a2feb58,0,a79eaa1798b71d6ad1a58d95c3522b927a2feb58,,"[{'category': 'Law', 'source': 's2-fos-model'}, {'category': 'Computer Science', 'source': 's2-fos-model'}, {'category': 'Political Science', 'source': 's2-fos-model'}]"
Adaptive Accountability in Networked Multi-Agent Systems,Saad Alqithami,2025,"Proceedings of the AAAI/ACM Conference on AI, Ethics, and Society",10.1609/aies.v8i1.36536,https://www.semanticscholar.org/paper/bc6282e6d5af31a88a29a5f4c973a1c2b9ce3310,1,bc6282e6d5af31a88a29a5f4c973a1c2b9ce3310,,"[{'category': 'Computer Science', 'source': 's2-fos-model'}]"
Machine Learning and Public Health: Identifying and Mitigating Algorithmic Bias through a Systematic Review,"Sara Altamirano, Arjan Vreeken, S. Ghebreab",2025,"Proceedings of the AAAI/ACM Conference on AI, Ethics, and Society",10.1609/aies.v8i1.36537,https://www.semanticscholar.org/paper/c290e6e161d78386ce68b97fadf7c685b9db4012,0,c290e6e161d78386ce68b97fadf7c685b9db4012,['Computer Science'],"[{'category': 'Computer Science', 'source': 'external'}, {'category': 'Computer Science', 'source': 's2-fos-model'}, {'category': 'Medicine', 'source': 's2-fos-model'}]"
Disciplinary Practices in the Generation of Text Synthetic Data: A Critical Discourse Analysis,"Adriana Alvarado Garcia, Nishanshi Atulkumar Shukla, Muneeza Azmat, Marisol Wong-Villacres",2025,"Proceedings of the AAAI/ACM Conference on AI, Ethics, and Society",10.1609/aies.v8i1.36538,https://www.semanticscholar.org/paper/6110c39b97087b962491a8b97da450e064bda2ad,0,6110c39b97087b962491a8b97da450e064bda2ad,,"[{'category': 'Linguistics', 'source': 's2-fos-model'}, {'category': 'Computer Science', 'source': 's2-fos-model'}]"
Evaluating Goal Drift in Language Model Agents,"Rauno Arike, Elizabeth Donoway, Henning Bartsch, Marius Hobbhahn",2025,"Proceedings of the AAAI/ACM Conference on AI, Ethics, and Society",10.1609/aies.v8i1.36541,https://www.semanticscholar.org/paper/384e32875255f2c17f7b5f3110a11b4be09ffab8,9,384e32875255f2c17f7b5f3110a11b4be09ffab8,,"[{'category': 'Computer Science', 'source': 's2-fos-model'}]"
"Learning to Unlearn, Failing to Forget? Assessing Machine Unlearning Through Ethics and Epistemology","Iqra Aslam, Donal Khosrowi, Rahul Nagshi",2025,"Proceedings of the AAAI/ACM Conference on AI, Ethics, and Society",10.1609/aies.v8i1.36542,https://www.semanticscholar.org/paper/91a1509593ee221c17900a60012b50b94ca5476b,0,91a1509593ee221c17900a60012b50b94ca5476b,,"[{'category': 'Computer Science', 'source': 's2-fos-model'}, {'category': 'Philosophy', 'source': 's2-fos-model'}, {'category': 'Sociology', 'source': 's2-fos-model'}]"
AI-OCI: A Novel Framework for Assessing AI’s Workforce Impact Using LLMs,"Frederick Awuah-Gyasi, Trilce Estrada",2025,"Proceedings of the AAAI/ACM Conference on AI, Ethics, and Society",10.1609/aies.v8i1.36545,https://www.semanticscholar.org/paper/a634cf8e3a438c9dd135b2ff96899ffd84da17c1,0,a634cf8e3a438c9dd135b2ff96899ffd84da17c1,,"[{'category': 'Computer Science', 'source': 's2-fos-model'}, {'category': 'Engineering', 'source': 's2-fos-model'}]"
"A Critical Look at a Critical Care Dataset: MIMIC-IV's Construction, Contents, & Consequences",Pınar Barlas,2025,"Proceedings of the AAAI/ACM Conference on AI, Ethics, and Society",10.1609/aies.v8i1.36550,https://www.semanticscholar.org/paper/9973782c6b92d68a0c4e32383c9671d1efdb1245,0,9973782c6b92d68a0c4e32383c9671d1efdb1245,,"[{'category': 'Medicine', 'source': 's2-fos-model'}, {'category': 'Computer Science', 'source': 's2-fos-model'}]"
Whose Personae? Synthetic Persona Experiments in LLM Research and Pathways to Transparency,"Jan Batzner, Volker Stocker, Bingjun Tang, Anusha Natarajan, Qinhao Chen, Stefan Schmid, Gjergji Kasneci",2025,"Proceedings of the AAAI/ACM Conference on AI, Ethics, and Society",10.1609/aies.v8i1.36553,https://www.semanticscholar.org/paper/081557e2ee7173e77fac1244aebe9d02d4ffe003,6,081557e2ee7173e77fac1244aebe9d02d4ffe003,['Computer Science'],"[{'category': 'Computer Science', 'source': 'external'}, {'category': 'Computer Science', 'source': 's2-fos-model'}, {'category': 'Linguistics', 'source': 's2-fos-model'}]"
Aggregation Problems in Machine Ethics and AI Alignment,"Kevin Baum, Marija Slavkovik",2025,"Proceedings of the AAAI/ACM Conference on AI, Ethics, and Society",10.1609/aies.v8i1.36554,https://www.semanticscholar.org/paper/b2f78087c968cda5f2ae746c301e4d936198accc,1,b2f78087c968cda5f2ae746c301e4d936198accc,,"[{'category': 'Computer Science', 'source': 's2-fos-model'}, {'category': 'Philosophy', 'source': 's2-fos-model'}]"
No Such Thing as Free Brain Time: For a Pigouvian Tax on Attention Capture,"Hamza Belgroun, Franck Michel, Fabien L. Gandon",2025,"Proceedings of the AAAI/ACM Conference on AI, Ethics, and Society",10.1609/aies.v8i1.36555,https://www.semanticscholar.org/paper/a4eddc5383b764585e6b8febb5162b380aef1f7b,2,a4eddc5383b764585e6b8febb5162b380aef1f7b,['Computer Science'],"[{'category': 'Computer Science', 'source': 'external'}, {'category': 'Law', 'source': 's2-fos-model'}, {'category': 'Philosophy', 'source': 's2-fos-model'}, {'category': 'Economics', 'source': 's2-fos-model'}]"
What’s Individual About Individual Fairness?,"S. Ben-David, Pascale Gourdeau, Tosca Lechner, Ruth Urner",2025,"Proceedings of the AAAI/ACM Conference on AI, Ethics, and Society",10.1609/aies.v8i1.36556,https://www.semanticscholar.org/paper/78f8d8a3ce86e90a1d4a916ac9667d9679b15e8d,0,78f8d8a3ce86e90a1d4a916ac9667d9679b15e8d,,"[{'category': 'Computer Science', 'source': 's2-fos-model'}, {'category': 'Philosophy', 'source': 's2-fos-model'}]"
Centring the Margins: Mapping AI Systems as Systems of Power,Garfield Benjamin,2025,"Proceedings of the AAAI/ACM Conference on AI, Ethics, and Society",10.1609/aies.v8i1.36557,https://www.semanticscholar.org/paper/045aa33bb938c7173116ba818a1a6764714b889f,0,045aa33bb938c7173116ba818a1a6764714b889f,,"[{'category': 'Sociology', 'source': 's2-fos-model'}, {'category': 'Computer Science', 'source': 's2-fos-model'}]"
Making Sense of AI Ethics and Governance Investments,"Marianna Bergamaschi Ganapini, Nicholas Berente, Francesca Rossi, Brian C. Goehring, Marialena Bevilacqua",2025,"Proceedings of the AAAI/ACM Conference on AI, Ethics, and Society",10.1609/aies.v8i1.36559,https://www.semanticscholar.org/paper/80f94dd446d1c540a55438e09adaf177bfb6298e,0,80f94dd446d1c540a55438e09adaf177bfb6298e,,"[{'category': 'Business', 'source': 's2-fos-model'}, {'category': 'Computer Science', 'source': 's2-fos-model'}, {'category': 'Philosophy', 'source': 's2-fos-model'}]"
"Toward an Ethic of Synthetic Relationality: Identity, Intimacy, and Risk in AI-Mediated Roleplay Environments",Maalvika Bhat,2025,"Proceedings of the AAAI/ACM Conference on AI, Ethics, and Society",10.1609/aies.v8i1.36560,https://www.semanticscholar.org/paper/b38f87228e9f8e8c6c1289042adf8e7d62f0b749,1,b38f87228e9f8e8c6c1289042adf8e7d62f0b749,,"[{'category': 'Computer Science', 'source': 's2-fos-model'}, {'category': 'Psychology', 'source': 's2-fos-model'}]"
Emotional Plausibility vs. Emotional Truth: Designing Against Affective Misinformation in Conversational AI,"Maalvika Bhat, Duri Long",2025,"Proceedings of the AAAI/ACM Conference on AI, Ethics, and Society",10.1609/aies.v8i1.36561,https://www.semanticscholar.org/paper/335473e9cc6d39afe725f25e60f718e5fb79ae51,0,335473e9cc6d39afe725f25e60f718e5fb79ae51,,"[{'category': 'Computer Science', 'source': 's2-fos-model'}]"
Mimetic AI Systems: Understanding and Regulating the Use of Generative Models for Impersonation,Norman Bukingolts,2025,"Proceedings of the AAAI/ACM Conference on AI, Ethics, and Society",10.1609/aies.v8i1.36564,https://www.semanticscholar.org/paper/8f121936a5dac0fcdc9a16590e1ca1a47d8a910f,0,8f121936a5dac0fcdc9a16590e1ca1a47d8a910f,,"[{'category': 'Computer Science', 'source': 's2-fos-model'}, {'category': 'Law', 'source': 's2-fos-model'}]"
Demographic-Agnostic Fairness without Harm,"Zhongteng Cai, Mohammad Mahdi Khalili, Xueru Zhang",2025,"Proceedings of the AAAI/ACM Conference on AI, Ethics, and Society",10.1609/aies.v8i1.36565,https://www.semanticscholar.org/paper/db02cbc1af14eab23cae3046ce2d4a9930196d5f,1,db02cbc1af14eab23cae3046ce2d4a9930196d5f,"['Computer Science', 'Mathematics']","[{'category': 'Computer Science', 'source': 'external'}, {'category': 'Mathematics', 'source': 'external'}, {'category': 'Computer Science', 'source': 's2-fos-model'}, {'category': 'Sociology', 'source': 's2-fos-model'}]"
Trust Formation in Healthcare AI: An Exploration of Older Adults’ Perspectives,"Önder Çelik, Marlene Kulla, Justyna Stypinska",2025,"Proceedings of the AAAI/ACM Conference on AI, Ethics, and Society",10.1609/aies.v8i1.36566,https://www.semanticscholar.org/paper/fedceb502fc2069f5f61eefc79d6f869a404a8bc,1,fedceb502fc2069f5f61eefc79d6f869a404a8bc,,"[{'category': 'Sociology', 'source': 's2-fos-model'}, {'category': 'Medicine', 'source': 's2-fos-model'}, {'category': 'Computer Science', 'source': 's2-fos-model'}]"
Responsible AI in the OSS: Reconciling Innovation with Risk Assessment and Disclosure,"Mahasweta Chakraborti, Bert Joseph Prestoza, Nicholas Vincent, Vladimir Filkov, Seth Frey",2025,"Proceedings of the AAAI/ACM Conference on AI, Ethics, and Society",10.1609/aies.v8i1.36567,https://www.semanticscholar.org/paper/270e5b200f983b9e9bf25398bf18f1eeb1cef531,0,270e5b200f983b9e9bf25398bf18f1eeb1cef531,,"[{'category': 'Computer Science', 'source': 's2-fos-model'}]"
Re-imagining Virtual Communities: Ethical Guidelines for Studying Black Twitter,"Christina Chance, Kai-Wei Chang",2025,"Proceedings of the AAAI/ACM Conference on AI, Ethics, and Society",10.1609/aies.v8i1.36569,https://www.semanticscholar.org/paper/8cb737adffd7c660805b027e1a221f953710dd17,0,8cb737adffd7c660805b027e1a221f953710dd17,,"[{'category': 'Sociology', 'source': 's2-fos-model'}, {'category': 'Computer Science', 'source': 's2-fos-model'}]"
Accountability Capture: How Record-Keeping to Support AI Transparency and Accountability (Re)shapes Algorithmic Oversight,"S. Chappidi, Jennifer Cobbe, Chris Norval, Anjali Mazumder, Jatinder Singh",2025,"Proceedings of the AAAI/ACM Conference on AI, Ethics, and Society",10.1609/aies.v8i1.36570,https://www.semanticscholar.org/paper/b74ab669bb797e51f9ca403a489ce998f2642739,1,b74ab669bb797e51f9ca403a489ce998f2642739,['Computer Science'],"[{'category': 'Computer Science', 'source': 'external'}, {'category': 'Computer Science', 'source': 's2-fos-model'}, {'category': 'Sociology', 'source': 's2-fos-model'}]"
AI and the Social Contract,"Chee Hae Chung, Danielle Schiff",2025,"Proceedings of the AAAI/ACM Conference on AI, Ethics, and Society",10.1609/aies.v8i1.36575,https://www.semanticscholar.org/paper/3c09e56962f0c62d0387c67bbe42cc182e605bc1,1,3c09e56962f0c62d0387c67bbe42cc182e605bc1,,"[{'category': 'Political Science', 'source': 's2-fos-model'}]"
Stop the Nonconsensual Use of Nude Images in Research,"Princessa Cintaqia, Arshia Arya, Elissa M. Redmiles, Deepak Kumar, Allison McDonald, Lucy Qin",2025,"Proceedings of the AAAI/ACM Conference on AI, Ethics, and Society",10.1609/aies.v8i1.36576,https://www.semanticscholar.org/paper/8b55661f99b7501b1b5c658a04cc8648af687cf7,4,8b55661f99b7501b1b5c658a04cc8648af687cf7,['Computer Science'],"[{'category': 'Computer Science', 'source': 'external'}, {'category': 'Computer Science', 'source': 's2-fos-model'}, {'category': 'Psychology', 'source': 's2-fos-model'}]"
Advancing NLP Data Equity: Practitioner Responsibility and Accountability in NLP Data Practices,"Jay L. Cunningham, K. Shao, Rock Yuren Pang, Nathanael Elias Mengist",2025,"Proceedings of the AAAI/ACM Conference on AI, Ethics, and Society",10.1609/aies.v8i1.36581,https://www.semanticscholar.org/paper/2a5cdcede0a3ef0b4810a50b1b44f15a060b1917,0,2a5cdcede0a3ef0b4810a50b1b44f15a060b1917,,"[{'category': 'Computer Science', 'source': 's2-fos-model'}, {'category': 'Sociology', 'source': 's2-fos-model'}, {'category': 'Linguistics', 'source': 's2-fos-model'}]"
Algorithmic Fairness Beyond Legally Protected Groups and When Group Labels Are Unknown,"Abdoul Jalil D. Mahamadou, J. W. Gichoya, Artem A. Trotsyuk",2025,"Proceedings of the AAAI/ACM Conference on AI, Ethics, and Society",10.1609/aies.v8i1.36582,https://www.semanticscholar.org/paper/96227a24648f7715be1e8216e22c4202636ac3a6,1,96227a24648f7715be1e8216e22c4202636ac3a6,,"[{'category': 'Computer Science', 'source': 's2-fos-model'}, {'category': 'Medicine', 'source': 's2-fos-model'}, {'category': 'Law', 'source': 's2-fos-model'}]"
"""Do Your Guardrails Even Guard?'' Method for Evaluating Effectiveness of Moderation Guardrails in Aligning LLM Outputs with Expert User Expectations","Anindya Das Antar, Xun Huan, Nikola Banovic",2025,"Proceedings of the AAAI/ACM Conference on AI, Ethics, and Society",10.1609/aies.v8i1.36583,https://www.semanticscholar.org/paper/7fa8216c7e998ed7e7007eba826a3f4a9b82aefe,0,7fa8216c7e998ed7e7007eba826a3f4a9b82aefe,,"[{'category': 'Computer Science', 'source': 's2-fos-model'}]"
Automating Data Governance with Generative AI,"Linus W. Dietz, Arif Wider, Simon Harrer",2025,"Proceedings of the AAAI/ACM Conference on AI, Ethics, and Society",10.1609/aies.v8i1.36587,https://www.semanticscholar.org/paper/76e5b0a2e2909758a7e0ec67f63b9ea80686c70c,1,76e5b0a2e2909758a7e0ec67f63b9ea80686c70c,,"[{'category': 'Computer Science', 'source': 's2-fos-model'}]"
RAI Advocacy: Communicative Strategies for Advancing Responsible AI in Large Technology Companies,"Jordan Duran, Samir Passi, Mihaela Vorvoreanu",2025,"Proceedings of the AAAI/ACM Conference on AI, Ethics, and Society",10.1609/aies.v8i1.36591,https://www.semanticscholar.org/paper/81f79bea542c4b9890839f94e4210ec77c208ee6,0,81f79bea542c4b9890839f94e4210ec77c208ee6,,"[{'category': 'Computer Science', 'source': 's2-fos-model'}, {'category': 'Business', 'source': 's2-fos-model'}]"
AI Policy for Whom? Reclaiming Governance from Capitalist Capture,"Petter Ericson, Rachele Carli, Jason Tucker, Virginia Dignum",2025,"Proceedings of the AAAI/ACM Conference on AI, Ethics, and Society",10.1609/aies.v8i1.36594,https://www.semanticscholar.org/paper/dd4c529530a2b60ebc5ec205dbb25a37f2e57b22,1,dd4c529530a2b60ebc5ec205dbb25a37f2e57b22,,"[{'category': 'Political Science', 'source': 's2-fos-model'}, {'category': 'Computer Science', 'source': 's2-fos-model'}]"
From Explaining to Diagnosing: A Justice-Oriented Framework of Explainable AI for Bias Detection,"Miriam Fahimi, Laura State, Atoosa Kasirzadeh",2025,"Proceedings of the AAAI/ACM Conference on AI, Ethics, and Society",10.1609/aies.v8i1.36597,https://www.semanticscholar.org/paper/0cc57a472006e572d5c551cc0425fffc4bb0fc2d,0,0cc57a472006e572d5c551cc0425fffc4bb0fc2d,,"[{'category': 'Computer Science', 'source': 's2-fos-model'}, {'category': 'Philosophy', 'source': 's2-fos-model'}, {'category': 'Sociology', 'source': 's2-fos-model'}]"
Concept Creep in Safe Artificial Intelligence,"Laura Fearnley, Ibrahim Habli",2025,"Proceedings of the AAAI/ACM Conference on AI, Ethics, and Society",10.1609/aies.v8i1.36599,https://www.semanticscholar.org/paper/126ba4f9676160794dcc5588f49ffe31e9082c57,0,126ba4f9676160794dcc5588f49ffe31e9082c57,,"[{'category': 'Computer Science', 'source': 's2-fos-model'}, {'category': 'Philosophy', 'source': 's2-fos-model'}]"
Social Misattributions in Conversations with Large Language Models,"Andrea Ferrario, Alberto Termine, Alessandro Facchini",2025,"Proceedings of the AAAI/ACM Conference on AI, Ethics, and Society",10.1609/aies.v8i1.36600,https://www.semanticscholar.org/paper/525b04d9f8768f432be1d043ac9a11cd2b84d81b,2,525b04d9f8768f432be1d043ac9a11cd2b84d81b,,"[{'category': 'Linguistics', 'source': 's2-fos-model'}, {'category': 'Philosophy', 'source': 's2-fos-model'}, {'category': 'Computer Science', 'source': 's2-fos-model'}]"
A Taxonomy of Questions for Critical Reflection in Machine-Assisted Decision-Making,"Simon W.S. Fischer, Hanna Schraffenberger, Serge Thill, Pim Haselager",2025,"Proceedings of the AAAI/ACM Conference on AI, Ethics, and Society",10.1609/aies.v8i1.36602,https://www.semanticscholar.org/paper/516fba76da6cc8659c09ed63fa969f4254e2d39e,1,516fba76da6cc8659c09ed63fa969f4254e2d39e,['Computer Science'],"[{'category': 'Computer Science', 'source': 'external'}, {'category': 'Computer Science', 'source': 's2-fos-model'}]"
LLM-based Simulations of Human Behavior in Psychological Research,Santiago Flórez Sánchez,2025,"Proceedings of the AAAI/ACM Conference on AI, Ethics, and Society",10.1609/aies.v8i1.36603,https://www.semanticscholar.org/paper/fec08606787821caa49799884661b37fbb112634,0,fec08606787821caa49799884661b37fbb112634,,"[{'category': 'Psychology', 'source': 's2-fos-model'}]"
Dataset-to-Dataset Evaluation Before (and Without) Sharing Data,"Keren Fuentes, Mimee Xu, Irene Y. Chen",2025,"Proceedings of the AAAI/ACM Conference on AI, Ethics, and Society",10.1609/aies.v8i1.36604,https://www.semanticscholar.org/paper/6b84679671915f188c3da22f06f61906a2786f1f,0,6b84679671915f188c3da22f06f61906a2786f1f,,"[{'category': 'Computer Science', 'source': 's2-fos-model'}]"
IndiCASA: A Dataset and Bias Evaluation Framework for LLMs Using Contrastive Embedding Similarity in the Indian Context,"Santhosh G S, Akshay Govind S, Gokul S. Krishnan, Balaraman Ravindran, S. Natarajan",2025,"Proceedings of the AAAI/ACM Conference on AI, Ethics, and Society",10.1609/aies.v8i1.36605,https://www.semanticscholar.org/paper/2b07a2da083a83dfb8d4425965f5a906f54a7585,0,2b07a2da083a83dfb8d4425965f5a906f54a7585,,"[{'category': 'Computer Science', 'source': 's2-fos-model'}, {'category': 'Linguistics', 'source': 's2-fos-model'}]"
Responsible AI Governance in the Public Sector: Explaining Contextual Dynamics Through a Realist Synthesis Review,"Ana Gagua, Haiko van der Voort, Nihit Goyal, Alexander Verbraeck",2025,"Proceedings of the AAAI/ACM Conference on AI, Ethics, and Society",10.1609/aies.v8i1.36606,https://www.semanticscholar.org/paper/13f4498d6a42b0eaba57bd899d9744090f6a6cbf,0,13f4498d6a42b0eaba57bd899d9744090f6a6cbf,,"[{'category': 'Political Science', 'source': 's2-fos-model'}, {'category': 'Computer Science', 'source': 's2-fos-model'}, {'category': 'Sociology', 'source': 's2-fos-model'}]"
Known Unknowns and Unknown Unknowns: Designing a Scalable Adverse Event Reporting System for AI,"Lindsey A. Gailmard, Drew Spence, Christie Lawrence, Daniel E. Ho",2025,"Proceedings of the AAAI/ACM Conference on AI, Ethics, and Society",10.1609/aies.v8i2.36607,https://www.semanticscholar.org/paper/ae1276434dc74501a182f57e02d1f54212c747fc,1,ae1276434dc74501a182f57e02d1f54212c747fc,,"[{'category': 'Computer Science', 'source': 's2-fos-model'}, {'category': 'Medicine', 'source': 's2-fos-model'}]"
The ‘Wild West’ of Medicine: Exploring the Emergence of ‘Grassroots’ AI Governance in Radiology,"Bhargavi Ganesh, Danielle Schiff, Stuart Anderson",2025,"Proceedings of the AAAI/ACM Conference on AI, Ethics, and Society",10.1609/aies.v8i2.36608,https://www.semanticscholar.org/paper/31c3be0c5c574c0f7b730f52b29c17c1f1a42f80,0,31c3be0c5c574c0f7b730f52b29c17c1f1a42f80,,"[{'category': 'Medicine', 'source': 's2-fos-model'}, {'category': 'Computer Science', 'source': 's2-fos-model'}]"
Systemizing Multiplicity: The Curious Case of Arbitrariness in Machine Learning,"Prakhar Ganesh, Afaf Taïk, Golnoosh Farnadi",2025,"Proceedings of the AAAI/ACM Conference on AI, Ethics, and Society",10.1609/aies.v8i2.36609,https://www.semanticscholar.org/paper/77a561a1f26eb0f58359b6795b187d4cce50ca41,16,77a561a1f26eb0f58359b6795b187d4cce50ca41,['Computer Science'],"[{'category': 'Computer Science', 'source': 'external'}, {'category': 'Computer Science', 'source': 's2-fos-model'}]"
The Politics of AI Systems Are Inextricable from Their Supply Chains: Public Values Versus the Digital Political Economy,Ben Gansky,2025,"Proceedings of the AAAI/ACM Conference on AI, Ethics, and Society",10.1609/aies.v8i2.36610,https://www.semanticscholar.org/paper/66d6d65580ded3ba0d4df137861d46b0b8a6ba3e,0,66d6d65580ded3ba0d4df137861d46b0b8a6ba3e,,"[{'category': 'Political Science', 'source': 's2-fos-model'}, {'category': 'Computer Science', 'source': 's2-fos-model'}]"
Explanation Difference: Bridging Procedural and Distributional Fairness,"Joe Germino, Yuying Zhao, Tyler Derr, Nuno Moniz, Nitesh V. Chawla",2025,"Proceedings of the AAAI/ACM Conference on AI, Ethics, and Society",10.1609/aies.v8i2.36612,https://www.semanticscholar.org/paper/245a490a62dcae754d5dd74c39cdaa5fb7cba41a,0,245a490a62dcae754d5dd74c39cdaa5fb7cba41a,,"[{'category': 'Computer Science', 'source': 's2-fos-model'}]"
Embodied AI at the Margins: Postcolonial Ethics for Intelligent Robotic Systems,"Atmadeep Ghoshal, Martim Brandao, Ruba Abu-Salma, Sanjay Modgil",2025,"Proceedings of the AAAI/ACM Conference on AI, Ethics, and Society",10.1609/aies.v8i2.36615,https://www.semanticscholar.org/paper/22c6bfa988f544c9ca579117694e6584921a726e,0,22c6bfa988f544c9ca579117694e6584921a726e,,"[{'category': 'Computer Science', 'source': 's2-fos-model'}, {'category': 'Philosophy', 'source': 's2-fos-model'}, {'category': 'Sociology', 'source': 's2-fos-model'}]"
From Efficiency to Equity: Measuring Fairness in Preference Learning,"S. Gowaikar, Hugo Berard, Rashid A. Mushkani, Shin Koseki",2025,"Proceedings of the AAAI/ACM Conference on AI, Ethics, and Society",10.1609/aies.v8i2.36616,https://www.semanticscholar.org/paper/71e1999eccbd7ecef15ebb7fa1b8840b48850986,0,71e1999eccbd7ecef15ebb7fa1b8840b48850986,,"[{'category': 'Computer Science', 'source': 's2-fos-model'}, {'category': 'Economics', 'source': 's2-fos-model'}]"
AI Managing Agent-Based Healthcare Processes,"Simon Grange, Pearl Rwauya, Safa Alameri, Rami Bahsoon",2025,"Proceedings of the AAAI/ACM Conference on AI, Ethics, and Society",10.1609/aies.v8i2.36617,https://www.semanticscholar.org/paper/fb1c1a569339542bc076eb9e8ea523241184be65,0,fb1c1a569339542bc076eb9e8ea523241184be65,,"[{'category': 'Medicine', 'source': 's2-fos-model'}, {'category': 'Computer Science', 'source': 's2-fos-model'}]"
A Longitudinal Randomized Control Study of Companion Chatbot Use: Anthropomorphism and Its Mediating Role on Social Impacts,"Rose E. Guingrich, Michael S. A. Graziano",2025,"Proceedings of the AAAI/ACM Conference on AI, Ethics, and Society",10.1609/aies.v8i2.36618,https://www.semanticscholar.org/paper/d521f741cc3061374d1d2f4bfb35ca1cc432ce5b,3,d521f741cc3061374d1d2f4bfb35ca1cc432ce5b,['Computer Science'],"[{'category': 'Computer Science', 'source': 'external'}, {'category': 'Computer Science', 'source': 's2-fos-model'}, {'category': 'Psychology', 'source': 's2-fos-model'}, {'category': 'Sociology', 'source': 's2-fos-model'}]"
Beauty and the Bias: Exploring the Impact of Attractiveness on Multimodal Large Language Models,"Aditya Gulati, Moreno D'Incà, N. Sebe, Bruno Lepri, Nuria Oliver",2025,"Proceedings of the AAAI/ACM Conference on AI, Ethics, and Society",10.1609/aies.v8i2.36619,https://www.semanticscholar.org/paper/7aeb78240e3e0260aab0795c0b4a599dc18ef75b,1,7aeb78240e3e0260aab0795c0b4a599dc18ef75b,['Computer Science'],"[{'category': 'Computer Science', 'source': 'external'}, {'category': 'Computer Science', 'source': 's2-fos-model'}, {'category': 'Psychology', 'source': 's2-fos-model'}, {'category': 'Linguistics', 'source': 's2-fos-model'}]"
Exposing AI Bias by Crowdsourcing: Democratizing Critique of Large Language Models,"Hangzhi Guo, Pranav Narayanan Venkit, Eunchae Jang, Mukund Srinath, Wenbo Zhang, Bonam Mingole, Vipul Gupta, Kush R. Varshney, S. S. Sundar, Amulya Yadav",2025,"Proceedings of the AAAI/ACM Conference on AI, Ethics, and Society",10.1609/aies.v8i2.36620,https://www.semanticscholar.org/paper/2ebf8b3225ce270ed095194724e4d6cb17506bbc,3,2ebf8b3225ce270ed095194724e4d6cb17506bbc,,"[{'category': 'Computer Science', 'source': 's2-fos-model'}, {'category': 'Linguistics', 'source': 's2-fos-model'}]"
"Bubble, Bubble, AI's Rumble: Why Global Financial Regulatory Incident Reporting is Our Shield Against Systemic Stumbles","Anchal Gupta, Gleb Pappyshev, James T Kwok",2025,"Proceedings of the AAAI/ACM Conference on AI, Ethics, and Society",10.1609/aies.v8i2.36621,https://www.semanticscholar.org/paper/304cef34890f160a58ad092ef022e696b0b61fe7,0,304cef34890f160a58ad092ef022e696b0b61fe7,['Computer Science'],"[{'category': 'Computer Science', 'source': 'external'}, {'category': 'Economics', 'source': 's2-fos-model'}, {'category': 'Business', 'source': 's2-fos-model'}, {'category': 'Computer Science', 'source': 's2-fos-model'}, {'category': 'Law', 'source': 's2-fos-model'}]"
"S-DAT: A Multilingual, GenAI-Driven Framework for Automated Divergent Thinking Assessment","Jennifer Haase, P. Hanel, S. Pokutta",2025,"Proceedings of the AAAI/ACM Conference on AI, Ethics, and Society",10.1609/aies.v8i2.36622,https://www.semanticscholar.org/paper/f72258bcfd4872ba5425b799297f6be21a4e7a40,4,f72258bcfd4872ba5425b799297f6be21a4e7a40,['Computer Science'],"[{'category': 'Computer Science', 'source': 'external'}, {'category': 'Computer Science', 'source': 's2-fos-model'}, {'category': 'Linguistics', 'source': 's2-fos-model'}]"
“Stealing Is Wrong… and Too Hard to Pull Off Successfully”: Inclusion of Normative Versus Capacity Information in Robot Command Rejection,"Alyssa Hanson, Gordon Briggs, Ruchen Wen, Yifei Zhu, Tom Williams",2025,"Proceedings of the AAAI/ACM Conference on AI, Ethics, and Society",10.1609/aies.v8i2.36623,https://www.semanticscholar.org/paper/1798d544423983f06687f12838936e73a911a2c6,0,1798d544423983f06687f12838936e73a911a2c6,,"[{'category': 'Computer Science', 'source': 's2-fos-model'}]"
Responsible AI in Media Organizations: Four Case Studies Implementing Ethical Tools in Practice,"M. Harbers, Sophie Horsman, Pascal Wiggers, Huib Aldewereld, Márcio Fuckner, Coert van Gemeren, Oumaima Hajri, Floor Schukking, Nathalie Stembert",2025,"Proceedings of the AAAI/ACM Conference on AI, Ethics, and Society",10.1609/aies.v8i2.36624,https://www.semanticscholar.org/paper/c48b3e46de0b3216dd78e86692ead069a7f6b82d,0,c48b3e46de0b3216dd78e86692ead069a7f6b82d,,"[{'category': 'Computer Science', 'source': 's2-fos-model'}]"
The Model Hears You: Audio Language Model Deployments Should Consider the Principle of Least Privilege,"Luxi He, Xiangyu Qi, Michel Liao, Inyoung Cheong, Prateek Mittal, Danqi Chen, Peter Henderson",2025,"Proceedings of the AAAI/ACM Conference on AI, Ethics, and Society",10.1609/aies.v8i2.36625,https://www.semanticscholar.org/paper/e95e8bf90dfb2b5fc1ff401ba5a6ff9764c30c8a,1,e95e8bf90dfb2b5fc1ff401ba5a6ff9764c30c8a,"['Computer Science', 'Engineering']","[{'category': 'Computer Science', 'source': 'external'}, {'category': 'Engineering', 'source': 'external'}, {'category': 'Computer Science', 'source': 's2-fos-model'}, {'category': 'Law', 'source': 's2-fos-model'}]"
Comparing Human and LLM Ethical Analyses: A Case Study in Computational Social Science Research,"S. Hey, Julie Walsh, Eni Mustafaraj",2025,"Proceedings of the AAAI/ACM Conference on AI, Ethics, and Society",10.1609/aies.v8i2.36626,https://www.semanticscholar.org/paper/19e0b3f0c5bba75497e31ff265aaa0fc64693e23,0,19e0b3f0c5bba75497e31ff265aaa0fc64693e23,,"[{'category': 'Computer Science', 'source': 's2-fos-model'}, {'category': 'Sociology', 'source': 's2-fos-model'}, {'category': 'Linguistics', 'source': 's2-fos-model'}]"
Complete Categorization of Instinct-Exploiting Data-Explanations and Their Generation with Large-Language Models,"Taro Higuchi, Einoshin Suzuki",2025,"Proceedings of the AAAI/ACM Conference on AI, Ethics, and Society",10.1609/aies.v8i2.36627,https://www.semanticscholar.org/paper/2880746fe2c403f253a1eda74548f3d657d1b751,0,2880746fe2c403f253a1eda74548f3d657d1b751,,"[{'category': 'Computer Science', 'source': 's2-fos-model'}]"
"AI Supply Chains: An Emerging Ecosystem of AI Actors, Products, and Services","Aspen Hopkins, Sarah H. Cen, Andrew Ilyas, Isabella Struckman, Luis Videgaray, Aleksander Ma̧dry",2025,"Proceedings of the AAAI/ACM Conference on AI, Ethics, and Society",10.1609/aies.v8i2.36628,https://www.semanticscholar.org/paper/79e7fd4923245fafc2657136c2659889ebb9aeba,8,79e7fd4923245fafc2657136c2659889ebb9aeba,['Computer Science'],"[{'category': 'Computer Science', 'source': 'external'}, {'category': 'Business', 'source': 's2-fos-model'}, {'category': 'Computer Science', 'source': 's2-fos-model'}]"
How LLM Counselors Violate Ethical Standards in Mental Health Practice: A Practitioner-Informed Framework,"Zainab Iftikhar, A. Xiao, Sean Ransom, Jeff Huang, Harini Suresh",2025,"Proceedings of the AAAI/ACM Conference on AI, Ethics, and Society",10.1609/aies.v8i2.36632,https://www.semanticscholar.org/paper/74276e2ea283f01e6f8015dd68f2a06af6f30f45,18,74276e2ea283f01e6f8015dd68f2a06af6f30f45,,"[{'category': 'Psychology', 'source': 's2-fos-model'}]"
An Adaptive Responsible AI Governance Framework for Decentralized Organizations,"K. Meimandi, Anka Reuel, Gabriela Aranguiz-Dias, Hatim Rahama, A. Ayadi, Xavier Boullier, J'er'emy Verdo, Louis Montanie, Mykel J. Kochenderfer",2025,"Proceedings of the AAAI/ACM Conference on AI, Ethics, and Society",10.1609/aies.v8i2.36633,https://www.semanticscholar.org/paper/d3f5d8ee1ce59394da745760344b3dcf06cc43ca,1,d3f5d8ee1ce59394da745760344b3dcf06cc43ca,['Computer Science'],"[{'category': 'Computer Science', 'source': 'external'}, {'category': 'Computer Science', 'source': 's2-fos-model'}, {'category': 'Business', 'source': 's2-fos-model'}]"
"Exporting Autonomy, Importing Dependency: The Geopolitical Work of “Sovereign AI”",Heesoo Jang,2025,"Proceedings of the AAAI/ACM Conference on AI, Ethics, and Society",10.1609/aies.v8i2.36634,https://www.semanticscholar.org/paper/362dad6035aa05b8d3f03984aa8981b7dd51917e,1,362dad6035aa05b8d3f03984aa8981b7dd51917e,,"[{'category': 'Political Science', 'source': 's2-fos-model'}, {'category': 'Computer Science', 'source': 's2-fos-model'}]"
On the Misalignment Between Legal Notions and Statistical Metrics of Intersectional Fairness,"D. D. Kanubala, Isabel Valera",2025,"Proceedings of the AAAI/ACM Conference on AI, Ethics, and Society",10.1609/aies.v8i2.36637,https://www.semanticscholar.org/paper/e8331cefcff45096f6f58163de9aef3cf17da37d,0,e8331cefcff45096f6f58163de9aef3cf17da37d,,"[{'category': 'Law', 'source': 's2-fos-model'}]"
Unintended Impacts of Automation for Integration? Simulating Integration Outcomes of Algorithm-Based Refugee Allocation in Germany,"Jakob Kappenberger, Clara Strasser Ceballos, Frederic Gerdon, Daria Szafran, Florian Rupp, Kai Eckert, Heiner Stuckenschmidt, Ruben L. Bach, Frauke Kreuter, Christoph Kern",2025,"Proceedings of the AAAI/ACM Conference on AI, Ethics, and Society",10.1609/aies.v8i2.36638,https://www.semanticscholar.org/paper/adc56a308913051744511bb1a1b56bd291d63fe2,0,adc56a308913051744511bb1a1b56bd291d63fe2,,"[{'category': 'Political Science', 'source': 's2-fos-model'}, {'category': 'Computer Science', 'source': 's2-fos-model'}, {'category': 'Sociology', 'source': 's2-fos-model'}]"
Models and Algorithms for Balancing Efficiency and Equity in Vaccine Allocation,"Jeffrey Keithley, Madeline Bonner, Sriram V. Pemmaraju",2025,"Proceedings of the AAAI/ACM Conference on AI, Ethics, and Society",10.1609/aies.v8i2.36639,https://www.semanticscholar.org/paper/a84253c68c2c4003d8fc13190ccb142f483eb53c,0,a84253c68c2c4003d8fc13190ccb142f483eb53c,,"[{'category': 'Medicine', 'source': 's2-fos-model'}, {'category': 'Computer Science', 'source': 's2-fos-model'}]"
Burying the Lead: Adjusting Goals to Manage Functional Limitations of AI Tools in Healthcare,"Jacqueline Kernahan, Richard Bartels, Mark de Reuver, Daniel L. Oberski, Roel Dobbe",2025,"Proceedings of the AAAI/ACM Conference on AI, Ethics, and Society",10.1609/aies.v8i2.36640,https://www.semanticscholar.org/paper/f5f4c270b5abe66d09c4e7bdb037bfb0f8fb64f4,0,f5f4c270b5abe66d09c4e7bdb037bfb0f8fb64f4,,"[{'category': 'Medicine', 'source': 's2-fos-model'}, {'category': 'Computer Science', 'source': 's2-fos-model'}]"
Reflective Agency: Ethical and Empirical Framework for AI-Mediated Self-Reflection Systems,"Minsol Kim, Wendy Wang, Jennifer Long, Rosalind W. Picard, Nathan Barczi, Pattie Maes",2025,"Proceedings of the AAAI/ACM Conference on AI, Ethics, and Society",10.1609/aies.v8i2.36644,https://www.semanticscholar.org/paper/a63262464366f7c5a6af78c2308cbd6810176f75,1,a63262464366f7c5a6af78c2308cbd6810176f75,,"[{'category': 'Philosophy', 'source': 's2-fos-model'}, {'category': 'Computer Science', 'source': 's2-fos-model'}]"
The AI Power Disparity Index: Toward a Compound Measure of AI Actors’ Power to Shape the AI Ecosystem,"Rachel M. Kim, Blaine Kuehnert, Seth Lazar, Ranjit Singh, Hoda Heidari",2025,"Proceedings of the AAAI/ACM Conference on AI, Ethics, and Society",10.1609/aies.v8i2.36645,https://www.semanticscholar.org/paper/74082f65fd75df3747b8cd00c43d1104eb6bc2ca,0,74082f65fd75df3747b8cd00c43d1104eb6bc2ca,,"[{'category': 'Computer Science', 'source': 's2-fos-model'}, {'category': 'Political Science', 'source': 's2-fos-model'}, {'category': 'Sociology', 'source': 's2-fos-model'}]"
Legal Affiliates’ Views on Algorithmic Decision Making,"S. Kleanthous, Maria Kasinidou",2025,"Proceedings of the AAAI/ACM Conference on AI, Ethics, and Society",10.1609/aies.v8i2.36647,https://www.semanticscholar.org/paper/2045d2d033feefb69130dc925b58ba8de70f4d9b,0,2045d2d033feefb69130dc925b58ba8de70f4d9b,,"[{'category': 'Law', 'source': 's2-fos-model'}, {'category': 'Computer Science', 'source': 's2-fos-model'}]"
"Matters of Explanation: Rethinking Explainability with Tangible, Embodied, Material Interactions","Goda Klumbytė, Claude Draude",2025,"Proceedings of the AAAI/ACM Conference on AI, Ethics, and Society",10.1609/aies.v8i2.36648,https://www.semanticscholar.org/paper/42eda698f3e3ebbe72c846e6aa0cd89151f1b2f5,0,42eda698f3e3ebbe72c846e6aa0cd89151f1b2f5,,"[{'category': 'Art', 'source': 's2-fos-model'}, {'category': 'Computer Science', 'source': 's2-fos-model'}]"
GRAILS - A Framework for Embedding Ethical Safeguards in Software Applications for Responsible AI,"Apurva Kulkarni, Chandrashekar Ramanathan",2025,"Proceedings of the AAAI/ACM Conference on AI, Ethics, and Society",10.1609/aies.v8i2.36650,https://www.semanticscholar.org/paper/8c1f7bba286886720e417d8b0b88a1378d32d835,0,8c1f7bba286886720e417d8b0b88a1378d32d835,,"[{'category': 'Computer Science', 'source': 's2-fos-model'}, {'category': 'Law', 'source': 's2-fos-model'}]"
Labeling in Their Shoes: Improving Text Annotation with Cognitive Empathy Priming (Extended Abstract),"Sung Hyun Kwon, Jessica Clark, I. Hann, Jui Ramaprasad",2025,"Proceedings of the AAAI/ACM Conference on AI, Ethics, and Society",10.1609/aies.v8i2.36652,https://www.semanticscholar.org/paper/81f9d59edca065e40eb1166b59d18d041f9130f4,0,81f9d59edca065e40eb1166b59d18d041f9130f4,,"[{'category': 'Computer Science', 'source': 's2-fos-model'}, {'category': 'Psychology', 'source': 's2-fos-model'}]"
"Govern with, Not For: Understanding the Stuttering Community’s Preferences and Goals for Speech AI Data Governance in the US and China","Jingjin Li, Peiyao Liu, Rebecca Lietz, Ningjing Tang, Norman Makoto Su, Shaomei Wu",2025,"Proceedings of the AAAI/ACM Conference on AI, Ethics, and Society",10.1609/aies.v8i2.36654,https://www.semanticscholar.org/paper/ba409da3be97156f68078858549554a15b0579a5,1,ba409da3be97156f68078858549554a15b0579a5,,"[{'category': 'Computer Science', 'source': 's2-fos-model'}, {'category': 'Sociology', 'source': 's2-fos-model'}, {'category': 'Linguistics', 'source': 's2-fos-model'}, {'category': 'Political Science', 'source': 's2-fos-model'}]"
"AI, Normality, and Oppressive Things (Extended Abstract)","Ting-an Lin, Linus Ta-Lun Huang",2025,"Proceedings of the AAAI/ACM Conference on AI, Ethics, and Society",10.1609/aies.v8i2.36656,https://www.semanticscholar.org/paper/cf1622d0bcb3767bad3be646efbc0aa28409ea5b,0,cf1622d0bcb3767bad3be646efbc0aa28409ea5b,,"[{'category': 'Philosophy', 'source': 's2-fos-model'}, {'category': 'Computer Science', 'source': 's2-fos-model'}, {'category': 'Sociology', 'source': 's2-fos-model'}]"
Reward-on-the-Line: A Novel Offline Reinforcement Learning Method for Building Legal Conversational Agents,"Xubo Lin, Mingze Wang, Grace Hui Yang, Daniel Chen",2025,"Proceedings of the AAAI/ACM Conference on AI, Ethics, and Society",10.1609/aies.v8i2.36657,https://www.semanticscholar.org/paper/0d068fcaade4a9f67cffb6735c1a096eb75d6653,0,0d068fcaade4a9f67cffb6735c1a096eb75d6653,,"[{'category': 'Law', 'source': 's2-fos-model'}, {'category': 'Computer Science', 'source': 's2-fos-model'}]"
The Heterogeneous Effects of AI Companionship: An Empirical Model of Chatbot Usage and Loneliness and a Typology of User Archetypes,"Auren R. Liu, Pat Pataranutaporn, Pattie Maes",2025,"Proceedings of the AAAI/ACM Conference on AI, Ethics, and Society",10.1609/aies.v8i2.36658,https://www.semanticscholar.org/paper/5f9b244ff421ed4964c31fdcb2412bc22cffafee,4,5f9b244ff421ed4964c31fdcb2412bc22cffafee,,"[{'category': 'Computer Science', 'source': 's2-fos-model'}, {'category': 'Psychology', 'source': 's2-fos-model'}]"
Understanding Endogenous Data Drift in Adaptive Models with Recourse-Seeking Users,"Bo-Yi Liu, Zhi-Xuan Liu, Kuan Lun Chen, Shih-Yu Tsai, Jie Gao, Hao-Tsung Yang",2025,"Proceedings of the AAAI/ACM Conference on AI, Ethics, and Society",10.1609/aies.v8i2.36659,https://www.semanticscholar.org/paper/43da4f7cc182fb6aff18990001bf110c090b1bec,0,43da4f7cc182fb6aff18990001bf110c090b1bec,['Computer Science'],"[{'category': 'Computer Science', 'source': 'external'}, {'category': 'Computer Science', 'source': 's2-fos-model'}]"
Privacy in Image Datasets: A Case Study on Pregnancy Ultrasounds,"Rawisara Lohanimit, Yankun Wu, Amelia Katirai, Yuta Nakashima, Noa Garcia",2025,"Proceedings of the AAAI/ACM Conference on AI, Ethics, and Society",10.1609/aies.v8i2.36661,https://www.semanticscholar.org/paper/0e155d471a7fe9004d4494b76fcca4fee45f1ffe,0,0e155d471a7fe9004d4494b76fcca4fee45f1ffe,['Computer Science'],"[{'category': 'Computer Science', 'source': 'external'}, {'category': 'Computer Science', 'source': 's2-fos-model'}, {'category': 'Medicine', 'source': 's2-fos-model'}]"
Value Creation and Value Capture in AI: A Triple Helix Model,Antoni Lorente,2025,"Proceedings of the AAAI/ACM Conference on AI, Ethics, and Society",10.1609/aies.v8i2.36662,https://www.semanticscholar.org/paper/5fc51729bca7061bd6e7881163357282bbcc1d53,0,5fc51729bca7061bd6e7881163357282bbcc1d53,,"[{'category': 'Computer Science', 'source': 's2-fos-model'}, {'category': 'Philosophy', 'source': 's2-fos-model'}, {'category': 'Economics', 'source': 's2-fos-model'}]"
Anthropomorphism as Social Affordance: Charting the Co-Animation of Chatbots into Social “Agents”,"Takuya Maeda, L. Stark",2025,"Proceedings of the AAAI/ACM Conference on AI, Ethics, and Society",10.1609/aies.v8i2.36664,https://www.semanticscholar.org/paper/afee6c11d3cdf15d52305d8ebfcb5b271255598a,1,afee6c11d3cdf15d52305d8ebfcb5b271255598a,,"[{'category': 'Computer Science', 'source': 's2-fos-model'}, {'category': 'Psychology', 'source': 's2-fos-model'}]"
Mapping Moral Reasoning in LLMs: A Multi-Dimensional Analysis of Safety Principle Conflicts,Sachit Mahajan,2025,"Proceedings of the AAAI/ACM Conference on AI, Ethics, and Society",10.1609/aies.v8i2.36665,https://www.semanticscholar.org/paper/5f78f054cbbf044d929153bf12bc9ffa8864009f,1,5f78f054cbbf044d929153bf12bc9ffa8864009f,,"[{'category': 'Computer Science', 'source': 's2-fos-model'}, {'category': 'Linguistics', 'source': 's2-fos-model'}]"
Methodological Considerations for Centering Workers’ Epistemic Authority in AI Research,"Milagros Miceli, A. Dinika, Krystal Kauffman, Camilla Salim Wagner, Laurenz Sachenbacher, Alex Hanna, Timnit Gebru",2025,"Proceedings of the AAAI/ACM Conference on AI, Ethics, and Society",10.1609/aies.v8i2.36667,https://www.semanticscholar.org/paper/0290b56d2636170469ac4b1a9b85846787a8d1c4,3,0290b56d2636170469ac4b1a9b85846787a8d1c4,,"[{'category': 'Sociology', 'source': 's2-fos-model'}, {'category': 'Computer Science', 'source': 's2-fos-model'}]"
Aligning Agent Policies with Preferences: Human-Centered Interpretable Reinforcement Learning,"Stephanie Milani, Zhicheng Zhang, Nicholay Topin, Lirong Xia, Fei Fang",2025,"Proceedings of the AAAI/ACM Conference on AI, Ethics, and Society",10.1609/aies.v8i2.36668,https://www.semanticscholar.org/paper/0f498fea75b6ffc2717b2407820612443bc575b5,0,0f498fea75b6ffc2717b2407820612443bc575b5,,"[{'category': 'Computer Science', 'source': 's2-fos-model'}]"
"""Accessibility people, you go work on that thing of yours over there"": Addressing Disability Inclusion in AI Product Organizations","Sanika Moharana, Cynthia L. Bennett, Erin Buehler, Michael Madaio, Vinita Tibdewal, Shaun K. Kane",2025,"Proceedings of the AAAI/ACM Conference on AI, Ethics, and Society",10.1609/aies.v8i2.36669,https://www.semanticscholar.org/paper/570618892032333d4d7b51859b51f8c5c1be533b,1,570618892032333d4d7b51859b51f8c5c1be533b,['Computer Science'],"[{'category': 'Computer Science', 'source': 'external'}, {'category': 'Engineering', 'source': 's2-fos-model'}, {'category': 'Computer Science', 'source': 's2-fos-model'}, {'category': 'Sociology', 'source': 's2-fos-model'}]"
Operationalizing Critical Data Approaches in Fraud Detection in Latin America,"Ana Paula Moritz, Alayna Kennedy",2025,"Proceedings of the AAAI/ACM Conference on AI, Ethics, and Society",10.1609/aies.v8i2.36670,https://www.semanticscholar.org/paper/d09f69c2163009b5aca1034fe9ad5550b1444bca,0,d09f69c2163009b5aca1034fe9ad5550b1444bca,,"[{'category': 'Computer Science', 'source': 's2-fos-model'}, {'category': 'Sociology', 'source': 's2-fos-model'}, {'category': 'Political Science', 'source': 's2-fos-model'}]"
The Transparency Dilemma: An Experiment on How AI Disclosures Affect Credibility Perceptions and Engagement Across Topics,"Sophie Morosoli, Emma Van der Goot, Valeria Reséndez, Claes de Vreese, Natali Helberger",2025,"Proceedings of the AAAI/ACM Conference on AI, Ethics, and Society",10.1609/aies.v8i2.36671,https://www.semanticscholar.org/paper/59ba02fd5ac93c6f004ea4bc52e358eb2ec2b960,1,59ba02fd5ac93c6f004ea4bc52e358eb2ec2b960,,"[{'category': 'Computer Science', 'source': 's2-fos-model'}]"
Why (Not) Use AI? Analyzing People’s Reasoning and Conditions for AI Acceptability,"Jimin Mun, Wei Bin Au Yeong, Wesley Hanwen Deng, Jana Schaich Borg, Maarten Sap",2025,"Proceedings of the AAAI/ACM Conference on AI, Ethics, and Society",10.1609/aies.v8i2.36673,https://www.semanticscholar.org/paper/32cf90fd9b89a82df3cab7f643d3b8d948e33042,3,32cf90fd9b89a82df3cab7f643d3b8d948e33042,['Computer Science'],"[{'category': 'Computer Science', 'source': 'external'}, {'category': 'Computer Science', 'source': 's2-fos-model'}, {'category': 'Psychology', 'source': 's2-fos-model'}, {'category': 'Sociology', 'source': 's2-fos-model'}]"
"Co-Producing AI: Toward an Augmented, Participatory Lifecycle","Rashid A. Mushkani, Hugo Berard, Toumadher Ammar, Cassandre Chatonnier, Shin Koseki",2025,"Proceedings of the AAAI/ACM Conference on AI, Ethics, and Society",10.1609/aies.v8i2.36674,https://www.semanticscholar.org/paper/65fcb35ba41a913df88cde99a866e37f7da290e3,1,65fcb35ba41a913df88cde99a866e37f7da290e3,['Computer Science'],"[{'category': 'Computer Science', 'source': 'external'}, {'category': 'Computer Science', 'source': 's2-fos-model'}, {'category': 'Sociology', 'source': 's2-fos-model'}, {'category': 'Philosophy', 'source': 's2-fos-model'}]"
Reframing AI-for-Good: Radical Questioning in AI for Human Trafficking Interventions,"Pratheeksha Nair, Gabriel Lefebvre, Maryam Molamohammadi, Sophia Garrel, Reihaneh Rabbany",2025,"Proceedings of the AAAI/ACM Conference on AI, Ethics, and Society",10.1609/aies.v8i2.36677,https://www.semanticscholar.org/paper/e9c25d1e3184eccc00b397f3281af1c005d49e30,0,e9c25d1e3184eccc00b397f3281af1c005d49e30,,"[{'category': 'Sociology', 'source': 's2-fos-model'}, {'category': 'Law', 'source': 's2-fos-model'}, {'category': 'Computer Science', 'source': 's2-fos-model'}]"
From Categorical to Contextual: Interpreting High-Risk Classification for Profiling-Based AI Recommender Systems in the EU AI Act,Luca Nannini,2025,"Proceedings of the AAAI/ACM Conference on AI, Ethics, and Society",10.1609/aies.v8i2.36678,https://www.semanticscholar.org/paper/158ae00f6b0bb67efcf114b3b929ef3440c65a79,0,158ae00f6b0bb67efcf114b3b929ef3440c65a79,,"[{'category': 'Law', 'source': 's2-fos-model'}, {'category': 'Computer Science', 'source': 's2-fos-model'}]"
When Less Regulation Means More Complexity: The EU AI Liability Directive Withdrawal and Its Impact on European Technological Competitiveness,Luca Nannini,2025,"Proceedings of the AAAI/ACM Conference on AI, Ethics, and Society",10.1609/aies.v8i2.36679,https://www.semanticscholar.org/paper/8df32fd7aec892679ddcaa316ab619d29794db18,0,8df32fd7aec892679ddcaa316ab619d29794db18,,"[{'category': 'Law', 'source': 's2-fos-model'}, {'category': 'Political Science', 'source': 's2-fos-model'}, {'category': 'Economics', 'source': 's2-fos-model'}]"
Emergent AI Surveillance: Overlearned Person Re-Identification and Its Mitigation in Law Enforcement Context,"An Thi Nguyen, Radina Stoykova, Eric Arazo",2025,"Proceedings of the AAAI/ACM Conference on AI, Ethics, and Society",10.1609/aies.v8i2.36680,https://www.semanticscholar.org/paper/7771fb7dee99c9c82204f15f1f92e1736de426e6,0,7771fb7dee99c9c82204f15f1f92e1736de426e6,['Computer Science'],"[{'category': 'Computer Science', 'source': 'external'}, {'category': 'Law', 'source': 's2-fos-model'}, {'category': 'Computer Science', 'source': 's2-fos-model'}]"
What Are Chatbots’ Stereotypes About? A Data-Driven Analysis of Large Language Models’ Content Associations with Social Categories,"Gandalf Nicolas, Aylin Caliskan",2025,"Proceedings of the AAAI/ACM Conference on AI, Ethics, and Society",10.1609/aies.v8i2.36682,https://www.semanticscholar.org/paper/923cf45627ce31757d56362529a3eb5576b8acc0,1,923cf45627ce31757d56362529a3eb5576b8acc0,,"[{'category': 'Computer Science', 'source': 's2-fos-model'}]"
Into the Void: Understanding Online Health Information in Low-Web Data Languages,"H. Nigatu, Nuredin Ali Abdelkadir, Fiker Tewelde, Stevie Chancellor, Daricia Wilkinson",2025,"Proceedings of the AAAI/ACM Conference on AI, Ethics, and Society",10.1609/aies.v8i2.36683,https://www.semanticscholar.org/paper/1bc961427b41b144e94ffabc1f024858cfa4e79a,1,1bc961427b41b144e94ffabc1f024858cfa4e79a,['Computer Science'],"[{'category': 'Computer Science', 'source': 'external'}, {'category': 'Computer Science', 'source': 's2-fos-model'}, {'category': 'Medicine', 'source': 's2-fos-model'}]"
Towards Automating Deliberation? The Idea of Deliberative Democracy Embedded in Google’s Habermas Machine,Nicolás Palomo Hernández,2025,"Proceedings of the AAAI/ACM Conference on AI, Ethics, and Society",10.1609/aies.v8i2.36687,https://www.semanticscholar.org/paper/703c311ac0e86fee8a2adc22a214c2e94bd984f1,0,703c311ac0e86fee8a2adc22a214c2e94bd984f1,,"[{'category': 'Computer Science', 'source': 's2-fos-model'}, {'category': 'Political Science', 'source': 's2-fos-model'}]"
“One of Silicon Valley’s Most Divisive Topics”: How the Media Discusses Openness in AI,"Tamara Paris, Jin L.C. Guo, AJung Moon",2025,"Proceedings of the AAAI/ACM Conference on AI, Ethics, and Society",10.1609/aies.v8i2.36688,https://www.semanticscholar.org/paper/0bce2d64e84c7be1856cc67a29b51d9bf70bfdfa,0,0bce2d64e84c7be1856cc67a29b51d9bf70bfdfa,,"[{'category': 'Computer Science', 'source': 's2-fos-model'}, {'category': 'Sociology', 'source': 's2-fos-model'}, {'category': 'Political Science', 'source': 's2-fos-model'}]"
Perceived Risks and Benefits of Disclosing ADHD to AI-based Educational Technologies: Semi-structured Interviews,"Oriane Pierrès, Alireza Darvishy, Markus Christen",2025,"Proceedings of the AAAI/ACM Conference on AI, Ethics, and Society",10.1609/aies.v8i3.36693,https://www.semanticscholar.org/paper/5f4e718f6118374c01b6fe5cc4d6f3236da38cdb,1,5f4e718f6118374c01b6fe5cc4d6f3236da38cdb,,"[{'category': 'Education', 'source': 's2-fos-model'}, {'category': 'Psychology', 'source': 's2-fos-model'}, {'category': 'Computer Science', 'source': 's2-fos-model'}]"
Against AI Jurisprudence: Large Language Models and the False Promises of Empirical Judging,"Dasha Pruss, Jessie Allen",2025,"Proceedings of the AAAI/ACM Conference on AI, Ethics, and Society",10.1609/aies.v8i3.36695,https://www.semanticscholar.org/paper/6ff922a4fe5a3dc47b8e6b494e0e93cabb3dbd5c,1,6ff922a4fe5a3dc47b8e6b494e0e93cabb3dbd5c,,"[{'category': 'Law', 'source': 's2-fos-model'}, {'category': 'Computer Science', 'source': 's2-fos-model'}]"
"The Case for ""Thick Evaluations"" of Cultural Representation in AI","Rida Qadri, Mark Díaz, Ding Wang, Michael Madaio",2025,"Proceedings of the AAAI/ACM Conference on AI, Ethics, and Society",10.1609/aies.v8i3.36696,https://www.semanticscholar.org/paper/0a72da734ddd507a88d83d769687e05cdae5cbcb,13,0a72da734ddd507a88d83d769687e05cdae5cbcb,['Computer Science'],"[{'category': 'Computer Science', 'source': 'external'}, {'category': 'Computer Science', 'source': 's2-fos-model'}, {'category': 'Sociology', 'source': 's2-fos-model'}, {'category': 'Philosophy', 'source': 's2-fos-model'}]"
"Same Stereotypes, Different Term? Understanding the “Global South” in AI Ethics","Evani Radiya-Dixit, Angèle Christin",2025,"Proceedings of the AAAI/ACM Conference on AI, Ethics, and Society",10.1609/aies.v8i3.36697,https://www.semanticscholar.org/paper/21033c0cd2b75f759cc850a622bc299950cee211,2,21033c0cd2b75f759cc850a622bc299950cee211,,"[{'category': 'Computer Science', 'source': 's2-fos-model'}, {'category': 'Political Science', 'source': 's2-fos-model'}, {'category': 'Philosophy', 'source': 's2-fos-model'}]"
Assessing Human Rights Risks in AI: A Framework for Model Evaluation,"Vyoma Raman, Camille Chabot, Betsy Popken",2025,"Proceedings of the AAAI/ACM Conference on AI, Ethics, and Society",10.1609/aies.v8i3.36699,https://www.semanticscholar.org/paper/2eac3c58b0f8df228c4b777a5586ab4ea6befb3d,0,2eac3c58b0f8df228c4b777a5586ab4ea6befb3d,['Computer Science'],"[{'category': 'Computer Science', 'source': 'external'}, {'category': 'Computer Science', 'source': 's2-fos-model'}, {'category': 'Law', 'source': 's2-fos-model'}, {'category': 'Political Science', 'source': 's2-fos-model'}, {'category': 'Philosophy', 'source': 's2-fos-model'}]"
Disclosure and Evaluation as Fairness Interventions for General-Purpose AI,"Vyoma Raman, Judy Hanwen Shen, Andy K. Zhang, Lindsey A. Gailmard, Rishi Bommasani, Daniel E. Ho, Angelina Wang",2025,"Proceedings of the AAAI/ACM Conference on AI, Ethics, and Society",10.1609/aies.v8i3.36700,https://www.semanticscholar.org/paper/825d86321801db0867bab2a2441d6cb112e9bf79,1,825d86321801db0867bab2a2441d6cb112e9bf79,['Computer Science'],"[{'category': 'Computer Science', 'source': 'external'}, {'category': 'Computer Science', 'source': 's2-fos-model'}, {'category': 'Law', 'source': 's2-fos-model'}, {'category': 'Philosophy', 'source': 's2-fos-model'}]"
Principles and Policy Recommendations for Comprehensive Genetic Data Governance,"Vivek Ramanan, Ria Vinod, Cole M Williams, Sohini Ramachandran, Suresh Venkatasubramanian",2025,"Proceedings of the AAAI/ACM Conference on AI, Ethics, and Society",10.1609/aies.v8i3.36701,https://www.semanticscholar.org/paper/661a790f1315b2c5920ef0b3cf664e2b94fccd38,1,661a790f1315b2c5920ef0b3cf664e2b94fccd38,['Computer Science'],"[{'category': 'Computer Science', 'source': 'external'}, {'category': 'Law', 'source': 's2-fos-model'}, {'category': 'Political Science', 'source': 's2-fos-model'}]"
Unravelling Responsible AI: An Umbrella Review,"Gisela Reyes-Cruz, Elvira Perez Vallejos, Pepita Barnard, Eike Schneiders, Marisela Tachiquin, Dominic Price, Damian Eke, Liz Dowthwaite, Aislinn Gomez Bergin, Virginia Portillo, Joel E. Fischer",2025,"Proceedings of the AAAI/ACM Conference on AI, Ethics, and Society",10.1609/aies.v8i3.36704,https://www.semanticscholar.org/paper/7cba32b219368e42d9d1555fac0934a2dfee9860,1,7cba32b219368e42d9d1555fac0934a2dfee9860,,"[{'category': 'Computer Science', 'source': 's2-fos-model'}, {'category': 'Philosophy', 'source': 's2-fos-model'}]"
"Measuring What Matters: Connecting AI Ethics Evaluations to System Attributes, Hazards, and Harms","Shalaleh Rismani, Renee Shelby, Leah Davis, Negar Rostamzadeh, AJung Moon",2025,"Proceedings of the AAAI/ACM Conference on AI, Ethics, and Society",10.1609/aies.v8i3.36706,https://www.semanticscholar.org/paper/7289cd9e446b1ded6006adc1221659b4a11cae0a,2,7289cd9e446b1ded6006adc1221659b4a11cae0a,['Computer Science'],"[{'category': 'Computer Science', 'source': 'external'}, {'category': 'Computer Science', 'source': 's2-fos-model'}, {'category': 'Philosophy', 'source': 's2-fos-model'}]"
"Responsible AI Practices: Histories, Definitions, Barriers and Future Directions",Lorenn P. Ruster,2025,"Proceedings of the AAAI/ACM Conference on AI, Ethics, and Society",10.1609/aies.v8i3.36708,https://www.semanticscholar.org/paper/db61bda035c3784f2edc0e51927068faa59075e0,0,db61bda035c3784f2edc0e51927068faa59075e0,,"[{'category': 'Computer Science', 'source': 's2-fos-model'}, {'category': 'Sociology', 'source': 's2-fos-model'}]"
Beyond “Fairness”: Rethinking the Use of Algorithmic Predictions in Criminal Justice,Tashmia Sabera,2025,"Proceedings of the AAAI/ACM Conference on AI, Ethics, and Society",10.1609/aies.v8i3.36709,https://www.semanticscholar.org/paper/94eb358a2ebc53fecf94d7bf27b6021793587dd8,0,94eb358a2ebc53fecf94d7bf27b6021793587dd8,,"[{'category': 'Law', 'source': 's2-fos-model'}, {'category': 'Philosophy', 'source': 's2-fos-model'}, {'category': 'Computer Science', 'source': 's2-fos-model'}]"
Collective Agency in Art-making: Towards Community-centric Design of Text-to-Image (T2I) AI Tools,"Abdullah Hasan Safir, Noshin Tahsin, Pratyasha Saha, Dipannita Nandi, Zulkarin Jahangir, Cecily Morrison, Syed Ishtiaque Ahmed, Nusrat Jahan Mim",2025,"Proceedings of the AAAI/ACM Conference on AI, Ethics, and Society",10.1609/aies.v8i3.36710,https://www.semanticscholar.org/paper/178814b741b8fd2d0b8958e322ab094a43e1f6eb,0,178814b741b8fd2d0b8958e322ab094a43e1f6eb,,"[{'category': 'Art', 'source': 's2-fos-model'}, {'category': 'Computer Science', 'source': 's2-fos-model'}, {'category': 'Sociology', 'source': 's2-fos-model'}]"
From Big Data to Valued Data: A Dataset Value Taxonomy for AI-Native Empirical Research,"Scott Seidenberger, Anindya Maiti",2025,"Proceedings of the AAAI/ACM Conference on AI, Ethics, and Society",10.1609/aies.v8i3.36715,https://www.semanticscholar.org/paper/573dc3d935012754d4c5183249f1d644c328f4f1,0,573dc3d935012754d4c5183249f1d644c328f4f1,,"[{'category': 'Computer Science', 'source': 's2-fos-model'}]"
Moral Agents Unlike Us (Extended Abstract),Jen Semler,2025,"Proceedings of the AAAI/ACM Conference on AI, Ethics, and Society",10.1609/aies.v8i3.36716,https://www.semanticscholar.org/paper/87f6460eee91074044f8e9fc4e028c62c87c00ee,0,87f6460eee91074044f8e9fc4e028c62c87c00ee,,"[{'category': 'Philosophy', 'source': 's2-fos-model'}, {'category': 'Computer Science', 'source': 's2-fos-model'}]"
Laissez-Faire Harms: Algorithmic Biases in Generative Language Models (Extended Abstract),"Evan Shieh, Faye-Marie Vassel, Cassidy R. Sugimoto, Thema Monroe-White",2025,"Proceedings of the AAAI/ACM Conference on AI, Ethics, and Society",10.1609/aies.v8i3.36722,https://www.semanticscholar.org/paper/a9923914397805861b76c08e1ed9c57f85b7c82b,0,a9923914397805861b76c08e1ed9c57f85b7c82b,,"[{'category': 'Computer Science', 'source': 's2-fos-model'}, {'category': 'Linguistics', 'source': 's2-fos-model'}]"
Biased AI Outputs Can Impact Humans’ Implicit Bias: A Case Study of the Impact of Gender-Biased Text-to-Image Generators,"Mattea Sim, Natalie Grace Brigham, Tadayoshi Kohno, Tessa E. S. Charlesworth, Aylin Caliskan",2025,"Proceedings of the AAAI/ACM Conference on AI, Ethics, and Society",10.1609/aies.v8i3.36723,https://www.semanticscholar.org/paper/8a6e9baf0b43d3f7b1ca649f2cb1aff1589ff2c3,0,8a6e9baf0b43d3f7b1ca649f2cb1aff1589ff2c3,,"[{'category': 'Psychology', 'source': 's2-fos-model'}, {'category': 'Computer Science', 'source': 's2-fos-model'}]"
Epistemic Destabilization: AI-Driven Knowledge Generation and the Collapse of Validation Systems,Bhavya Singh,2025,"Proceedings of the AAAI/ACM Conference on AI, Ethics, and Society",10.1609/aies.v8i3.36724,https://www.semanticscholar.org/paper/98383bd8de7c413c2148ffe05878bf121e699744,1,98383bd8de7c413c2148ffe05878bf121e699744,,"[{'category': 'Computer Science', 'source': 's2-fos-model'}, {'category': 'Philosophy', 'source': 's2-fos-model'}]"
The Silicon Sovereignty Paradox: Navigating Fluid State-Corporate Power Dynamics in the Age of AI,"Maanya Singh, Anka Reuel",2025,"Proceedings of the AAAI/ACM Conference on AI, Ethics, and Society",10.1609/aies.v8i3.36725,https://www.semanticscholar.org/paper/975437b263578a21704767bbbd1b4a5383867d50,0,975437b263578a21704767bbbd1b4a5383867d50,,"[{'category': 'Political Science', 'source': 's2-fos-model'}, {'category': 'Computer Science', 'source': 's2-fos-model'}, {'category': 'Business', 'source': 's2-fos-model'}]"
Making Bodies: Assumptions in the Design and Validation of Motion Capture Technology,"Mona Sloane, Abigail Z. Jacobs, Emanuel Moss",2025,"Proceedings of the AAAI/ACM Conference on AI, Ethics, and Society",10.1609/aies.v8i3.36726,https://www.semanticscholar.org/paper/6ed9c430671380841ef49cad3bcab8aac1cd7cfa,0,6ed9c430671380841ef49cad3bcab8aac1cd7cfa,,"[{'category': 'Computer Science', 'source': 's2-fos-model'}, {'category': 'Sociology', 'source': 's2-fos-model'}]"
Investigating Political and Demographic Associations in Large Language Models Through Moral Foundations Theory,"Nicole Smith-Vaniz, Harper Lyon, Lorraine Steigner, Ben Armstrong, Nicholas Mattei",2025,"Proceedings of the AAAI/ACM Conference on AI, Ethics, and Society",10.1609/aies.v8i3.36727,https://www.semanticscholar.org/paper/7424d621d1aa7792d4208d960dd380b46fe72728,1,7424d621d1aa7792d4208d960dd380b46fe72728,['Computer Science'],"[{'category': 'Computer Science', 'source': 'external'}, {'category': 'Political Science', 'source': 's2-fos-model'}, {'category': 'Computer Science', 'source': 's2-fos-model'}]"
From Sandbox to Laboratory: Refractive and Ethical Human / AI Knowledge Co-Production Through Game-ful Research Practices,Lea Stöter,2025,"Proceedings of the AAAI/ACM Conference on AI, Ethics, and Society",10.1609/aies.v8i3.36728,https://www.semanticscholar.org/paper/d3174f53c2d052b9254aa7e075e159be22706d86,0,d3174f53c2d052b9254aa7e075e159be22706d86,,"[{'category': 'Computer Science', 'source': 's2-fos-model'}, {'category': 'Philosophy', 'source': 's2-fos-model'}, {'category': 'Education', 'source': 's2-fos-model'}]"
Beyond Proxy Variables: Extending Refugee Allocation Algorithms for Equitable Predictions,"Clara Strasser Ceballos, Marcus Novotny, Christoph Kern",2025,"Proceedings of the AAAI/ACM Conference on AI, Ethics, and Society",10.1609/aies.v8i3.36729,https://www.semanticscholar.org/paper/678fa6701b98aa5f345b1d761bd7b21b02ea92dd,0,678fa6701b98aa5f345b1d761bd7b21b02ea92dd,,"[{'category': 'Political Science', 'source': 's2-fos-model'}, {'category': 'Sociology', 'source': 's2-fos-model'}, {'category': 'Computer Science', 'source': 's2-fos-model'}]"
Modeling Strategic Risk in School Choice: A Case for Transparent Design,"Mayesha Tasnim, Paul Verhagen, T. Blanke, Erman Acar, S. Ghebreab",2025,"Proceedings of the AAAI/ACM Conference on AI, Ethics, and Society",10.1609/aies.v8i3.36731,https://www.semanticscholar.org/paper/86a2614b350c101a51354985d4f308c46b54d578,0,86a2614b350c101a51354985d4f308c46b54d578,,"[{'category': 'Economics', 'source': 's2-fos-model'}, {'category': 'Education', 'source': 's2-fos-model'}]"
A Multidimensional Approach to Ethical AI Auditing,"Sónia Teixeira, Atia Cortés, D. Thilakarathne, Gianmarco Gori, Marco Minici, Monowar Bhuyan, Nina Khairova, Tosin P. Adewumi, Devvjiit Bhuyan, Jack O'Keefe, C. Comito, João Gama, Virginia Dignum",2025,"Proceedings of the AAAI/ACM Conference on AI, Ethics, and Society",10.1609/aies.v8i3.36732,https://www.semanticscholar.org/paper/836b6c1da3e0f98b0e14aa358b45ceb101ed82b9,0,836b6c1da3e0f98b0e14aa358b45ceb101ed82b9,,"[{'category': 'Computer Science', 'source': 's2-fos-model'}, {'category': 'Philosophy', 'source': 's2-fos-model'}, {'category': 'Law', 'source': 's2-fos-model'}]"
Agents Without Agency: Anthropological and Sociological Lessons for Contemporary AI Research and Policy,"Greta Timaite, Michael Castelle",2025,"Proceedings of the AAAI/ACM Conference on AI, Ethics, and Society",10.1609/aies.v8i3.36733,https://www.semanticscholar.org/paper/76739102696688ddceaf7782fbefb7478a8d246d,1,76739102696688ddceaf7782fbefb7478a8d246d,,"[{'category': 'Sociology', 'source': 's2-fos-model'}, {'category': 'Computer Science', 'source': 's2-fos-model'}]"
Who Foots the Bill? State-Backed No-Fault Compensation for Experimental Harms in Artificial Intelligence Regulatory Sandboxes,Ha-Chi Tran,2025,"Proceedings of the AAAI/ACM Conference on AI, Ethics, and Society",10.1609/aies.v8i3.36734,https://www.semanticscholar.org/paper/3208f24c332d5f572457c404650719217741cc18,2,3208f24c332d5f572457c404650719217741cc18,,"[{'category': 'Law', 'source': 's2-fos-model'}, {'category': 'Computer Science', 'source': 's2-fos-model'}]"
Participatory AI and the EU AI Act,"Chiara Ullstein, Simon Jarvers, Michel Hohendanner, Orestis Papakyriakopoulos, Jens Grossklags",2025,"Proceedings of the AAAI/ACM Conference on AI, Ethics, and Society",10.1609/aies.v8i3.36737,https://www.semanticscholar.org/paper/7215cc52c59008394be397f4f831905d2835ff73,0,7215cc52c59008394be397f4f831905d2835ff73,,"[{'category': 'Law', 'source': 's2-fos-model'}, {'category': 'Computer Science', 'source': 's2-fos-model'}, {'category': 'Political Science', 'source': 's2-fos-model'}]"
Fairness-Aware Post-Processing in Supervised Classification: L1/L2 Norm and Optimal Swapping Methods,"Flore Vancompernolle Vromman, Sylvain Courtain, Pierre Leleux, Marco Saerens",2025,"Proceedings of the AAAI/ACM Conference on AI, Ethics, and Society",10.1609/aies.v8i3.36738,https://www.semanticscholar.org/paper/6a44eb30a3308ca004f9d9399d8b97493b86c631,0,6a44eb30a3308ca004f9d9399d8b97493b86c631,,"[{'category': 'Computer Science', 'source': 's2-fos-model'}, {'category': 'Mathematics', 'source': 's2-fos-model'}]"
Can Improved Data Representation Support AI for Health Equity? A Visual Approach,"S. Vethman, Jildau Bouwman, Cor J. Veenman",2025,"Proceedings of the AAAI/ACM Conference on AI, Ethics, and Society",10.1609/aies.v8i3.36740,https://www.semanticscholar.org/paper/a4bcab5e99c169ae231112356c21538bf2ce7c5e,0,a4bcab5e99c169ae231112356c21538bf2ce7c5e,,"[{'category': 'Computer Science', 'source': 's2-fos-model'}, {'category': 'Medicine', 'source': 's2-fos-model'}]"
Exclusive Flux: A Review of Flux’s Generation of LGBTQ+ Couples,"Lynn Vonderhaar, Kayla Taylor, Jennifer Wojton, Omar Ochoa",2025,"Proceedings of the AAAI/ACM Conference on AI, Ethics, and Society",10.1609/aies.v8i3.36741,https://www.semanticscholar.org/paper/73191f928100bca77674109df6ab5a4fe70b8963,0,73191f928100bca77674109df6ab5a4fe70b8963,,"[{'category': 'Computer Science', 'source': 's2-fos-model'}, {'category': 'Sociology', 'source': 's2-fos-model'}]"
"""Just a Strange Pic"": Rethinking 'Safety' in GenAI Image Safety Annotation Tasks from Diverse Annotators' Perspectives","Ding Wang, Mark Díaz, Charvi Rastogi, A. Davani, Vinodkumar Prabhakaran, Pushkar Mishra, Roma Patel, Alicia Parrish, Zoe Ashwood, M. Paganini, Tian Huey Teh, Verena Rieser, Lora Aroyo",2025,"Proceedings of the AAAI/ACM Conference on AI, Ethics, and Society",10.1609/aies.v8i3.36742,https://www.semanticscholar.org/paper/d6671ed8a14b8883502cc739eb36b08fc25418b4,1,d6671ed8a14b8883502cc739eb36b08fc25418b4,,"[{'category': 'Computer Science', 'source': 's2-fos-model'}, {'category': 'Sociology', 'source': 's2-fos-model'}]"
Diverse Human Value Alignment for Large Language Models via Ethical Reasoning,"Jiahao Wang, Songkai Xue, Jinghui Li, Xiaozhen Wang",2025,"Proceedings of the AAAI/ACM Conference on AI, Ethics, and Society",10.1609/aies.v8i3.36744,https://www.semanticscholar.org/paper/feb4eb98451b07ef6fe72daccfd10acf735498f6,0,feb4eb98451b07ef6fe72daccfd10acf735498f6,['Computer Science'],"[{'category': 'Computer Science', 'source': 'external'}, {'category': 'Computer Science', 'source': 's2-fos-model'}, {'category': 'Philosophy', 'source': 's2-fos-model'}]"
Toward a Taxonomy of Algorithmic Harms for Disability: A Systematic Review,"Lining Wang, Vaishnav Kameswaran, Hernisa Kacorri",2025,"Proceedings of the AAAI/ACM Conference on AI, Ethics, and Society",10.1609/aies.v8i3.36745,https://www.semanticscholar.org/paper/71aade18602b2c9b62b69423196c25723f7626d1,1,71aade18602b2c9b62b69423196c25723f7626d1,,"[{'category': 'Computer Science', 'source': 's2-fos-model'}, {'category': 'Sociology', 'source': 's2-fos-model'}]"
AI Safety and Security Enable Innovation in Global Majority Countries (Extended Abstract),"Joanna Wiaterek, Jared Perlo",2025,"Proceedings of the AAAI/ACM Conference on AI, Ethics, and Society",10.1609/aies.v8i3.36747,https://www.semanticscholar.org/paper/3ed438921a9268ac2fdb07cada5045340c3b4faa,0,3ed438921a9268ac2fdb07cada5045340c3b4faa,,"[{'category': 'Political Science', 'source': 's2-fos-model'}, {'category': 'Engineering', 'source': 's2-fos-model'}, {'category': 'Computer Science', 'source': 's2-fos-model'}]"
The Socratic Dialogue as a Method for Virtue Ethics in AI: A Case Study,"Maarten Wilders, Íñigo Martinez De Rituerto De Troya, Roel Dobbe",2025,"Proceedings of the AAAI/ACM Conference on AI, Ethics, and Society",10.1609/aies.v8i3.36748,https://www.semanticscholar.org/paper/36583375a743619182c51a8a492c4f5db2a267e8,0,36583375a743619182c51a8a492c4f5db2a267e8,,"[{'category': 'Philosophy', 'source': 's2-fos-model'}, {'category': 'Computer Science', 'source': 's2-fos-model'}]"
When Algorithms Fail: The Case for Moral Repair (Extended Abstract),"Pak-Hang Wong, Gernot Rieder",2025,"Proceedings of the AAAI/ACM Conference on AI, Ethics, and Society",10.1609/aies.v8i3.36752,https://www.semanticscholar.org/paper/6bfbe052dbaffec4d8be91ee2971046e55aa9539,0,6bfbe052dbaffec4d8be91ee2971046e55aa9539,,"[{'category': 'Philosophy', 'source': 's2-fos-model'}, {'category': 'Law', 'source': 's2-fos-model'}, {'category': 'Computer Science', 'source': 's2-fos-model'}]"
Brokering Ethics: A Retrospective Study on the Use of a Data Ethics Framework,"Sophia Worth, Georgia Panagiotidou, E. Simperl",2025,"Proceedings of the AAAI/ACM Conference on AI, Ethics, and Society",10.1609/aies.v8i3.36753,https://www.semanticscholar.org/paper/a2476b28ed7b5db55e0f9dff9a5af5e08e493eec,0,a2476b28ed7b5db55e0f9dff9a5af5e08e493eec,,"[{'category': 'Business', 'source': 's2-fos-model'}, {'category': 'Computer Science', 'source': 's2-fos-model'}]"
What Comes After Harm? Mapping Reparative Actions in AI through Justice Frameworks,"Sijia Xiao, Haodi Zou, Alice Qian Zhang, Deepak Kumar, Hong Shen, Jason I. Hong, Motahhare Eslami",2025,"Proceedings of the AAAI/ACM Conference on AI, Ethics, and Society",10.1609/aies.v8i3.36754,https://www.semanticscholar.org/paper/1a643a6e9338f96c3b5cc3f272bc20c8d91942cd,2,1a643a6e9338f96c3b5cc3f272bc20c8d91942cd,['Computer Science'],"[{'category': 'Computer Science', 'source': 'external'}, {'category': 'Law', 'source': 's2-fos-model'}, {'category': 'Computer Science', 'source': 's2-fos-model'}]"
Designing Stakeholder-Based Pedagogy for AI Ethics Education: Insights from a Multi-Institutional Case Study,"Yifan Zhang, Harini Suresh, Julia Netter",2025,"Proceedings of the AAAI/ACM Conference on AI, Ethics, and Society",10.1609/aies.v8i3.36759,https://www.semanticscholar.org/paper/700000cecce48040bf1126bf8ad5ee3dd7d49523,0,700000cecce48040bf1126bf8ad5ee3dd7d49523,,"[{'category': 'Computer Science', 'source': 's2-fos-model'}, {'category': 'Education', 'source': 's2-fos-model'}]"
Aligning AI Systems with Human Values: A Method for Identifying and Specifying Values,"Liv Ziegfeld, Esther S. Kox, Ivana Akrum, Marlijn Heijnen",2025,"Proceedings of the AAAI/ACM Conference on AI, Ethics, and Society",10.1609/aies.v8i3.36762,https://www.semanticscholar.org/paper/ea7e3e923f753115a181510c8486938a4de223bd,0,ea7e3e923f753115a181510c8486938a4de223bd,,"[{'category': 'Computer Science', 'source': 's2-fos-model'}, {'category': 'Philosophy', 'source': 's2-fos-model'}]"
Needle in a Patched Haystack: Evaluating Saliency Maps for Vision LLMs,"Bastien Zimmermann, M. Boussard",2025,"Proceedings of the AAAI/ACM Conference on AI, Ethics, and Society",10.1609/aies.v8i3.36763,https://www.semanticscholar.org/paper/b695abf1c385091468810086ffb6c7311230a783,0,b695abf1c385091468810086ffb6c7311230a783,,"[{'category': 'Computer Science', 'source': 's2-fos-model'}]"
Advancing Fairness in Generative AI Through Intrinsic and Extrinsic Bias Evaluation and Mitigation,Mina Arzaghi,2025,"Proceedings of the AAAI/ACM Conference on AI, Ethics, and Society",10.1609/aies.v8i3.36764,https://www.semanticscholar.org/paper/8a44b61abf727db9c2d602f079366911468007c3,0,8a44b61abf727db9c2d602f079366911468007c3,,"[{'category': 'Computer Science', 'source': 's2-fos-model'}]"
The Ethics of Surveillance AI: Framing Data as a Socio-collective Good in Mitigating Data Colonialism,Abiola Azeez,2025,"Proceedings of the AAAI/ACM Conference on AI, Ethics, and Society",10.1609/aies.v8i3.36765,https://www.semanticscholar.org/paper/71834960e84a0932643574294ca78181d36567fc,0,71834960e84a0932643574294ca78181d36567fc,,"[{'category': 'Sociology', 'source': 's2-fos-model'}, {'category': 'Computer Science', 'source': 's2-fos-model'}]"
Lay Stakeholder Centric Sociotechnical Mechanisms for Addressing the Impacts of Generative AI,Julia Barnett,2025,"Proceedings of the AAAI/ACM Conference on AI, Ethics, and Society",10.1609/aies.v8i3.36766,https://www.semanticscholar.org/paper/eb962bae4d4c897fef65eb9b493f267c35b95b24,0,eb962bae4d4c897fef65eb9b493f267c35b95b24,,"[{'category': 'Sociology', 'source': 's2-fos-model'}, {'category': 'Computer Science', 'source': 's2-fos-model'}]"
Supporting Marginalized Learners with GenAI (Extended Abstract),Hamayoon Behmanush,2025,"Proceedings of the AAAI/ACM Conference on AI, Ethics, and Society",10.1609/aies.v8i3.36767,https://www.semanticscholar.org/paper/4d08b7e3423c10277e9ea3c72b38bcde6127d5fc,0,4d08b7e3423c10277e9ea3c72b38bcde6127d5fc,,"[{'category': 'Education', 'source': 's2-fos-model'}, {'category': 'Computer Science', 'source': 's2-fos-model'}]"
On Forecasting Lags in AI Risk Evaluation,Paolo Bova,2025,"Proceedings of the AAAI/ACM Conference on AI, Ethics, and Society",10.1609/aies.v8i3.36768,https://www.semanticscholar.org/paper/cb5ac5a6a03f5f673b976044c1f077c70e10218b,0,cb5ac5a6a03f5f673b976044c1f077c70e10218b,,"[{'category': 'Computer Science', 'source': 's2-fos-model'}]"
Human Centered AI for Research Ethics and Transparency,Tatiana Chakravorti,2025,"Proceedings of the AAAI/ACM Conference on AI, Ethics, and Society",10.1609/aies.v8i3.36769,https://www.semanticscholar.org/paper/090464061cb458efeedb67e187a81957fde2caf3,0,090464061cb458efeedb67e187a81957fde2caf3,,"[{'category': 'Computer Science', 'source': 's2-fos-model'}, {'category': 'Medicine', 'source': 's2-fos-model'}, {'category': 'Philosophy', 'source': 's2-fos-model'}]"
The Dilemmas of Moral Autonomy in the Transfer of Human Consciousness to AI,Denis Chiriac,2025,"Proceedings of the AAAI/ACM Conference on AI, Ethics, and Society",10.1609/aies.v8i3.36770,https://www.semanticscholar.org/paper/f20d4385fa7afcdf6e34614498c9e4816306a869,0,f20d4385fa7afcdf6e34614498c9e4816306a869,,"[{'category': 'Philosophy', 'source': 's2-fos-model'}, {'category': 'Computer Science', 'source': 's2-fos-model'}]"
Beyond Templates: Understanding and Addressing Human-AI Interaction Harms Through Practitioners' Assumptions,Julia De Miguel Velázquez,2025,"Proceedings of the AAAI/ACM Conference on AI, Ethics, and Society",10.1609/aies.v8i3.36771,https://www.semanticscholar.org/paper/457a39df09ff528c229ea824a2ceb6745ae6f43f,0,457a39df09ff528c229ea824a2ceb6745ae6f43f,,"[{'category': 'Computer Science', 'source': 's2-fos-model'}]"
Deploying AI in Uncertain Environments: A Technical Limitation or a Human Characteristic?,M. Elliott,2025,"Proceedings of the AAAI/ACM Conference on AI, Ethics, and Society",10.1609/aies.v8i3.36772,https://www.semanticscholar.org/paper/a8c97ee21d5cef913ecd5bb5f401ae34af35fc69,0,a8c97ee21d5cef913ecd5bb5f401ae34af35fc69,,"[{'category': 'Computer Science', 'source': 's2-fos-model'}, {'category': 'Political Science', 'source': 's2-fos-model'}]"
A Survey of Large Language Model Use and Its Technical Limitations in Military Systems Through a Decolonial Lens (Extended Abstract),Sonia Fereidooni,2025,"Proceedings of the AAAI/ACM Conference on AI, Ethics, and Society",10.1609/aies.v8i3.36773,https://www.semanticscholar.org/paper/e890891bd6032b5e93ac7fb67b8689626392edba,0,e890891bd6032b5e93ac7fb67b8689626392edba,,"[{'category': 'Political Science', 'source': 's2-fos-model'}, {'category': 'Linguistics', 'source': 's2-fos-model'}]"
Towards Responsible AI Governance in the Brazilian Judiciary,Bruno Fonseca,2025,"Proceedings of the AAAI/ACM Conference on AI, Ethics, and Society",10.1609/aies.v8i3.36774,https://www.semanticscholar.org/paper/22f56983fe1da1f28218db9d1f89e4ae159bab4a,0,22f56983fe1da1f28218db9d1f89e4ae159bab4a,,"[{'category': 'Law', 'source': 's2-fos-model'}, {'category': 'Computer Science', 'source': 's2-fos-model'}, {'category': 'Political Science', 'source': 's2-fos-model'}]"
Improvising Accountability: The Everyday Governance Work of Responsible AI in the Public Sector,Ana Gagua,2025,"Proceedings of the AAAI/ACM Conference on AI, Ethics, and Society",10.1609/aies.v8i3.36775,https://www.semanticscholar.org/paper/8a935dcaeeab162090a747cbccd7b70f69d6ca9c,0,8a935dcaeeab162090a747cbccd7b70f69d6ca9c,,"[{'category': 'Computer Science', 'source': 's2-fos-model'}, {'category': 'Political Science', 'source': 's2-fos-model'}, {'category': 'Sociology', 'source': 's2-fos-model'}]"
From Model Multiplicity to Prompt Multiplicity: Emerging Arbitrariness Concerns in the Age of Generative AI,Prakhar Ganesh,2025,"Proceedings of the AAAI/ACM Conference on AI, Ethics, and Society",10.1609/aies.v8i3.36776,https://www.semanticscholar.org/paper/26be51a0f0f12b16d0ca15ab4377a0807d54c5a7,0,26be51a0f0f12b16d0ca15ab4377a0807d54c5a7,,"[{'category': 'Computer Science', 'source': 's2-fos-model'}, {'category': 'Law', 'source': 's2-fos-model'}, {'category': 'Linguistics', 'source': 's2-fos-model'}]"
AI Ethics in Cyborg Anthropology: Examining AI-Driven Job Displacement Among Women and Marginalized Groups,Tessina Grant Moloney,2025,"Proceedings of the AAAI/ACM Conference on AI, Ethics, and Society",10.1609/aies.v8i3.36777,https://www.semanticscholar.org/paper/d52582d1da8fc8ab67c37f05e40789b281d21711,0,d52582d1da8fc8ab67c37f05e40789b281d21711,,"[{'category': 'Computer Science', 'source': 's2-fos-model'}, {'category': 'Sociology', 'source': 's2-fos-model'}]"
Regulatory Policies on Ethics Evaluations for Large-Scale AI Systems,Neha R. Gupta,2025,"Proceedings of the AAAI/ACM Conference on AI, Ethics, and Society",10.1609/aies.v8i3.36778,https://www.semanticscholar.org/paper/3b17a9b1569d43b2434eaa2cc4d5d1654ce6fa8c,0,3b17a9b1569d43b2434eaa2cc4d5d1654ce6fa8c,,"[{'category': 'Computer Science', 'source': 's2-fos-model'}, {'category': 'Law', 'source': 's2-fos-model'}]"
Fairness in Social Media Platforms: Modeling Behavior and Designing Interventions,Salima Jaoua,2025,"Proceedings of the AAAI/ACM Conference on AI, Ethics, and Society",10.1609/aies.v8i3.36780,https://www.semanticscholar.org/paper/5f92ebf7164acf8ebdaa8854ac01658c63bd26bd,0,5f92ebf7164acf8ebdaa8854ac01658c63bd26bd,,"[{'category': 'Computer Science', 'source': 's2-fos-model'}, {'category': 'Psychology', 'source': 's2-fos-model'}]"
Critical Explorations on the Socio-Ethical Implications of Creative AI for Artists,Anna-Kaisa Kaila,2025,"Proceedings of the AAAI/ACM Conference on AI, Ethics, and Society",10.1609/aies.v8i3.36781,https://www.semanticscholar.org/paper/575d96775880f61dc5205278b8c005cd9a166b4d,0,575d96775880f61dc5205278b8c005cd9a166b4d,,"[{'category': 'Art', 'source': 's2-fos-model'}, {'category': 'Sociology', 'source': 's2-fos-model'}, {'category': 'Philosophy', 'source': 's2-fos-model'}]"
FATE-Compliant ML Architecture with Blockchain-Verifiable Auditing: A Governance Framework for Ethical Compliance in FinTech,Samah S. Kareem,2025,"Proceedings of the AAAI/ACM Conference on AI, Ethics, and Society",10.1609/aies.v8i3.36782,https://www.semanticscholar.org/paper/f314d340921bc5738567b577cb8c64ab70075cd7,0,f314d340921bc5738567b577cb8c64ab70075cd7,,"[{'category': 'Computer Science', 'source': 's2-fos-model'}, {'category': 'Business', 'source': 's2-fos-model'}, {'category': 'Law', 'source': 's2-fos-model'}]"
Governing AI Proactively: Cooperative Models of Anticipation and Accountability,Jared Katzman,2025,"Proceedings of the AAAI/ACM Conference on AI, Ethics, and Society",10.1609/aies.v8i3.36783,https://www.semanticscholar.org/paper/23f1f48af60daa1b43c20c81e150dbd943129660,0,23f1f48af60daa1b43c20c81e150dbd943129660,,"[{'category': 'Computer Science', 'source': 's2-fos-model'}, {'category': 'Sociology', 'source': 's2-fos-model'}, {'category': 'Political Science', 'source': 's2-fos-model'}]"
Algorithmic Recourse,Kshitij Kayastha,2025,"Proceedings of the AAAI/ACM Conference on AI, Ethics, and Society",10.1609/aies.v8i3.36784,https://www.semanticscholar.org/paper/92a5194234317055d52acfcf502260883bd5c73f,3,92a5194234317055d52acfcf502260883bd5c73f,,"[{'category': 'Computer Science', 'source': 's2-fos-model'}, {'category': 'Philosophy', 'source': 's2-fos-model'}]"
The Design and Analysis of Algorithmic Vaccine Allocation Frameworks,Jeffrey Keithley,2025,"Proceedings of the AAAI/ACM Conference on AI, Ethics, and Society",10.1609/aies.v8i3.36785,https://www.semanticscholar.org/paper/fbf9fe92538d0a3844725d5e5d1fc45ee2cfbfb7,0,fbf9fe92538d0a3844725d5e5d1fc45ee2cfbfb7,,"[{'category': 'Computer Science', 'source': 's2-fos-model'}, {'category': 'Medicine', 'source': 's2-fos-model'}]"
Binary Optics: Colonial Classification of Trans Lives in Algorithmic Technologies,Christoffer Koch Andersen,2025,"Proceedings of the AAAI/ACM Conference on AI, Ethics, and Society",10.1609/aies.v8i3.36786,https://www.semanticscholar.org/paper/4f3e509631f5fc57af5bf19405598521ccfd0de1,0,4f3e509631f5fc57af5bf19405598521ccfd0de1,,"[{'category': 'Philosophy', 'source': 's2-fos-model'}, {'category': 'Sociology', 'source': 's2-fos-model'}]"
Voice AI and Hermeneutical Injustice at the Border,Suvradip Maitra,2025,"Proceedings of the AAAI/ACM Conference on AI, Ethics, and Society",10.1609/aies.v8i3.36787,https://www.semanticscholar.org/paper/4bbb09a2daf99533647e4497ad9f87665e63daec,0,4bbb09a2daf99533647e4497ad9f87665e63daec,,"[{'category': 'Sociology', 'source': 's2-fos-model'}, {'category': 'Political Science', 'source': 's2-fos-model'}, {'category': 'Law', 'source': 's2-fos-model'}]"
Leveraging AI and ESG to Combat Corporate Corruption: An Integrated Framework,Oludolapo Makinde,2025,"Proceedings of the AAAI/ACM Conference on AI, Ethics, and Society",10.1609/aies.v8i3.36788,https://www.semanticscholar.org/paper/8d4bbdb3d15caf8d6f749902d173cdc20dee2abd,0,8d4bbdb3d15caf8d6f749902d173cdc20dee2abd,,"[{'category': 'Business', 'source': 's2-fos-model'}, {'category': 'Political Science', 'source': 's2-fos-model'}, {'category': 'Computer Science', 'source': 's2-fos-model'}]"
Predictability in Autonomous Driving Systems,Félix Martí-Pérez,2025,"Proceedings of the AAAI/ACM Conference on AI, Ethics, and Society",10.1609/aies.v8i3.36789,https://www.semanticscholar.org/paper/9045c992233fc9343740e4e114dd7245ded29879,0,9045c992233fc9343740e4e114dd7245ded29879,,"[{'category': 'Computer Science', 'source': 's2-fos-model'}, {'category': 'Engineering', 'source': 's2-fos-model'}]"
How Can Large Language Models Be More Reliable?,Yael Moros Daval,2025,"Proceedings of the AAAI/ACM Conference on AI, Ethics, and Society",10.1609/aies.v8i3.36790,https://www.semanticscholar.org/paper/214a48a1c9953c04b39bdb8fd198f97a0610d114,0,214a48a1c9953c04b39bdb8fd198f97a0610d114,,"[{'category': 'Computer Science', 'source': 's2-fos-model'}]"
Human Models for Planning Behavioral Interventions with Reinforcement Learning,Eura Nofshin,2025,"Proceedings of the AAAI/ACM Conference on AI, Ethics, and Society",10.1609/aies.v8i3.36791,https://www.semanticscholar.org/paper/14044ca864bb620d2ee072c2ecb817e7a26c86b3,0,14044ca864bb620d2ee072c2ecb817e7a26c86b3,,"[{'category': 'Computer Science', 'source': 's2-fos-model'}, {'category': 'Psychology', 'source': 's2-fos-model'}]"
"Machine Legibility and Epistemic Governance in Malaysia’s Smart Cities: A Postcolonial Analysis of Algorithmic Knowledge, Identity, and State Power",Hesam Nourooz Pour,2025,"Proceedings of the AAAI/ACM Conference on AI, Ethics, and Society",10.1609/aies.v8i3.36792,https://www.semanticscholar.org/paper/83fd7539c736fb6629f30e37f6a1f3f32d479841,0,83fd7539c736fb6629f30e37f6a1f3f32d479841,,"[{'category': 'Computer Science', 'source': 's2-fos-model'}, {'category': 'Political Science', 'source': 's2-fos-model'}, {'category': 'Sociology', 'source': 's2-fos-model'}, {'category': 'Law', 'source': 's2-fos-model'}]"
"Beyond Automation: Understanding Fairness, Ethics, and Human Discretion in AI-driven Societal Decisions",Gaurab Pokharel,2025,"Proceedings of the AAAI/ACM Conference on AI, Ethics, and Society",10.1609/aies.v8i3.36793,https://www.semanticscholar.org/paper/b636340298f64bad0bdb08b0ae6511b3c2a16b3e,1,b636340298f64bad0bdb08b0ae6511b3c2a16b3e,,"[{'category': 'Computer Science', 'source': 's2-fos-model'}, {'category': 'Sociology', 'source': 's2-fos-model'}, {'category': 'Philosophy', 'source': 's2-fos-model'}]"
Precedent-Based Professional Role Ethics for AI Decision Analysis,Christopher Rauch,2025,"Proceedings of the AAAI/ACM Conference on AI, Ethics, and Society",10.1609/aies.v8i3.36794,https://www.semanticscholar.org/paper/04104b0a57ea38fe09ed396c5aac959d19f1bcbd,0,04104b0a57ea38fe09ed396c5aac959d19f1bcbd,,"[{'category': 'Computer Science', 'source': 's2-fos-model'}, {'category': 'Law', 'source': 's2-fos-model'}]"
Auditing and Validating Fairness and Ethics in Machine Learning Systems,Disa Sariola,2025,"Proceedings of the AAAI/ACM Conference on AI, Ethics, and Society",10.1609/aies.v8i3.36795,https://www.semanticscholar.org/paper/3245cf52b2412d36eb26380c61b63a04d62b249b,0,3245cf52b2412d36eb26380c61b63a04d62b249b,,"[{'category': 'Computer Science', 'source': 's2-fos-model'}, {'category': 'Philosophy', 'source': 's2-fos-model'}, {'category': 'Law', 'source': 's2-fos-model'}]"
Resistance to Change as a Diagnostic Insight: An Interdisciplinary Examination of Stakeholder Opposition to AI in Primary Care,Teresa Sides,2025,"Proceedings of the AAAI/ACM Conference on AI, Ethics, and Society",10.1609/aies.v8i3.36796,https://www.semanticscholar.org/paper/79ab812fe469c43ae35a8f1fb7cb4d4bcb0e94d2,0,79ab812fe469c43ae35a8f1fb7cb4d4bcb0e94d2,,"[{'category': 'Medicine', 'source': 's2-fos-model'}, {'category': 'Sociology', 'source': 's2-fos-model'}, {'category': 'Computer Science', 'source': 's2-fos-model'}]"
Bridging Liability Gaps in the Age of AI: The Case for No-Fault Compensation Schemes,Ha-Chi Tran,2025,"Proceedings of the AAAI/ACM Conference on AI, Ethics, and Society",10.1609/aies.v8i3.36797,https://www.semanticscholar.org/paper/24a4e0078a4e2b157906f29af549e94c87eccc21,0,24a4e0078a4e2b157906f29af549e94c87eccc21,,"[{'category': 'Law', 'source': 's2-fos-model'}, {'category': 'Computer Science', 'source': 's2-fos-model'}]"
To Regulate or to Be Regulated? – How to Protect the ‘Freedom of Mind’ Against Emotional AI Surveillance,Öznur Uğuz,2025,"Proceedings of the AAAI/ACM Conference on AI, Ethics, and Society",10.1609/aies.v8i3.36798,https://www.semanticscholar.org/paper/27379b0f7f989b26eeea6af78f8c0d4b4099f3c8,0,27379b0f7f989b26eeea6af78f8c0d4b4099f3c8,,"[{'category': 'Law', 'source': 's2-fos-model'}, {'category': 'Computer Science', 'source': 's2-fos-model'}, {'category': 'Political Science', 'source': 's2-fos-model'}, {'category': 'Philosophy', 'source': 's2-fos-model'}]"
Platform Vernaculars: How AI Image Generators Create New Forms of Visual Bias,Jinu K. Varghese,2025,"Proceedings of the AAAI/ACM Conference on AI, Ethics, and Society",10.1609/aies.v8i3.36799,https://www.semanticscholar.org/paper/277ca044f5a77dee21c24d30151ae8ab72772135,0,277ca044f5a77dee21c24d30151ae8ab72772135,,"[{'category': 'Computer Science', 'source': 's2-fos-model'}]"
Between Code and Creed: Islamic Ethical In-Betweenness on AI in Indonesia,Daphne Wong-A-Foe,2025,"Proceedings of the AAAI/ACM Conference on AI, Ethics, and Society",10.1609/aies.v8i3.36800,https://www.semanticscholar.org/paper/0117318ca2d2fac88d0799e0512fbce2c04395b4,0,0117318ca2d2fac88d0799e0512fbce2c04395b4,,"[{'category': 'Computer Science', 'source': 's2-fos-model'}, {'category': 'Sociology', 'source': 's2-fos-model'}]"
AI Contextual Framework: A Zoning Approach to Ethical AI Deployment,Yao Xie,2025,"Proceedings of the AAAI/ACM Conference on AI, Ethics, and Society",10.1609/aies.v8i3.36801,https://www.semanticscholar.org/paper/9987a3fe6dd157cd815b93b3682b008c00665fb2,0,9987a3fe6dd157cd815b93b3682b008c00665fb2,,"[{'category': 'Computer Science', 'source': 's2-fos-model'}, {'category': 'Philosophy', 'source': 's2-fos-model'}, {'category': 'Political Science', 'source': 's2-fos-model'}]"
"On the Computational, Informational, and Physical Foundations for AI Safety",Robin Young,2025,"Proceedings of the AAAI/ACM Conference on AI, Ethics, and Society",10.1609/aies.v8i3.36802,https://www.semanticscholar.org/paper/0d751f998bffb1709c0d0b2ca0fdcc0fdf78334f,0,0d751f998bffb1709c0d0b2ca0fdcc0fdf78334f,,"[{'category': 'Computer Science', 'source': 's2-fos-model'}, {'category': 'Engineering', 'source': 's2-fos-model'}]"
Safe and Explainable Machine Learning for High-Impact Decisions,Khadija Zanna,2025,"Proceedings of the AAAI/ACM Conference on AI, Ethics, and Society",10.1609/aies.v8i3.36803,https://www.semanticscholar.org/paper/0cfdb91c18d7e205f96a2215aa62f3bdd51a320b,0,0cfdb91c18d7e205f96a2215aa62f3bdd51a320b,,"[{'category': 'Computer Science', 'source': 's2-fos-model'}, {'category': 'Law', 'source': 's2-fos-model'}]"
